result_path,n,unique_clips,invalid_rows,clip_set_sha256,ade,min_ade,status,run_dir,run_id,checkpoint,checkpoint_exists,epoch,head,nfe,dataset_class,dataset_root,clip_filter,annotations,chunks,cameras,timing,route_in_prompt,camera_ids,frame_numbers,expert_source,eval_model_config,model_target,config_source,log_source,notes
/data/achahe/alpamayo-recipes/recipes/alpamayo1_5_distill/training/camsweep/b2c2cam_step1000_2cam.json,1000,1000,0,f95d4401b398e6f65b388822bc500b0d2c7454d9e700512f789b6299ce7e7da4,8.102669063925743,3.9931866740509867,excluded: checkpoint below one epoch,/data/achahe/alpamayo-recipes/recipes/alpamayo1_5_distill/training/output_kd_2b_block2b2cam_lcdrive,output_kd_2b_block2b2cam_lcdrive,/data/achahe/alpamayo-recipes/recipes/alpamayo1_5_distill/training/output_kd_2b_block2b2cam_lcdrive/checkpoint-1000,True,0.8343763037129746,action expert,10 (default; verify),alpamayo.data.pai.PAIDataset,/data/datasets/physical_ai_av/,/data/datasets/physical_ai_av/lcdrive_physicalai_av_manifests/lcdrive_val_mysubset_1k_clip_uuids.txt,,0-3146,"[1, 3]",default keyframe,False,True,True,/data/achahe/alpasim/huggingface/hub/models--nvidia--Alpamayo-1.5-10B-A1-format,"{""_target_"": ""alpamayo1_5_distill.models.stitched_model.StitchedAlpamayoR1.from_stitch"", ""alpamayo_config_path"": ""/data/achahe/alpasim/huggingface/hub/models--nvidia--Alpamayo-1.5-10B-A1-format"", ""attn_implementation"": ""sdpa"", ""checkpoint_path"": ""/data/achahe/alpamayo-recipes/recipes/alpamayo1_5_distill/training/output_kd_2b_block2b2cam_lcdrive/checkpoint-1000"", ""teacher_checkpoint_path"": ""/data/achahe/alpasim/huggingface/hub/models--nvidia--Alpamayo-1.5-10B-A1-format"", ""vlm_name_or_path"": ""/data/achahe/alpasim/huggingface/hub/Cosmos-Reason2-2B""}",alpamayo1_5_distill.models.stitched_model.StitchedAlpamayoR1.from_stitch,/home/achahe/alpamayo-recipes/recipes/alpamayo1_5_distill/outputs/2026-08-20/12-00-42/.hydra/config.yaml,,
/data/achahe/alpamayo-recipes/recipes/alpamayo1_5_distill/training/camsweep/b2c2cam_step2000_2cam.json,1000,1000,0,f95d4401b398e6f65b388822bc500b0d2c7454d9e700512f789b6299ce7e7da4,6.29267172601074,2.734812872087583,included,/data/achahe/alpamayo-recipes/recipes/alpamayo1_5_distill/training/output_kd_2b_block2b2cam_lcdrive,output_kd_2b_block2b2cam_lcdrive,/data/achahe/alpamayo-recipes/recipes/alpamayo1_5_distill/training/output_kd_2b_block2b2cam_lcdrive/checkpoint-2000,True,1.6683354192740927,action expert,10 (default; verify),alpamayo.data.pai.PAIDataset,/data/datasets/physical_ai_av/,/data/datasets/physical_ai_av/lcdrive_physicalai_av_manifests/lcdrive_val_mysubset_1k_clip_uuids.txt,,0-3146,"[1, 3]",default keyframe,False,True,True,/data/achahe/alpasim/huggingface/hub/models--nvidia--Alpamayo-1.5-10B-A1-format,"{""_target_"": ""alpamayo1_5_distill.models.stitched_model.StitchedAlpamayoR1.from_stitch"", ""alpamayo_config_path"": ""/data/achahe/alpasim/huggingface/hub/models--nvidia--Alpamayo-1.5-10B-A1-format"", ""attn_implementation"": ""sdpa"", ""checkpoint_path"": ""/data/achahe/alpamayo-recipes/recipes/alpamayo1_5_distill/training/output_kd_2b_block2b2cam_lcdrive/checkpoint-2000"", ""teacher_checkpoint_path"": ""/data/achahe/alpasim/huggingface/hub/models--nvidia--Alpamayo-1.5-10B-A1-format"", ""vlm_name_or_path"": ""/data/achahe/alpasim/huggingface/hub/Cosmos-Reason2-2B""}",alpamayo1_5_distill.models.stitched_model.StitchedAlpamayoR1.from_stitch,/home/achahe/alpamayo-recipes/recipes/alpamayo1_5_distill/outputs/2026-08-20/15-48-00/.hydra/config.yaml,/data/achahe/alpamayo-recipes/recipes/alpamayo1_5_distill/training/eval_b2c_2000.log,Protocol inferred from sibling config; checkpoint verified in launch log
/data/achahe/alpamayo-recipes/recipes/alpamayo1_5_distill/training/camsweep/b2c2cam_step2500_2cam.json,1000,1000,0,f95d4401b398e6f65b388822bc500b0d2c7454d9e700512f789b6299ce7e7da4,5.466911435127258,2.7290866699852048,included,/data/achahe/alpamayo-recipes/recipes/alpamayo1_5_distill/training/output_kd_2b_block2b2cam_lcdrive,output_kd_2b_block2b2cam_lcdrive,/data/achahe/alpamayo-recipes/recipes/alpamayo1_5_distill/training/output_kd_2b_block2b2cam_lcdrive/checkpoint-2500,True,2.0851063829787235,action expert,10 (default; verify),alpamayo.data.pai.PAIDataset,/data/datasets/physical_ai_av/,/data/datasets/physical_ai_av/lcdrive_physicalai_av_manifests/lcdrive_val_mysubset_1k_clip_uuids.txt,,0-3146,"[1, 3]",default keyframe,False,True,True,/data/achahe/alpasim/huggingface/hub/models--nvidia--Alpamayo-1.5-10B-A1-format,"{""_target_"": ""alpamayo1_5_distill.models.stitched_model.StitchedAlpamayoR1.from_stitch"", ""alpamayo_config_path"": ""/data/achahe/alpasim/huggingface/hub/models--nvidia--Alpamayo-1.5-10B-A1-format"", ""attn_implementation"": ""sdpa"", ""checkpoint_path"": ""/data/achahe/alpamayo-recipes/recipes/alpamayo1_5_distill/training/output_kd_2b_block2b2cam_lcdrive/checkpoint-2500"", ""teacher_checkpoint_path"": ""/data/achahe/alpasim/huggingface/hub/models--nvidia--Alpamayo-1.5-10B-A1-format"", ""vlm_name_or_path"": ""/data/achahe/alpasim/huggingface/hub/Cosmos-Reason2-2B""}",alpamayo1_5_distill.models.stitched_model.StitchedAlpamayoR1.from_stitch,/home/achahe/alpamayo-recipes/recipes/alpamayo1_5_distill/outputs/2026-08-20/15-48-00/.hydra/config.yaml,,
/data/achahe/alpamayo-recipes/recipes/alpamayo1_5_distill/training/camsweep/b2c2cam_step3597_2cam.json,1000,1000,0,f95d4401b398e6f65b388822bc500b0d2c7454d9e700512f789b6299ce7e7da4,6.480323334477842,2.560305589031428,included,/data/achahe/alpamayo-recipes/recipes/alpamayo1_5_distill/training/output_kd_2b_block2b2cam_lcdrive,output_kd_2b_block2b2cam_lcdrive,/data/achahe/alpamayo-recipes/recipes/alpamayo1_5_distill/training/output_kd_2b_block2b2cam_lcdrive/checkpoint-3597,True,3.0,action expert,10 (default; verify),alpamayo.data.pai.PAIDataset,/data/datasets/physical_ai_av/,/data/datasets/physical_ai_av/lcdrive_physicalai_av_manifests/lcdrive_val_mysubset_1k_clip_uuids.txt,,0-3146,"[1, 3]",default keyframe,False,True,True,/data/achahe/alpasim/huggingface/hub/models--nvidia--Alpamayo-1.5-10B-A1-format,"{""_target_"": ""alpamayo1_5_distill.models.stitched_model.StitchedAlpamayoR1.from_stitch"", ""alpamayo_config_path"": ""/data/achahe/alpasim/huggingface/hub/models--nvidia--Alpamayo-1.5-10B-A1-format"", ""attn_implementation"": ""sdpa"", ""checkpoint_path"": ""/data/achahe/alpamayo-recipes/recipes/alpamayo1_5_distill/training/output_kd_2b_block2b2cam_lcdrive/checkpoint-3597"", ""teacher_checkpoint_path"": ""/data/achahe/alpasim/huggingface/hub/models--nvidia--Alpamayo-1.5-10B-A1-format"", ""vlm_name_or_path"": ""/data/achahe/alpasim/huggingface/hub/Cosmos-Reason2-2B""}",alpamayo1_5_distill.models.stitched_model.StitchedAlpamayoR1.from_stitch,/home/achahe/alpamayo-recipes/recipes/alpamayo1_5_distill/outputs/2026-08-21/10-12-49/.hydra/config.yaml,,
/data/achahe/alpamayo-recipes/recipes/alpamayo1_5_distill/training/camsweep/eos2b_1cam.json,1000,1000,0,f95d4401b398e6f65b388822bc500b0d2c7454d9e700512f789b6299ce7e7da4,9.66777511009574,4.988620917670429,included,/data/achahe/alpamayo-recipes/recipes/alpamayo1_5_distill/training/output_eos_2b_lcdrive,output_eos_2b_lcdrive,/data/achahe/alpamayo-recipes/recipes/alpamayo1_5_distill/training/output_eos_2b_lcdrive/checkpoint-1598,True,1.0,action expert,10 (default; verify),alpamayo.data.pai.PAIDataset,/data/datasets/physical_ai_av/,/data/datasets/physical_ai_av/lcdrive_physicalai_av_manifests/lcdrive_val_mysubset_1k_clip_uuids.txt,,0-3146,[1],default keyframe,False,True,True,/data/achahe/alpamayo-recipes/recipes/alpamayo1_5_distill/training/output_eos_2b_lcdrive/checkpoint-1598,"{""_target_"": ""alpamayo1_5_distill.models.stitched_model.StitchedAlpamayoR1.from_stitch"", ""alpamayo_config_path"": ""/data/achahe/alpasim/huggingface/hub/models--nvidia--Alpamayo-1.5-10B-A1-format"", ""attn_implementation"": ""sdpa"", ""checkpoint_path"": ""/data/achahe/alpamayo-recipes/recipes/alpamayo1_5_distill/training/output_eos_2b_lcdrive/checkpoint-1598"", ""teacher_checkpoint_path"": ""/data/achahe/alpamayo-recipes/recipes/alpamayo1_5_distill/training/output_eos_2b_lcdrive/checkpoint-1598"", ""vlm_name_or_path"": ""/data/achahe/alpasim/huggingface/hub/Cosmos-Reason2-2B""}",alpamayo1_5_distill.models.stitched_model.StitchedAlpamayoR1.from_stitch,/home/achahe/alpamayo-recipes/recipes/alpamayo1_5_distill/outputs/2026-08-19/17-32-06/.hydra/config.yaml,,
/data/achahe/alpamayo-recipes/recipes/alpamayo1_5_distill/training/camsweep/eos2b_2cam.json,1000,1000,0,f95d4401b398e6f65b388822bc500b0d2c7454d9e700512f789b6299ce7e7da4,4.879770283091814,2.786128325490281,included,/data/achahe/alpamayo-recipes/recipes/alpamayo1_5_distill/training/output_eos_2b_lcdrive,output_eos_2b_lcdrive,/data/achahe/alpamayo-recipes/recipes/alpamayo1_5_distill/training/output_eos_2b_lcdrive/checkpoint-1598,True,1.0,action expert,10 (default; verify),alpamayo.data.pai.PAIDataset,/data/datasets/physical_ai_av/,/data/datasets/physical_ai_av/lcdrive_physicalai_av_manifests/lcdrive_val_mysubset_1k_clip_uuids.txt,,0-3146,"[1, 3]",default keyframe,False,True,True,/data/achahe/alpamayo-recipes/recipes/alpamayo1_5_distill/training/output_eos_2b_lcdrive/checkpoint-1598,"{""_target_"": ""alpamayo1_5_distill.models.stitched_model.StitchedAlpamayoR1.from_stitch"", ""alpamayo_config_path"": ""/data/achahe/alpasim/huggingface/hub/models--nvidia--Alpamayo-1.5-10B-A1-format"", ""attn_implementation"": ""sdpa"", ""checkpoint_path"": ""/data/achahe/alpamayo-recipes/recipes/alpamayo1_5_distill/training/output_eos_2b_lcdrive/checkpoint-1598"", ""teacher_checkpoint_path"": ""/data/achahe/alpamayo-recipes/recipes/alpamayo1_5_distill/training/output_eos_2b_lcdrive/checkpoint-1598"", ""vlm_name_or_path"": ""/data/achahe/alpasim/huggingface/hub/Cosmos-Reason2-2B""}",alpamayo1_5_distill.models.stitched_model.StitchedAlpamayoR1.from_stitch,/home/achahe/alpamayo-recipes/recipes/alpamayo1_5_distill/outputs/2026-08-19/17-25-23/.hydra/config.yaml,,
/data/achahe/alpamayo-recipes/recipes/alpamayo1_5_distill/training/camsweep/eos2b_3cam.json,1000,1000,0,f95d4401b398e6f65b388822bc500b0d2c7454d9e700512f789b6299ce7e7da4,4.186340587686748,2.4470239714472553,included,/data/achahe/alpamayo-recipes/recipes/alpamayo1_5_distill/training/output_eos_2b_lcdrive,output_eos_2b_lcdrive,/data/achahe/alpamayo-recipes/recipes/alpamayo1_5_distill/training/output_eos_2b_lcdrive/checkpoint-1598,True,1.0,action expert,10 (default; verify),alpamayo.data.pai.PAIDataset,/data/datasets/physical_ai_av/,/data/datasets/physical_ai_av/lcdrive_physicalai_av_manifests/lcdrive_val_mysubset_1k_clip_uuids.txt,,0-3146,"[0, 1, 2]",default keyframe,False,True,True,/data/achahe/alpamayo-recipes/recipes/alpamayo1_5_distill/training/output_eos_2b_lcdrive/checkpoint-1598,"{""_target_"": ""alpamayo1_5_distill.models.stitched_model.StitchedAlpamayoR1.from_stitch"", ""alpamayo_config_path"": ""/data/achahe/alpasim/huggingface/hub/models--nvidia--Alpamayo-1.5-10B-A1-format"", ""attn_implementation"": ""sdpa"", ""checkpoint_path"": ""/data/achahe/alpamayo-recipes/recipes/alpamayo1_5_distill/training/output_eos_2b_lcdrive/checkpoint-1598"", ""teacher_checkpoint_path"": ""/data/achahe/alpamayo-recipes/recipes/alpamayo1_5_distill/training/output_eos_2b_lcdrive/checkpoint-1598"", ""vlm_name_or_path"": ""/data/achahe/alpasim/huggingface/hub/Cosmos-Reason2-2B""}",alpamayo1_5_distill.models.stitched_model.StitchedAlpamayoR1.from_stitch,/home/achahe/alpamayo-recipes/recipes/alpamayo1_5_distill/outputs/2026-08-19/17-17-25/.hydra/config.yaml,,
/data/achahe/alpamayo-recipes/recipes/alpamayo1_5_distill/training/camsweep/eos2b_4cam.json,1000,1000,0,f95d4401b398e6f65b388822bc500b0d2c7454d9e700512f789b6299ce7e7da4,3.797953627588926,2.361149207194918,included,/data/achahe/alpamayo-recipes/recipes/alpamayo1_5_distill/training/output_eos_2b_lcdrive,output_eos_2b_lcdrive,/data/achahe/alpamayo-recipes/recipes/alpamayo1_5_distill/training/output_eos_2b_lcdrive/checkpoint-1598,True,1.0,action expert,10 (default; verify),alpamayo.data.pai.PAIDataset,/data/datasets/physical_ai_av/,/data/datasets/physical_ai_av/lcdrive_physicalai_av_manifests/lcdrive_val_mysubset_1k_clip_uuids.txt,,0-3146,"[0, 1, 2, 3]",default keyframe,False,True,True,/data/achahe/alpamayo-recipes/recipes/alpamayo1_5_distill/training/output_eos_2b_lcdrive/checkpoint-1598,"{""_target_"": ""alpamayo1_5_distill.models.stitched_model.StitchedAlpamayoR1.from_stitch"", ""alpamayo_config_path"": ""/data/achahe/alpasim/huggingface/hub/models--nvidia--Alpamayo-1.5-10B-A1-format"", ""attn_implementation"": ""sdpa"", ""checkpoint_path"": ""/data/achahe/alpamayo-recipes/recipes/alpamayo1_5_distill/training/output_eos_2b_lcdrive/checkpoint-1598"", ""teacher_checkpoint_path"": ""/data/achahe/alpamayo-recipes/recipes/alpamayo1_5_distill/training/output_eos_2b_lcdrive/checkpoint-1598"", ""vlm_name_or_path"": ""/data/achahe/alpasim/huggingface/hub/Cosmos-Reason2-2B""}",alpamayo1_5_distill.models.stitched_model.StitchedAlpamayoR1.from_stitch,/home/achahe/alpamayo-recipes/recipes/alpamayo1_5_distill/outputs/2026-08-19/17-08-29/.hydra/config.yaml,,
/data/achahe/alpamayo-recipes/recipes/alpamayo1_5_distill/training/camsweep/eos4b_1cam.json,1000,1000,0,f95d4401b398e6f65b388822bc500b0d2c7454d9e700512f789b6299ce7e7da4,4.7587756582647565,2.5844454553462564,included,/data/achahe/alpamayo-recipes/recipes/alpamayo1_5_distill/training/output_expert_on_student_lcdrive,output_expert_on_student_lcdrive,/data/achahe/alpamayo-recipes/recipes/alpamayo1_5_distill/training/output_expert_on_student_lcdrive/checkpoint-1598,True,1.0,action expert,10 (default; verify),alpamayo.data.pai.PAIDataset,/data/datasets/physical_ai_av/,/data/datasets/physical_ai_av/lcdrive_physicalai_av_manifests/lcdrive_val_mysubset_1k_clip_uuids.txt,,0-3146,[1],default keyframe,False,True,True,/data/achahe/alpamayo-recipes/recipes/alpamayo1_5_distill/training/output_expert_on_student_lcdrive/checkpoint-1598,"{""_target_"": ""alpamayo1_5_distill.models.stitched_model.StitchedAlpamayoR1.from_stitch"", ""alpamayo_config_path"": ""/data/achahe/alpasim/huggingface/hub/models--nvidia--Alpamayo-1.5-10B-A1-format"", ""attn_implementation"": ""sdpa"", ""checkpoint_path"": ""/data/achahe/alpamayo-recipes/recipes/alpamayo1_5_distill/training/output_expert_on_student_lcdrive/checkpoint-1598"", ""teacher_checkpoint_path"": ""/data/achahe/alpamayo-recipes/recipes/alpamayo1_5_distill/training/output_expert_on_student_lcdrive/checkpoint-1598"", ""vlm_name_or_path"": ""/data/achahe/alpasim/huggingface/hub/models--Qwen--Qwen3-VL-4B-Instruct/snapshots/ebb281ec70b05090aa6165b016eac8ec08e71b17""}",alpamayo1_5_distill.models.stitched_model.StitchedAlpamayoR1.from_stitch,/home/achahe/alpamayo-recipes/recipes/alpamayo1_5_distill/outputs/2026-08-19/17-16-41/.hydra/config.yaml,,
/data/achahe/alpamayo-recipes/recipes/alpamayo1_5_distill/training/camsweep/eos4b_2cam.json,1000,1000,0,f95d4401b398e6f65b388822bc500b0d2c7454d9e700512f789b6299ce7e7da4,3.2990254901926965,1.651188705953653,included,/data/achahe/alpamayo-recipes/recipes/alpamayo1_5_distill/training/output_expert_on_student_lcdrive,output_expert_on_student_lcdrive,/data/achahe/alpamayo-recipes/recipes/alpamayo1_5_distill/training/output_expert_on_student_lcdrive/checkpoint-1598,True,1.0,action expert,10 (default; verify),alpamayo.data.pai.PAIDataset,/data/datasets/physical_ai_av/,/data/datasets/physical_ai_av/lcdrive_physicalai_av_manifests/lcdrive_val_mysubset_1k_clip_uuids.txt,,0-3146,"[1, 3]",default keyframe,False,True,True,/data/achahe/alpamayo-recipes/recipes/alpamayo1_5_distill/training/output_expert_on_student_lcdrive/checkpoint-1598,"{""_target_"": ""alpamayo1_5_distill.models.stitched_model.StitchedAlpamayoR1.from_stitch"", ""alpamayo_config_path"": ""/data/achahe/alpasim/huggingface/hub/models--nvidia--Alpamayo-1.5-10B-A1-format"", ""attn_implementation"": ""sdpa"", ""checkpoint_path"": ""/data/achahe/alpamayo-recipes/recipes/alpamayo1_5_distill/training/output_expert_on_student_lcdrive/checkpoint-1598"", ""teacher_checkpoint_path"": ""/data/achahe/alpamayo-recipes/recipes/alpamayo1_5_distill/training/output_expert_on_student_lcdrive/checkpoint-1598"", ""vlm_name_or_path"": ""/data/achahe/alpasim/huggingface/hub/models--Qwen--Qwen3-VL-4B-Instruct/snapshots/ebb281ec70b05090aa6165b016eac8ec08e71b17""}",alpamayo1_5_distill.models.stitched_model.StitchedAlpamayoR1.from_stitch,/home/achahe/alpamayo-recipes/recipes/alpamayo1_5_distill/outputs/2026-08-19/17-17-46/.hydra/config.yaml,,
/data/achahe/alpamayo-recipes/recipes/alpamayo1_5_distill/training/camsweep/eos4b_3cam.json,1000,1000,0,f95d4401b398e6f65b388822bc500b0d2c7454d9e700512f789b6299ce7e7da4,3.565877994581824,2.0996520376009866,included,/data/achahe/alpamayo-recipes/recipes/alpamayo1_5_distill/training/output_expert_on_student_lcdrive,output_expert_on_student_lcdrive,/data/achahe/alpamayo-recipes/recipes/alpamayo1_5_distill/training/output_expert_on_student_lcdrive/checkpoint-1598,True,1.0,action expert,10 (default; verify),alpamayo.data.pai.PAIDataset,/data/datasets/physical_ai_av/,/data/datasets/physical_ai_av/lcdrive_physicalai_av_manifests/lcdrive_val_mysubset_1k_clip_uuids.txt,,0-3146,"[0, 1, 2]",default keyframe,False,True,True,/data/achahe/alpamayo-recipes/recipes/alpamayo1_5_distill/training/output_expert_on_student_lcdrive/checkpoint-1598,"{""_target_"": ""alpamayo1_5_distill.models.stitched_model.StitchedAlpamayoR1.from_stitch"", ""alpamayo_config_path"": ""/data/achahe/alpasim/huggingface/hub/models--nvidia--Alpamayo-1.5-10B-A1-format"", ""attn_implementation"": ""sdpa"", ""checkpoint_path"": ""/data/achahe/alpamayo-recipes/recipes/alpamayo1_5_distill/training/output_expert_on_student_lcdrive/checkpoint-1598"", ""teacher_checkpoint_path"": ""/data/achahe/alpamayo-recipes/recipes/alpamayo1_5_distill/training/output_expert_on_student_lcdrive/checkpoint-1598"", ""vlm_name_or_path"": ""/data/achahe/alpasim/huggingface/hub/models--Qwen--Qwen3-VL-4B-Instruct/snapshots/ebb281ec70b05090aa6165b016eac8ec08e71b17""}",alpamayo1_5_distill.models.stitched_model.StitchedAlpamayoR1.from_stitch,/home/achahe/alpamayo-recipes/recipes/alpamayo1_5_distill/outputs/2026-08-19/17-17-46/.hydra/config.yaml,/data/achahe/alpamayo-recipes/recipes/alpamayo1_5_distill/training/sw_eos4b_3cam.log,Protocol inferred from sibling config; checkpoint verified in launch log
/data/achahe/alpamayo-recipes/recipes/alpamayo1_5_distill/training/camsweep/eos4b_4cam.json,1000,1000,0,f95d4401b398e6f65b388822bc500b0d2c7454d9e700512f789b6299ce7e7da4,2.5666742539773697,1.4066427156792487,included,/data/achahe/alpamayo-recipes/recipes/alpamayo1_5_distill/training/output_expert_on_student_lcdrive,output_expert_on_student_lcdrive,/data/achahe/alpamayo-recipes/recipes/alpamayo1_5_distill/training/output_expert_on_student_lcdrive/checkpoint-1598,True,1.0,action expert,10 (default; verify),alpamayo.data.pai.PAIDataset,/data/datasets/physical_ai_av/,/data/datasets/physical_ai_av/lcdrive_physicalai_av_manifests/lcdrive_val_mysubset_1k_clip_uuids.txt,,0-3146,"[0, 1, 2, 3]",default keyframe,False,True,True,/data/achahe/alpamayo-recipes/recipes/alpamayo1_5_distill/training/output_expert_on_student_lcdrive/checkpoint-1598,"{""_target_"": ""alpamayo1_5_distill.models.stitched_model.StitchedAlpamayoR1.from_stitch"", ""alpamayo_config_path"": ""/data/achahe/alpasim/huggingface/hub/models--nvidia--Alpamayo-1.5-10B-A1-format"", ""attn_implementation"": ""sdpa"", ""checkpoint_path"": ""/data/achahe/alpamayo-recipes/recipes/alpamayo1_5_distill/training/output_expert_on_student_lcdrive/checkpoint-1598"", ""teacher_checkpoint_path"": ""/data/achahe/alpamayo-recipes/recipes/alpamayo1_5_distill/training/output_expert_on_student_lcdrive/checkpoint-1598"", ""vlm_name_or_path"": ""/data/achahe/alpasim/huggingface/hub/models--Qwen--Qwen3-VL-4B-Instruct/snapshots/ebb281ec70b05090aa6165b016eac8ec08e71b17""}",alpamayo1_5_distill.models.stitched_model.StitchedAlpamayoR1.from_stitch,/home/achahe/alpamayo-recipes/recipes/alpamayo1_5_distill/outputs/2026-08-19/17-17-46/.hydra/config.yaml,/data/achahe/alpamayo-recipes/recipes/alpamayo1_5_distill/training/sw_eos4b_4cam.log,Protocol inferred from sibling config; checkpoint verified in launch log
/data/achahe/alpamayo-recipes/recipes/alpamayo1_5_distill/training/camsweep/teacherPruneC_1cam.json,1000,1000,0,f95d4401b398e6f65b388822bc500b0d2c7454d9e700512f789b6299ce7e7da4,7.873163246706128,3.936311742436141,teacher / baseline reference,,,/data/achahe/alpasim/huggingface/hub/models--nvidia--Alpamayo-1.5-10B-A1-format,True,,action expert,10 (default; verify),alpamayo.data.pai.PAIDataset,/data/datasets/physical_ai_av/,/data/datasets/physical_ai_av/lcdrive_physicalai_av_manifests/lcdrive_val_mysubset_1k_clip_uuids.txt,,0-3146,[1],default keyframe,False,True,True,/data/achahe/alpasim/huggingface/hub/models--nvidia--Alpamayo-1.5-10B-A1-format,"{""_target_"": ""alpamayo1_5_distill.models.stitched_model.StitchedAlpamayoR1.from_teacher"", ""alpamayo_config_path"": ""/data/achahe/alpasim/huggingface/hub/models--nvidia--Alpamayo-1.5-10B-A1-format"", ""attn_implementation"": ""sdpa"", ""checkpoint_path"": ""/data/achahe/alpasim/huggingface/hub/models--nvidia--Alpamayo-1.5-10B-A1-format"", ""teacher_checkpoint_path"": ""/data/achahe/alpasim/huggingface/hub/models--nvidia--Alpamayo-1.5-10B-A1-format"", ""vlm_name_or_path"": ""/data/achahe/alpasim/huggingface/hub/models--nvidia--Cosmos-Reason2-8B/snapshots/a9fae2cf89dc64db96b12860417f0eb403013bb9""}",alpamayo1_5_distill.models.stitched_model.StitchedAlpamayoR1.from_teacher,/home/achahe/alpamayo-recipes/recipes/alpamayo1_5_distill/outputs/2026-08-19/16-45-14/.hydra/config.yaml,,
/data/achahe/alpamayo-recipes/recipes/alpamayo1_5_distill/training/camsweep/teacherPruneC_2cam.json,1000,1000,0,f95d4401b398e6f65b388822bc500b0d2c7454d9e700512f789b6299ce7e7da4,2.424135418904945,1.1870625330512412,teacher / baseline reference,,,/data/achahe/alpasim/huggingface/hub/models--nvidia--Alpamayo-1.5-10B-A1-format,True,,action expert,10 (default; verify),alpamayo.data.pai.PAIDataset,/data/datasets/physical_ai_av/,/data/datasets/physical_ai_av/lcdrive_physicalai_av_manifests/lcdrive_val_mysubset_1k_clip_uuids.txt,,0-3146,"[1, 3]",default keyframe,False,True,True,/data/achahe/alpasim/huggingface/hub/models--nvidia--Alpamayo-1.5-10B-A1-format,"{""_target_"": ""alpamayo1_5_distill.models.stitched_model.StitchedAlpamayoR1.from_teacher"", ""alpamayo_config_path"": ""/data/achahe/alpasim/huggingface/hub/models--nvidia--Alpamayo-1.5-10B-A1-format"", ""attn_implementation"": ""sdpa"", ""checkpoint_path"": ""/data/achahe/alpasim/huggingface/hub/models--nvidia--Alpamayo-1.5-10B-A1-format"", ""teacher_checkpoint_path"": ""/data/achahe/alpasim/huggingface/hub/models--nvidia--Alpamayo-1.5-10B-A1-format"", ""vlm_name_or_path"": ""/data/achahe/alpasim/huggingface/hub/models--nvidia--Cosmos-Reason2-8B/snapshots/a9fae2cf89dc64db96b12860417f0eb403013bb9""}",alpamayo1_5_distill.models.stitched_model.StitchedAlpamayoR1.from_teacher,/home/achahe/alpamayo-recipes/recipes/alpamayo1_5_distill/outputs/2026-08-19/16-44-09/.hydra/config.yaml,,
/data/achahe/alpamayo-recipes/recipes/alpamayo1_5_distill/training/camsweep/teacherPruneC_3cam.json,1000,1000,0,f95d4401b398e6f65b388822bc500b0d2c7454d9e700512f789b6299ce7e7da4,2.6969507522354834,1.4527423100967425,teacher / baseline reference,,,,False,,action expert,10 (default; verify),,,,,,"[0, 1, 2]",unknown,False,unknown,unknown,,{},,,,No matching Hydra config or sidecar log
/data/achahe/alpamayo-recipes/recipes/alpamayo1_5_distill/training/camsweep/teacherPruneC_4cam.json,1000,1000,0,f95d4401b398e6f65b388822bc500b0d2c7454d9e700512f789b6299ce7e7da4,1.7024867342053913,0.795049986226135,teacher / baseline reference,,,/data/achahe/alpasim/huggingface/hub/models--nvidia--Alpamayo-1.5-10B-A1-format,True,,action expert,10 (default; verify),alpamayo.data.pai.PAIDataset,/data/datasets/physical_ai_av/,/data/datasets/physical_ai_av/lcdrive_physicalai_av_manifests/lcdrive_val_mysubset_1k_clip_uuids.txt,,0-3146,"[0, 1, 2, 3]",default keyframe,False,True,True,/data/achahe/alpasim/huggingface/hub/models--nvidia--Alpamayo-1.5-10B-A1-format,"{""_target_"": ""alpamayo1_5_distill.models.stitched_model.StitchedAlpamayoR1.from_teacher"", ""alpamayo_config_path"": ""/data/achahe/alpasim/huggingface/hub/models--nvidia--Alpamayo-1.5-10B-A1-format"", ""attn_implementation"": ""sdpa"", ""checkpoint_path"": ""/data/achahe/alpasim/huggingface/hub/models--nvidia--Alpamayo-1.5-10B-A1-format"", ""teacher_checkpoint_path"": ""/data/achahe/alpasim/huggingface/hub/models--nvidia--Alpamayo-1.5-10B-A1-format"", ""vlm_name_or_path"": ""/data/achahe/alpasim/huggingface/hub/models--nvidia--Cosmos-Reason2-8B/snapshots/a9fae2cf89dc64db96b12860417f0eb403013bb9""}",alpamayo1_5_distill.models.stitched_model.StitchedAlpamayoR1.from_teacher,/home/achahe/alpamayo-recipes/recipes/alpamayo1_5_distill/outputs/2026-08-19/16-33-37/.hydra/config.yaml,,
/data/achahe/alpamayo-recipes/recipes/alpamayo1_5_distill/training/camsweep/teacher_1cam.json,1000,1000,0,f95d4401b398e6f65b388822bc500b0d2c7454d9e700512f789b6299ce7e7da4,3.2087374309739096,1.6797504360070452,teacher / baseline reference,,,/data/achahe/alpasim/huggingface/hub/models--nvidia--Alpamayo-1.5-10B-A1-format,True,,action expert,10 (default; verify),alpamayo.data.pai.PAIDataset,/data/datasets/physical_ai_av/,/data/datasets/physical_ai_av/lcdrive_physicalai_av_manifests/lcdrive_val_mysubset_1k_clip_uuids.txt,,0-3146,[1],default keyframe,False,True,True,/data/achahe/alpasim/huggingface/hub/models--nvidia--Alpamayo-1.5-10B-A1-format,"{""_target_"": ""alpamayo1_5_distill.models.stitched_model.StitchedAlpamayoR1.from_teacher"", ""alpamayo_config_path"": ""/data/achahe/alpasim/huggingface/hub/models--nvidia--Alpamayo-1.5-10B-A1-format"", ""attn_implementation"": ""sdpa"", ""checkpoint_path"": ""/data/achahe/alpasim/huggingface/hub/models--nvidia--Alpamayo-1.5-10B-A1-format"", ""teacher_checkpoint_path"": ""/data/achahe/alpasim/huggingface/hub/models--nvidia--Alpamayo-1.5-10B-A1-format"", ""vlm_name_or_path"": ""/data/achahe/alpasim/huggingface/hub/models--nvidia--Cosmos-Reason2-8B/snapshots/a9fae2cf89dc64db96b12860417f0eb403013bb9""}",alpamayo1_5_distill.models.stitched_model.StitchedAlpamayoR1.from_teacher,/home/achahe/alpamayo-recipes/recipes/alpamayo1_5_distill/outputs/2026-08-19/16-02-12/.hydra/config.yaml,,
/data/achahe/alpamayo-recipes/recipes/alpamayo1_5_distill/training/camsweep/teacher_2cam.json,1000,1000,0,f95d4401b398e6f65b388822bc500b0d2c7454d9e700512f789b6299ce7e7da4,1.682185243464366,0.6980626203589491,teacher / baseline reference,,,/data/achahe/alpasim/huggingface/hub/models--nvidia--Alpamayo-1.5-10B-A1-format,True,,action expert,10 (default; verify),alpamayo.data.pai.PAIDataset,/data/datasets/physical_ai_av/,/data/datasets/physical_ai_av/lcdrive_physicalai_av_manifests/lcdrive_val_mysubset_1k_clip_uuids.txt,,0-3146,"[1, 3]",default keyframe,False,True,True,/data/achahe/alpasim/huggingface/hub/models--nvidia--Alpamayo-1.5-10B-A1-format,"{""_target_"": ""alpamayo1_5_distill.models.stitched_model.StitchedAlpamayoR1.from_teacher"", ""alpamayo_config_path"": ""/data/achahe/alpasim/huggingface/hub/models--nvidia--Alpamayo-1.5-10B-A1-format"", ""attn_implementation"": ""sdpa"", ""checkpoint_path"": ""/data/achahe/alpasim/huggingface/hub/models--nvidia--Alpamayo-1.5-10B-A1-format"", ""teacher_checkpoint_path"": ""/data/achahe/alpasim/huggingface/hub/models--nvidia--Alpamayo-1.5-10B-A1-format"", ""vlm_name_or_path"": ""/data/achahe/alpasim/huggingface/hub/models--nvidia--Cosmos-Reason2-8B/snapshots/a9fae2cf89dc64db96b12860417f0eb403013bb9""}",alpamayo1_5_distill.models.stitched_model.StitchedAlpamayoR1.from_teacher,/home/achahe/alpamayo-recipes/recipes/alpamayo1_5_distill/outputs/2026-08-19/16-00-51/.hydra/config.yaml,,
/data/achahe/alpamayo-recipes/recipes/alpamayo1_5_distill/training/camsweep/teacher_3cam.json,1000,1000,0,f95d4401b398e6f65b388822bc500b0d2c7454d9e700512f789b6299ce7e7da4,2.339910355007858,1.3647475645737723,teacher / baseline reference,,,/data/achahe/alpasim/huggingface/hub/models--nvidia--Alpamayo-1.5-10B-A1-format,True,,action expert,10 (default; verify),alpamayo.data.pai.PAIDataset,/data/datasets/physical_ai_av/,/data/datasets/physical_ai_av/lcdrive_physicalai_av_manifests/lcdrive_val_mysubset_1k_clip_uuids.txt,,0-3146,"[0, 1, 2]",default keyframe,False,True,True,/data/achahe/alpasim/huggingface/hub/models--nvidia--Alpamayo-1.5-10B-A1-format,"{""_target_"": ""alpamayo1_5_distill.models.stitched_model.StitchedAlpamayoR1.from_teacher"", ""alpamayo_config_path"": ""/data/achahe/alpasim/huggingface/hub/models--nvidia--Alpamayo-1.5-10B-A1-format"", ""attn_implementation"": ""sdpa"", ""checkpoint_path"": ""/data/achahe/alpasim/huggingface/hub/models--nvidia--Alpamayo-1.5-10B-A1-format"", ""teacher_checkpoint_path"": ""/data/achahe/alpasim/huggingface/hub/models--nvidia--Alpamayo-1.5-10B-A1-format"", ""vlm_name_or_path"": ""/data/achahe/alpasim/huggingface/hub/models--nvidia--Cosmos-Reason2-8B/snapshots/a9fae2cf89dc64db96b12860417f0eb403013bb9""}",alpamayo1_5_distill.models.stitched_model.StitchedAlpamayoR1.from_teacher,/home/achahe/alpamayo-recipes/recipes/alpamayo1_5_distill/outputs/2026-08-19/15-49-58/.hydra/config.yaml,,
/data/achahe/alpamayo-recipes/recipes/alpamayo1_5_distill/training/camsweep/teacher_4cam.json,1000,1000,0,f95d4401b398e6f65b388822bc500b0d2c7454d9e700512f789b6299ce7e7da4,1.3142595132221904,0.5918043649770262,teacher / baseline reference,,,,False,,action expert,10 (default; verify),,,,,,"[0, 1, 2, 3]",unknown,False,unknown,unknown,,{},,,,No matching Hydra config or sidecar log
/data/achahe/alpamayo-recipes/recipes/alpamayo1_5_distill/training/camsweep_smoke/teacher_4cam.json,16,16,0,acf728673a9c146d8e28a58f48aaad67bfe9f659f74b6c3053b218b58e5ee949,1.5598834911361337,0.726611201534979,excluded: smoke / tiny diagnostic eval,,,/data/achahe/alpasim/huggingface/hub/models--nvidia--Alpamayo-1.5-10B-A1-format,True,,action expert,10 (default; verify),alpamayo.data.pai.PAIDataset,/data/datasets/physical_ai_av/,/data/datasets/physical_ai_av/lcdrive_physicalai_av_manifests/lcdrive_val_mysubset_1k_clip_uuids.txt,,0-3146,"[0, 1, 2, 3]",default keyframe,False,True,True,/data/achahe/alpasim/huggingface/hub/models--nvidia--Alpamayo-1.5-10B-A1-format,"{""_target_"": ""alpamayo1_5_distill.models.stitched_model.StitchedAlpamayoR1.from_teacher"", ""alpamayo_config_path"": ""/data/achahe/alpasim/huggingface/hub/models--nvidia--Alpamayo-1.5-10B-A1-format"", ""attn_implementation"": ""sdpa"", ""checkpoint_path"": ""/data/achahe/alpasim/huggingface/hub/models--nvidia--Alpamayo-1.5-10B-A1-format"", ""teacher_checkpoint_path"": ""/data/achahe/alpasim/huggingface/hub/models--nvidia--Alpamayo-1.5-10B-A1-format"", ""vlm_name_or_path"": ""/data/achahe/alpasim/huggingface/hub/models--nvidia--Cosmos-Reason2-8B/snapshots/a9fae2cf89dc64db96b12860417f0eb403013bb9""}",alpamayo1_5_distill.models.stitched_model.StitchedAlpamayoR1.from_teacher,/home/achahe/alpamayo-recipes/recipes/alpamayo1_5_distill/outputs/2026-08-19/15-43-52/.hydra/config.yaml,,2 historical configs reference result; latest plus log used
/data/achahe/alpamayo-recipes/recipes/alpamayo1_5_distill/training/cd_eos2b_endpoint_ep1_eos_checkpoint-1563_nfe1.json,1000,1000,0,f95d4401b398e6f65b388822bc500b0d2c7454d9e700512f789b6299ce7e7da4,2.84233822093904,1.5876737560220062,included,/data/achahe/alpamayo-recipes/recipes/alpamayo1_5_distill/training/output_cd_eos2b_fullteacher_endpoint_nav_e2_bs32_20260829,output_cd_eos2b_fullteacher_endpoint_nav_e2_bs32_20260829,/data/achahe/alpamayo-recipes/recipes/alpamayo1_5_distill/training/output_cd_eos2b_fullteacher_endpoint_nav_e2_bs32_20260829/checkpoint-1563,True,1.0,action expert,1,alpamayo1_5_distill.data.camera_subset.CameraSubsetPAIDataset,/data/datasets/physical_ai_av/,/data/datasets/physical_ai_av/lcdrive_physicalai_av_manifests/lcdrive_val_mysubset_1k_clip_uuids.txt,/data/datasets/physical_ai_av/lcdrive_physicalai_av_manifests/nav_lcdrive_val_mysubset_1k.json,0-3146,"[1, 3]",annotation anchored,True,True,True,/data/achahe/alpamayo-recipes/recipes/alpamayo1_5_distill/training/output_cd_eos2b_fullteacher_endpoint_nav_e2_bs32_20260829/checkpoint-1563,"{""_target_"": ""alpamayo1_5_distill.models.stitched_model.StitchedAlpamayoR1.from_stitch"", ""alpamayo_config_path"": ""/data/achahe/alpasim/huggingface/hub/models--nvidia--Alpamayo-1.5-10B-A1-format"", ""attn_implementation"": ""sdpa"", ""checkpoint_path"": null, ""teacher_checkpoint_path"": ""/data/achahe/alpamayo-recipes/recipes/alpamayo1_5_distill/training/output_cd_eos2b_fullteacher_endpoint_nav_e2_bs32_20260829/checkpoint-1563"", ""vlm_name_or_path"": ""/data/achahe/alpasim/huggingface/hub/Cosmos-Reason2-2B""}",alpamayo1_5_distill.models.stitched_model.StitchedAlpamayoR1.from_stitch,/home/achahe/alpamayo-recipes/recipes/alpamayo1_5_distill/outputs/2026-08-29/23-09-19/.hydra/config.yaml,/data/achahe/alpamayo-recipes/recipes/alpamayo1_5_distill/training/cd_eos2b_endpoint_ep1_eos_checkpoint-1563_nfe1.log,
/data/achahe/alpamayo-recipes/recipes/alpamayo1_5_distill/training/cd_eos2b_endpoint_ep1_eos_checkpoint-1563_nfe2.json,1000,1000,0,f95d4401b398e6f65b388822bc500b0d2c7454d9e700512f789b6299ce7e7da4,2.857293564274907,1.3618482469851152,included,/data/achahe/alpamayo-recipes/recipes/alpamayo1_5_distill/training/output_cd_eos2b_fullteacher_endpoint_nav_e2_bs32_20260829,output_cd_eos2b_fullteacher_endpoint_nav_e2_bs32_20260829,/data/achahe/alpamayo-recipes/recipes/alpamayo1_5_distill/training/output_cd_eos2b_fullteacher_endpoint_nav_e2_bs32_20260829/checkpoint-1563,True,1.0,action expert,2,alpamayo1_5_distill.data.camera_subset.CameraSubsetPAIDataset,/data/datasets/physical_ai_av/,/data/datasets/physical_ai_av/lcdrive_physicalai_av_manifests/lcdrive_val_mysubset_1k_clip_uuids.txt,/data/datasets/physical_ai_av/lcdrive_physicalai_av_manifests/nav_lcdrive_val_mysubset_1k.json,0-3146,"[1, 3]",annotation anchored,True,True,True,/data/achahe/alpamayo-recipes/recipes/alpamayo1_5_distill/training/output_cd_eos2b_fullteacher_endpoint_nav_e2_bs32_20260829/checkpoint-1563,"{""_target_"": ""alpamayo1_5_distill.models.stitched_model.StitchedAlpamayoR1.from_stitch"", ""alpamayo_config_path"": ""/data/achahe/alpasim/huggingface/hub/models--nvidia--Alpamayo-1.5-10B-A1-format"", ""attn_implementation"": ""sdpa"", ""checkpoint_path"": null, ""teacher_checkpoint_path"": ""/data/achahe/alpamayo-recipes/recipes/alpamayo1_5_distill/training/output_cd_eos2b_fullteacher_endpoint_nav_e2_bs32_20260829/checkpoint-1563"", ""vlm_name_or_path"": ""/data/achahe/alpasim/huggingface/hub/Cosmos-Reason2-2B""}",alpamayo1_5_distill.models.stitched_model.StitchedAlpamayoR1.from_stitch,/home/achahe/alpamayo-recipes/recipes/alpamayo1_5_distill/outputs/2026-08-29/23-27-37/.hydra/config.yaml,/data/achahe/alpamayo-recipes/recipes/alpamayo1_5_distill/training/cd_eos2b_endpoint_ep1_eos_checkpoint-1563_nfe2.log,
/data/achahe/alpamayo-recipes/recipes/alpamayo1_5_distill/training/cd_eos2b_endpoint_ep2_eos_checkpoint-3126_nfe1.json,1000,1000,0,f95d4401b398e6f65b388822bc500b0d2c7454d9e700512f789b6299ce7e7da4,2.8598446145653726,1.592833271851763,included,/data/achahe/alpamayo-recipes/recipes/alpamayo1_5_distill/training/output_cd_eos2b_fullteacher_endpoint_nav_e2_bs32_20260829,output_cd_eos2b_fullteacher_endpoint_nav_e2_bs32_20260829,/data/achahe/alpamayo-recipes/recipes/alpamayo1_5_distill/training/output_cd_eos2b_fullteacher_endpoint_nav_e2_bs32_20260829/checkpoint-3126,True,2.0,action expert,1,alpamayo1_5_distill.data.camera_subset.CameraSubsetPAIDataset,/data/datasets/physical_ai_av/,/data/datasets/physical_ai_av/lcdrive_physicalai_av_manifests/lcdrive_val_mysubset_1k_clip_uuids.txt,/data/datasets/physical_ai_av/lcdrive_physicalai_av_manifests/nav_lcdrive_val_mysubset_1k.json,0-3146,"[1, 3]",annotation anchored,True,True,True,/data/achahe/alpamayo-recipes/recipes/alpamayo1_5_distill/training/output_cd_eos2b_fullteacher_endpoint_nav_e2_bs32_20260829/checkpoint-3126,"{""_target_"": ""alpamayo1_5_distill.models.stitched_model.StitchedAlpamayoR1.from_stitch"", ""alpamayo_config_path"": ""/data/achahe/alpasim/huggingface/hub/models--nvidia--Alpamayo-1.5-10B-A1-format"", ""attn_implementation"": ""sdpa"", ""checkpoint_path"": null, ""teacher_checkpoint_path"": ""/data/achahe/alpamayo-recipes/recipes/alpamayo1_5_distill/training/output_cd_eos2b_fullteacher_endpoint_nav_e2_bs32_20260829/checkpoint-3126"", ""vlm_name_or_path"": ""/data/achahe/alpasim/huggingface/hub/Cosmos-Reason2-2B""}",alpamayo1_5_distill.models.stitched_model.StitchedAlpamayoR1.from_stitch,/home/achahe/alpamayo-recipes/recipes/alpamayo1_5_distill/outputs/2026-08-30/00-29-35/.hydra/config.yaml,/data/achahe/alpamayo-recipes/recipes/alpamayo1_5_distill/training/cd_eos2b_endpoint_ep2_eos_checkpoint-3126_nfe1.log,
/data/achahe/alpamayo-recipes/recipes/alpamayo1_5_distill/training/cd_eos2b_endpoint_ep2_eos_checkpoint-3126_nfe2.json,1000,1000,0,f95d4401b398e6f65b388822bc500b0d2c7454d9e700512f789b6299ce7e7da4,2.843311275895685,1.3429211287908256,included,/data/achahe/alpamayo-recipes/recipes/alpamayo1_5_distill/training/output_cd_eos2b_fullteacher_endpoint_nav_e2_bs32_20260829,output_cd_eos2b_fullteacher_endpoint_nav_e2_bs32_20260829,/data/achahe/alpamayo-recipes/recipes/alpamayo1_5_distill/training/output_cd_eos2b_fullteacher_endpoint_nav_e2_bs32_20260829/checkpoint-3126,True,2.0,action expert,2,alpamayo1_5_distill.data.camera_subset.CameraSubsetPAIDataset,/data/datasets/physical_ai_av/,/data/datasets/physical_ai_av/lcdrive_physicalai_av_manifests/lcdrive_val_mysubset_1k_clip_uuids.txt,/data/datasets/physical_ai_av/lcdrive_physicalai_av_manifests/nav_lcdrive_val_mysubset_1k.json,0-3146,"[1, 3]",annotation anchored,True,True,True,,{},,,/data/achahe/alpamayo-recipes/recipes/alpamayo1_5_distill/training/cd_eos2b_endpoint_ep2_eos_checkpoint-3126_nfe2.log,No matching Hydra config; log metadata used
/data/achahe/alpamayo-recipes/recipes/alpamayo1_5_distill/training/cd_eos2b_endpoint_gt01_ep2_eos_checkpoint-3126_nfe1.json,1000,1000,0,f95d4401b398e6f65b388822bc500b0d2c7454d9e700512f789b6299ce7e7da4,2.789644008163363,1.6093969496525824,included,/data/achahe/alpamayo-recipes/recipes/alpamayo1_5_distill/training/output_cd_eos2b_endpoint_gt01_nav_e2_bs32_20260830,output_cd_eos2b_endpoint_gt01_nav_e2_bs32_20260830,/data/achahe/alpamayo-recipes/recipes/alpamayo1_5_distill/training/output_cd_eos2b_endpoint_gt01_nav_e2_bs32_20260830/checkpoint-3126,True,2.0,action expert,1,alpamayo1_5_distill.data.camera_subset.CameraSubsetPAIDataset,/data/datasets/physical_ai_av/,/data/datasets/physical_ai_av/lcdrive_physicalai_av_manifests/lcdrive_val_mysubset_1k_clip_uuids.txt,/data/datasets/physical_ai_av/lcdrive_physicalai_av_manifests/nav_lcdrive_val_mysubset_1k.json,0-3146,"[1, 3]",annotation anchored,True,True,True,,{},,,/data/achahe/alpamayo-recipes/recipes/alpamayo1_5_distill/training/cd_eos2b_endpoint_gt01_ep2_eos_checkpoint-3126_nfe1.log,No matching Hydra config; log metadata used
/data/achahe/alpamayo-recipes/recipes/alpamayo1_5_distill/training/cd_eos2b_endpoint_gt01_ep2_eos_checkpoint-3126_nfe2.json,1000,1000,0,f95d4401b398e6f65b388822bc500b0d2c7454d9e700512f789b6299ce7e7da4,2.6995584116298703,1.3213834652490914,included,/data/achahe/alpamayo-recipes/recipes/alpamayo1_5_distill/training/output_cd_eos2b_endpoint_gt01_nav_e2_bs32_20260830,output_cd_eos2b_endpoint_gt01_nav_e2_bs32_20260830,/data/achahe/alpamayo-recipes/recipes/alpamayo1_5_distill/training/output_cd_eos2b_endpoint_gt01_nav_e2_bs32_20260830/checkpoint-3126,True,2.0,action expert,2,alpamayo1_5_distill.data.camera_subset.CameraSubsetPAIDataset,/data/datasets/physical_ai_av/,/data/datasets/physical_ai_av/lcdrive_physicalai_av_manifests/lcdrive_val_mysubset_1k_clip_uuids.txt,/data/datasets/physical_ai_av/lcdrive_physicalai_av_manifests/nav_lcdrive_val_mysubset_1k.json,0-3146,"[1, 3]",annotation anchored,True,True,True,/data/achahe/alpamayo-recipes/recipes/alpamayo1_5_distill/training/output_cd_eos2b_endpoint_gt01_nav_e2_bs32_20260830/checkpoint-3126,"{""_target_"": ""alpamayo1_5_distill.models.stitched_model.StitchedAlpamayoR1.from_stitch"", ""alpamayo_config_path"": ""/data/achahe/alpasim/huggingface/hub/models--nvidia--Alpamayo-1.5-10B-A1-format"", ""attn_implementation"": ""sdpa"", ""checkpoint_path"": null, ""teacher_checkpoint_path"": ""/data/achahe/alpamayo-recipes/recipes/alpamayo1_5_distill/training/output_cd_eos2b_endpoint_gt01_nav_e2_bs32_20260830/checkpoint-3126"", ""vlm_name_or_path"": ""/data/achahe/alpasim/huggingface/hub/Cosmos-Reason2-2B""}",alpamayo1_5_distill.models.stitched_model.StitchedAlpamayoR1.from_stitch,/home/achahe/alpamayo-recipes/recipes/alpamayo1_5_distill/outputs/2026-08-30/12-58-33/.hydra/config.yaml,/data/achahe/alpamayo-recipes/recipes/alpamayo1_5_distill/training/cd_eos2b_endpoint_gt01_ep2_eos_checkpoint-3126_nfe2.log,
/data/achahe/alpamayo-recipes/recipes/alpamayo1_5_distill/training/cd_eos2b_endpoint_gt03_ep2_eos_checkpoint-3126_nfe1.json,1000,1000,0,f95d4401b398e6f65b388822bc500b0d2c7454d9e700512f789b6299ce7e7da4,2.6968055380741136,1.6628588137915359,included,/data/achahe/alpamayo-recipes/recipes/alpamayo1_5_distill/training/output_cd_eos2b_endpoint_gt03_nav_e2_bs32_20260830,output_cd_eos2b_endpoint_gt03_nav_e2_bs32_20260830,/data/achahe/alpamayo-recipes/recipes/alpamayo1_5_distill/training/output_cd_eos2b_endpoint_gt03_nav_e2_bs32_20260830/checkpoint-3126,True,2.0,action expert,1,alpamayo1_5_distill.data.camera_subset.CameraSubsetPAIDataset,/data/datasets/physical_ai_av/,/data/datasets/physical_ai_av/lcdrive_physicalai_av_manifests/lcdrive_val_mysubset_1k_clip_uuids.txt,/data/datasets/physical_ai_av/lcdrive_physicalai_av_manifests/nav_lcdrive_val_mysubset_1k.json,0-3146,"[1, 3]",annotation anchored,True,True,True,,{},,,/data/achahe/alpamayo-recipes/recipes/alpamayo1_5_distill/training/cd_eos2b_endpoint_gt03_ep2_eos_checkpoint-3126_nfe1.log,No matching Hydra config; log metadata used
/data/achahe/alpamayo-recipes/recipes/alpamayo1_5_distill/training/cd_eos2b_endpoint_gt03_ep2_eos_checkpoint-3126_nfe2.json,1000,1000,0,f95d4401b398e6f65b388822bc500b0d2c7454d9e700512f789b6299ce7e7da4,2.5141135601699354,1.334375938639976,included,/data/achahe/alpamayo-recipes/recipes/alpamayo1_5_distill/training/output_cd_eos2b_endpoint_gt03_nav_e2_bs32_20260830,output_cd_eos2b_endpoint_gt03_nav_e2_bs32_20260830,/data/achahe/alpamayo-recipes/recipes/alpamayo1_5_distill/training/output_cd_eos2b_endpoint_gt03_nav_e2_bs32_20260830/checkpoint-3126,True,2.0,action expert,2,alpamayo1_5_distill.data.camera_subset.CameraSubsetPAIDataset,/data/datasets/physical_ai_av/,/data/datasets/physical_ai_av/lcdrive_physicalai_av_manifests/lcdrive_val_mysubset_1k_clip_uuids.txt,/data/datasets/physical_ai_av/lcdrive_physicalai_av_manifests/nav_lcdrive_val_mysubset_1k.json,0-3146,"[1, 3]",annotation anchored,True,True,True,/data/achahe/alpamayo-recipes/recipes/alpamayo1_5_distill/training/output_cd_eos2b_endpoint_gt03_nav_e2_bs32_20260830/checkpoint-3126,"{""_target_"": ""alpamayo1_5_distill.models.stitched_model.StitchedAlpamayoR1.from_stitch"", ""alpamayo_config_path"": ""/data/achahe/alpasim/huggingface/hub/models--nvidia--Alpamayo-1.5-10B-A1-format"", ""attn_implementation"": ""sdpa"", ""checkpoint_path"": null, ""teacher_checkpoint_path"": ""/data/achahe/alpamayo-recipes/recipes/alpamayo1_5_distill/training/output_cd_eos2b_endpoint_gt03_nav_e2_bs32_20260830/checkpoint-3126"", ""vlm_name_or_path"": ""/data/achahe/alpasim/huggingface/hub/Cosmos-Reason2-2B""}",alpamayo1_5_distill.models.stitched_model.StitchedAlpamayoR1.from_stitch,/home/achahe/alpamayo-recipes/recipes/alpamayo1_5_distill/outputs/2026-08-30/12-58-32/.hydra/config.yaml,/data/achahe/alpamayo-recipes/recipes/alpamayo1_5_distill/training/cd_eos2b_endpoint_gt03_ep2_eos_checkpoint-3126_nfe2.log,
/data/achahe/alpamayo-recipes/recipes/alpamayo1_5_distill/training/cd_eos2b_endpoint_gt05_ep1_eos_checkpoint-1563_nfe2.json,1000,1000,0,f95d4401b398e6f65b388822bc500b0d2c7454d9e700512f789b6299ce7e7da4,2.3966733108069747,1.4589684467357584,included,/data/achahe/alpamayo-recipes/recipes/alpamayo1_5_distill/training/output_cd_eos2b_endpoint_gt05_nav_e2_bs32_20260830,output_cd_eos2b_endpoint_gt05_nav_e2_bs32_20260830,/data/achahe/alpamayo-recipes/recipes/alpamayo1_5_distill/training/output_cd_eos2b_endpoint_gt05_nav_e2_bs32_20260830/checkpoint-1563,True,1.0,action expert,2,alpamayo1_5_distill.data.camera_subset.CameraSubsetPAIDataset,/data/datasets/physical_ai_av/,/data/datasets/physical_ai_av/lcdrive_physicalai_av_manifests/lcdrive_val_mysubset_1k_clip_uuids.txt,/data/datasets/physical_ai_av/lcdrive_physicalai_av_manifests/nav_lcdrive_val_mysubset_1k.json,0-3146,"[1, 3]",annotation anchored,True,True,True,/data/achahe/alpamayo-recipes/recipes/alpamayo1_5_distill/training/output_cd_eos2b_endpoint_gt05_nav_e2_bs32_20260830/checkpoint-1563,"{""_target_"": ""alpamayo1_5_distill.models.stitched_model.StitchedAlpamayoR1.from_stitch"", ""alpamayo_config_path"": ""/data/achahe/alpasim/huggingface/hub/models--nvidia--Alpamayo-1.5-10B-A1-format"", ""attn_implementation"": ""sdpa"", ""checkpoint_path"": null, ""teacher_checkpoint_path"": ""/data/achahe/alpamayo-recipes/recipes/alpamayo1_5_distill/training/output_cd_eos2b_endpoint_gt05_nav_e2_bs32_20260830/checkpoint-1563"", ""vlm_name_or_path"": ""/data/achahe/alpasim/huggingface/hub/Cosmos-Reason2-2B""}",alpamayo1_5_distill.models.stitched_model.StitchedAlpamayoR1.from_stitch,/home/achahe/alpamayo-recipes/recipes/alpamayo1_5_distill/outputs/2026-08-31/09-33-32/.hydra/config.yaml,/data/achahe/alpamayo-recipes/recipes/alpamayo1_5_distill/training/cd_eos2b_endpoint_gt05_ep1_eos_checkpoint-1563_nfe2.log,
/data/achahe/alpamayo-recipes/recipes/alpamayo1_5_distill/training/cd_eos2b_endpoint_gt05_ep2_eos_checkpoint-3126_nfe1.json,1000,1000,0,f95d4401b398e6f65b388822bc500b0d2c7454d9e700512f789b6299ce7e7da4,2.5720369444992395,1.7619725348353386,included,/data/achahe/alpamayo-recipes/recipes/alpamayo1_5_distill/training/output_cd_eos2b_endpoint_gt05_nav_e2_bs32_20260830,output_cd_eos2b_endpoint_gt05_nav_e2_bs32_20260830,/data/achahe/alpamayo-recipes/recipes/alpamayo1_5_distill/training/output_cd_eos2b_endpoint_gt05_nav_e2_bs32_20260830/checkpoint-3126,True,2.0,action expert,1,alpamayo1_5_distill.data.camera_subset.CameraSubsetPAIDataset,/data/datasets/physical_ai_av/,/data/datasets/physical_ai_av/lcdrive_physicalai_av_manifests/lcdrive_val_mysubset_1k_clip_uuids.txt,/data/datasets/physical_ai_av/lcdrive_physicalai_av_manifests/nav_lcdrive_val_mysubset_1k.json,0-3146,"[1, 3]",annotation anchored,True,True,True,/data/achahe/alpamayo-recipes/recipes/alpamayo1_5_distill/training/output_cd_eos2b_endpoint_gt05_nav_e2_bs32_20260830/checkpoint-3126,"{""_target_"": ""alpamayo1_5_distill.models.stitched_model.StitchedAlpamayoR1.from_stitch"", ""alpamayo_config_path"": ""/data/achahe/alpasim/huggingface/hub/models--nvidia--Alpamayo-1.5-10B-A1-format"", ""attn_implementation"": ""sdpa"", ""checkpoint_path"": null, ""teacher_checkpoint_path"": ""/data/achahe/alpamayo-recipes/recipes/alpamayo1_5_distill/training/output_cd_eos2b_endpoint_gt05_nav_e2_bs32_20260830/checkpoint-3126"", ""vlm_name_or_path"": ""/data/achahe/alpasim/huggingface/hub/Cosmos-Reason2-2B""}",alpamayo1_5_distill.models.stitched_model.StitchedAlpamayoR1.from_stitch,/home/achahe/alpamayo-recipes/recipes/alpamayo1_5_distill/outputs/2026-08-31/09-18-28/.hydra/config.yaml,/data/achahe/alpamayo-recipes/recipes/alpamayo1_5_distill/training/cd_eos2b_endpoint_gt05_ep2_eos_checkpoint-3126_nfe1.log,
/data/achahe/alpamayo-recipes/recipes/alpamayo1_5_distill/training/cd_eos2b_endpoint_gt05_ep2_eos_checkpoint-3126_nfe2.json,1000,1000,0,f95d4401b398e6f65b388822bc500b0d2c7454d9e700512f789b6299ce7e7da4,2.3726249817982317,1.4275757430009544,included,/data/achahe/alpamayo-recipes/recipes/alpamayo1_5_distill/training/output_cd_eos2b_endpoint_gt05_nav_e2_bs32_20260830,output_cd_eos2b_endpoint_gt05_nav_e2_bs32_20260830,/data/achahe/alpamayo-recipes/recipes/alpamayo1_5_distill/training/output_cd_eos2b_endpoint_gt05_nav_e2_bs32_20260830/checkpoint-3126,True,2.0,action expert,2,alpamayo1_5_distill.data.camera_subset.CameraSubsetPAIDataset,/data/datasets/physical_ai_av/,/data/datasets/physical_ai_av/lcdrive_physicalai_av_manifests/lcdrive_val_mysubset_1k_clip_uuids.txt,/data/datasets/physical_ai_av/lcdrive_physicalai_av_manifests/nav_lcdrive_val_mysubset_1k.json,0-3146,"[1, 3]",annotation anchored,True,True,True,/data/achahe/alpamayo-recipes/recipes/alpamayo1_5_distill/training/output_cd_eos2b_endpoint_gt05_nav_e2_bs32_20260830/checkpoint-3126,"{""_target_"": ""alpamayo1_5_distill.models.stitched_model.StitchedAlpamayoR1.from_stitch"", ""alpamayo_config_path"": ""/data/achahe/alpasim/huggingface/hub/models--nvidia--Alpamayo-1.5-10B-A1-format"", ""attn_implementation"": ""sdpa"", ""checkpoint_path"": null, ""teacher_checkpoint_path"": ""/data/achahe/alpamayo-recipes/recipes/alpamayo1_5_distill/training/output_cd_eos2b_endpoint_gt05_nav_e2_bs32_20260830/checkpoint-3126"", ""vlm_name_or_path"": ""/data/achahe/alpasim/huggingface/hub/Cosmos-Reason2-2B""}",alpamayo1_5_distill.models.stitched_model.StitchedAlpamayoR1.from_stitch,/home/achahe/alpamayo-recipes/recipes/alpamayo1_5_distill/outputs/2026-08-31/09-18-29/.hydra/config.yaml,/data/achahe/alpamayo-recipes/recipes/alpamayo1_5_distill/training/cd_eos2b_endpoint_gt05_ep2_eos_checkpoint-3126_nfe2.log,
/data/achahe/alpamayo-recipes/recipes/alpamayo1_5_distill/training/cd_eos2b_endpoint_gt05_ep3_eos_checkpoint-4689_nfe1.json,1000,1000,0,f95d4401b398e6f65b388822bc500b0d2c7454d9e700512f789b6299ce7e7da4,2.56434052965045,1.7516373380292207,included,/data/achahe/alpamayo-recipes/recipes/alpamayo1_5_distill/training/output_cd_eos2b_endpoint_gt05_nav_e2_bs32_20260830,output_cd_eos2b_endpoint_gt05_nav_e2_bs32_20260830,/data/achahe/alpamayo-recipes/recipes/alpamayo1_5_distill/training/output_cd_eos2b_endpoint_gt05_nav_e2_bs32_20260830/checkpoint-4689,True,3.0,action expert,1,alpamayo1_5_distill.data.camera_subset.CameraSubsetPAIDataset,/data/datasets/physical_ai_av/,/data/datasets/physical_ai_av/lcdrive_physicalai_av_manifests/lcdrive_val_mysubset_1k_clip_uuids.txt,/data/datasets/physical_ai_av/lcdrive_physicalai_av_manifests/nav_lcdrive_val_mysubset_1k.json,0-3146,"[1, 3]",annotation anchored,True,True,True,/data/achahe/alpamayo-recipes/recipes/alpamayo1_5_distill/training/output_cd_eos2b_endpoint_gt05_nav_e2_bs32_20260830/checkpoint-4689,"{""_target_"": ""alpamayo1_5_distill.models.stitched_model.StitchedAlpamayoR1.from_stitch"", ""alpamayo_config_path"": ""/data/achahe/alpasim/huggingface/hub/models--nvidia--Alpamayo-1.5-10B-A1-format"", ""attn_implementation"": ""sdpa"", ""checkpoint_path"": null, ""teacher_checkpoint_path"": ""/data/achahe/alpamayo-recipes/recipes/alpamayo1_5_distill/training/output_cd_eos2b_endpoint_gt05_nav_e2_bs32_20260830/checkpoint-4689"", ""vlm_name_or_path"": ""/data/achahe/alpasim/huggingface/hub/Cosmos-Reason2-2B""}",alpamayo1_5_distill.models.stitched_model.StitchedAlpamayoR1.from_stitch,/home/achahe/alpamayo-recipes/recipes/alpamayo1_5_distill/outputs/2026-08-31/14-25-48/.hydra/config.yaml,/data/achahe/alpamayo-recipes/recipes/alpamayo1_5_distill/training/cd_eos2b_endpoint_gt05_ep3_eos_checkpoint-4689_nfe1.log,
/data/achahe/alpamayo-recipes/recipes/alpamayo1_5_distill/training/cd_eos2b_endpoint_gt05_ep3_eos_checkpoint-4689_nfe2.json,1000,1000,0,f95d4401b398e6f65b388822bc500b0d2c7454d9e700512f789b6299ce7e7da4,2.373941182628274,1.4298837780328468,included,/data/achahe/alpamayo-recipes/recipes/alpamayo1_5_distill/training/output_cd_eos2b_endpoint_gt05_nav_e2_bs32_20260830,output_cd_eos2b_endpoint_gt05_nav_e2_bs32_20260830,/data/achahe/alpamayo-recipes/recipes/alpamayo1_5_distill/training/output_cd_eos2b_endpoint_gt05_nav_e2_bs32_20260830/checkpoint-4689,True,3.0,action expert,2,alpamayo1_5_distill.data.camera_subset.CameraSubsetPAIDataset,/data/datasets/physical_ai_av/,/data/datasets/physical_ai_av/lcdrive_physicalai_av_manifests/lcdrive_val_mysubset_1k_clip_uuids.txt,/data/datasets/physical_ai_av/lcdrive_physicalai_av_manifests/nav_lcdrive_val_mysubset_1k.json,0-3146,"[1, 3]",annotation anchored,True,True,True,/data/achahe/alpamayo-recipes/recipes/alpamayo1_5_distill/training/output_cd_eos2b_endpoint_gt05_nav_e2_bs32_20260830/checkpoint-4689,"{""_target_"": ""alpamayo1_5_distill.models.stitched_model.StitchedAlpamayoR1.from_stitch"", ""alpamayo_config_path"": ""/data/achahe/alpasim/huggingface/hub/models--nvidia--Alpamayo-1.5-10B-A1-format"", ""attn_implementation"": ""sdpa"", ""checkpoint_path"": null, ""teacher_checkpoint_path"": ""/data/achahe/alpamayo-recipes/recipes/alpamayo1_5_distill/training/output_cd_eos2b_endpoint_gt05_nav_e2_bs32_20260830/checkpoint-4689"", ""vlm_name_or_path"": ""/data/achahe/alpasim/huggingface/hub/Cosmos-Reason2-2B""}",alpamayo1_5_distill.models.stitched_model.StitchedAlpamayoR1.from_stitch,/home/achahe/alpamayo-recipes/recipes/alpamayo1_5_distill/outputs/2026-08-31/14-25-47/.hydra/config.yaml,/data/achahe/alpamayo-recipes/recipes/alpamayo1_5_distill/training/cd_eos2b_endpoint_gt05_ep3_eos_checkpoint-4689_nfe2.log,
/data/achahe/alpamayo-recipes/recipes/alpamayo1_5_distill/training/cd_eos2b_endpoint_gt10_ep1_eos_checkpoint-1563_nfe2.json,1000,1000,0,f95d4401b398e6f65b388822bc500b0d2c7454d9e700512f789b6299ce7e7da4,2.3792428408237174,1.603250338616781,included,/data/achahe/alpamayo-recipes/recipes/alpamayo1_5_distill/training/output_cd_eos2b_endpoint_gt10_nav_e2_bs32_20260830,output_cd_eos2b_endpoint_gt10_nav_e2_bs32_20260830,/data/achahe/alpamayo-recipes/recipes/alpamayo1_5_distill/training/output_cd_eos2b_endpoint_gt10_nav_e2_bs32_20260830/checkpoint-1563,True,1.0,action expert,2,alpamayo1_5_distill.data.camera_subset.CameraSubsetPAIDataset,/data/datasets/physical_ai_av/,/data/datasets/physical_ai_av/lcdrive_physicalai_av_manifests/lcdrive_val_mysubset_1k_clip_uuids.txt,/data/datasets/physical_ai_av/lcdrive_physicalai_av_manifests/nav_lcdrive_val_mysubset_1k.json,0-3146,"[1, 3]",annotation anchored,True,True,True,/data/achahe/alpamayo-recipes/recipes/alpamayo1_5_distill/training/output_cd_eos2b_endpoint_gt10_nav_e2_bs32_20260830/checkpoint-1563,"{""_target_"": ""alpamayo1_5_distill.models.stitched_model.StitchedAlpamayoR1.from_stitch"", ""alpamayo_config_path"": ""/data/achahe/alpasim/huggingface/hub/models--nvidia--Alpamayo-1.5-10B-A1-format"", ""attn_implementation"": ""sdpa"", ""checkpoint_path"": null, ""teacher_checkpoint_path"": ""/data/achahe/alpamayo-recipes/recipes/alpamayo1_5_distill/training/output_cd_eos2b_endpoint_gt10_nav_e2_bs32_20260830/checkpoint-1563"", ""vlm_name_or_path"": ""/data/achahe/alpasim/huggingface/hub/Cosmos-Reason2-2B""}",alpamayo1_5_distill.models.stitched_model.StitchedAlpamayoR1.from_stitch,/home/achahe/alpamayo-recipes/recipes/alpamayo1_5_distill/outputs/2026-08-31/09-33-33/.hydra/config.yaml,/data/achahe/alpamayo-recipes/recipes/alpamayo1_5_distill/training/cd_eos2b_endpoint_gt10_ep1_eos_checkpoint-1563_nfe2.log,
/data/achahe/alpamayo-recipes/recipes/alpamayo1_5_distill/training/cd_eos2b_endpoint_gt10_ep2_eos_checkpoint-3126_nfe1.json,1000,1000,0,f95d4401b398e6f65b388822bc500b0d2c7454d9e700512f789b6299ce7e7da4,2.5182184338197113,1.8730940264100209,included,/data/achahe/alpamayo-recipes/recipes/alpamayo1_5_distill/training/output_cd_eos2b_endpoint_gt10_nav_e2_bs32_20260830,output_cd_eos2b_endpoint_gt10_nav_e2_bs32_20260830,/data/achahe/alpamayo-recipes/recipes/alpamayo1_5_distill/training/output_cd_eos2b_endpoint_gt10_nav_e2_bs32_20260830/checkpoint-3126,True,2.0,action expert,1,alpamayo1_5_distill.data.camera_subset.CameraSubsetPAIDataset,/data/datasets/physical_ai_av/,/data/datasets/physical_ai_av/lcdrive_physicalai_av_manifests/lcdrive_val_mysubset_1k_clip_uuids.txt,/data/datasets/physical_ai_av/lcdrive_physicalai_av_manifests/nav_lcdrive_val_mysubset_1k.json,0-3146,"[1, 3]",annotation anchored,True,True,True,,{},,,/data/achahe/alpamayo-recipes/recipes/alpamayo1_5_distill/training/cd_eos2b_endpoint_gt10_ep2_eos_checkpoint-3126_nfe1.log,No matching Hydra config; log metadata used
/data/achahe/alpamayo-recipes/recipes/alpamayo1_5_distill/training/cd_eos2b_endpoint_gt10_ep2_eos_checkpoint-3126_nfe2.json,1000,1000,0,f95d4401b398e6f65b388822bc500b0d2c7454d9e700512f789b6299ce7e7da4,2.310664364423603,1.5344883977156132,included,/data/achahe/alpamayo-recipes/recipes/alpamayo1_5_distill/training/output_cd_eos2b_endpoint_gt10_nav_e2_bs32_20260830,output_cd_eos2b_endpoint_gt10_nav_e2_bs32_20260830,/data/achahe/alpamayo-recipes/recipes/alpamayo1_5_distill/training/output_cd_eos2b_endpoint_gt10_nav_e2_bs32_20260830/checkpoint-3126,True,2.0,action expert,2,alpamayo1_5_distill.data.camera_subset.CameraSubsetPAIDataset,/data/datasets/physical_ai_av/,/data/datasets/physical_ai_av/lcdrive_physicalai_av_manifests/lcdrive_val_mysubset_1k_clip_uuids.txt,/data/datasets/physical_ai_av/lcdrive_physicalai_av_manifests/nav_lcdrive_val_mysubset_1k.json,0-3146,"[1, 3]",annotation anchored,True,True,True,,{},,,/data/achahe/alpamayo-recipes/recipes/alpamayo1_5_distill/training/cd_eos2b_endpoint_gt10_ep2_eos_checkpoint-3126_nfe2.log,No matching Hydra config; log metadata used
/data/achahe/alpamayo-recipes/recipes/alpamayo1_5_distill/training/cd_eos2b_final_eos_checkpoint-3126_nfe1.json,1000,1000,0,f95d4401b398e6f65b388822bc500b0d2c7454d9e700512f789b6299ce7e7da4,2.590949302431196,1.7932238670112566,included,/data/achahe/alpamayo-recipes/recipes/alpamayo1_5_distill/training/output_cd_eos2b_nav_e2_bs32_20260827,output_cd_eos2b_nav_e2_bs32_20260827,/data/achahe/alpamayo-recipes/recipes/alpamayo1_5_distill/training/output_cd_eos2b_nav_e2_bs32_20260827/checkpoint-3126,True,2.0,action expert,1,alpamayo1_5_distill.data.camera_subset.CameraSubsetPAIDataset,/data/datasets/physical_ai_av/,/data/datasets/physical_ai_av/lcdrive_physicalai_av_manifests/lcdrive_val_mysubset_1k_clip_uuids.txt,/data/datasets/physical_ai_av/lcdrive_physicalai_av_manifests/nav_lcdrive_val_mysubset_1k.json,0-3146,"[1, 3]",annotation anchored,True,True,True,/data/achahe/alpamayo-recipes/recipes/alpamayo1_5_distill/training/output_cd_eos2b_nav_e2_bs32_20260827/checkpoint-3126,"{""_target_"": ""alpamayo1_5_distill.models.stitched_model.StitchedAlpamayoR1.from_stitch"", ""alpamayo_config_path"": ""/data/achahe/alpasim/huggingface/hub/models--nvidia--Alpamayo-1.5-10B-A1-format"", ""attn_implementation"": ""sdpa"", ""checkpoint_path"": null, ""teacher_checkpoint_path"": ""/data/achahe/alpamayo-recipes/recipes/alpamayo1_5_distill/training/output_cd_eos2b_nav_e2_bs32_20260827/checkpoint-3126"", ""vlm_name_or_path"": ""/data/achahe/alpasim/huggingface/hub/Cosmos-Reason2-2B""}",alpamayo1_5_distill.models.stitched_model.StitchedAlpamayoR1.from_stitch,/home/achahe/alpamayo-recipes/recipes/alpamayo1_5_distill/outputs/2026-08-27/17-06-49/.hydra/config.yaml,/data/achahe/alpamayo-recipes/recipes/alpamayo1_5_distill/training/cd_eos2b_final_eos_checkpoint-3126_nfe1.log,
/data/achahe/alpamayo-recipes/recipes/alpamayo1_5_distill/training/cd_eos2b_final_eos_checkpoint-3126_nfe2.json,1000,1000,0,f95d4401b398e6f65b388822bc500b0d2c7454d9e700512f789b6299ce7e7da4,2.6458993990076705,1.703767305468209,included,/data/achahe/alpamayo-recipes/recipes/alpamayo1_5_distill/training/output_cd_eos2b_nav_e2_bs32_20260827,output_cd_eos2b_nav_e2_bs32_20260827,/data/achahe/alpamayo-recipes/recipes/alpamayo1_5_distill/training/output_cd_eos2b_nav_e2_bs32_20260827/checkpoint-3126,True,2.0,action expert,2,alpamayo1_5_distill.data.camera_subset.CameraSubsetPAIDataset,/data/datasets/physical_ai_av/,/data/datasets/physical_ai_av/lcdrive_physicalai_av_manifests/lcdrive_val_mysubset_1k_clip_uuids.txt,/data/datasets/physical_ai_av/lcdrive_physicalai_av_manifests/nav_lcdrive_val_mysubset_1k.json,0-3146,"[1, 3]",annotation anchored,True,True,True,/data/achahe/alpamayo-recipes/recipes/alpamayo1_5_distill/training/output_cd_eos2b_nav_e2_bs32_20260827/checkpoint-3126,"{""_target_"": ""alpamayo1_5_distill.models.stitched_model.StitchedAlpamayoR1.from_stitch"", ""alpamayo_config_path"": ""/data/achahe/alpasim/huggingface/hub/models--nvidia--Alpamayo-1.5-10B-A1-format"", ""attn_implementation"": ""sdpa"", ""checkpoint_path"": null, ""teacher_checkpoint_path"": ""/data/achahe/alpamayo-recipes/recipes/alpamayo1_5_distill/training/output_cd_eos2b_nav_e2_bs32_20260827/checkpoint-3126"", ""vlm_name_or_path"": ""/data/achahe/alpasim/huggingface/hub/Cosmos-Reason2-2B""}",alpamayo1_5_distill.models.stitched_model.StitchedAlpamayoR1.from_stitch,/home/achahe/alpamayo-recipes/recipes/alpamayo1_5_distill/outputs/2026-08-27/17-06-56/.hydra/config.yaml,/data/achahe/alpamayo-recipes/recipes/alpamayo1_5_distill/training/cd_eos2b_final_eos_checkpoint-3126_nfe2.log,
/data/achahe/alpamayo-recipes/recipes/alpamayo1_5_distill/training/cd_eos2b_fullteacher_ep1_eos_checkpoint-1563_nfe1.json,1000,1000,0,f95d4401b398e6f65b388822bc500b0d2c7454d9e700512f789b6299ce7e7da4,2.5347467679101974,1.9206033494677395,included,/data/achahe/alpamayo-recipes/recipes/alpamayo1_5_distill/training/output_cd_eos2b_fullteacher_cache_x0gtw0.1_nav_e2_bs32_20260828,output_cd_eos2b_fullteacher_cache_x0gtw0.1_nav_e2_bs32_20260828,/data/achahe/alpamayo-recipes/recipes/alpamayo1_5_distill/training/output_cd_eos2b_fullteacher_cache_x0gtw0.1_nav_e2_bs32_20260828/checkpoint-1563,True,1.0,action expert,1,alpamayo1_5_distill.data.camera_subset.CameraSubsetPAIDataset,/data/datasets/physical_ai_av/,/data/datasets/physical_ai_av/lcdrive_physicalai_av_manifests/lcdrive_val_mysubset_1k_clip_uuids.txt,/data/datasets/physical_ai_av/lcdrive_physicalai_av_manifests/nav_lcdrive_val_mysubset_1k.json,0-3146,"[1, 3]",annotation anchored,True,True,True,/data/achahe/alpamayo-recipes/recipes/alpamayo1_5_distill/training/output_cd_eos2b_fullteacher_cache_x0gtw0.1_nav_e2_bs32_20260828/checkpoint-1563,"{""_target_"": ""alpamayo1_5_distill.models.stitched_model.StitchedAlpamayoR1.from_stitch"", ""alpamayo_config_path"": ""/data/achahe/alpasim/huggingface/hub/models--nvidia--Alpamayo-1.5-10B-A1-format"", ""attn_implementation"": ""sdpa"", ""checkpoint_path"": null, ""teacher_checkpoint_path"": ""/data/achahe/alpamayo-recipes/recipes/alpamayo1_5_distill/training/output_cd_eos2b_fullteacher_cache_x0gtw0.1_nav_e2_bs32_20260828/checkpoint-1563"", ""vlm_name_or_path"": ""/data/achahe/alpasim/huggingface/hub/Cosmos-Reason2-2B""}",alpamayo1_5_distill.models.stitched_model.StitchedAlpamayoR1.from_stitch,/home/achahe/alpamayo-recipes/recipes/alpamayo1_5_distill/outputs/2026-08-28/16-19-24/.hydra/config.yaml,/data/achahe/alpamayo-recipes/recipes/alpamayo1_5_distill/training/cd_eos2b_fullteacher_ep1_eos_checkpoint-1563_nfe1.log,2 historical configs reference result; latest plus log used
/data/achahe/alpamayo-recipes/recipes/alpamayo1_5_distill/training/cd_eos2b_fullteacher_ep1_eos_checkpoint-1563_nfe2.json,1000,1000,0,f95d4401b398e6f65b388822bc500b0d2c7454d9e700512f789b6299ce7e7da4,2.4668155225664377,1.656448270441033,included,/data/achahe/alpamayo-recipes/recipes/alpamayo1_5_distill/training/output_cd_eos2b_fullteacher_cache_x0gtw0.1_nav_e2_bs32_20260828,output_cd_eos2b_fullteacher_cache_x0gtw0.1_nav_e2_bs32_20260828,/data/achahe/alpamayo-recipes/recipes/alpamayo1_5_distill/training/output_cd_eos2b_fullteacher_cache_x0gtw0.1_nav_e2_bs32_20260828/checkpoint-1563,True,1.0,action expert,2,alpamayo1_5_distill.data.camera_subset.CameraSubsetPAIDataset,/data/datasets/physical_ai_av/,/data/datasets/physical_ai_av/lcdrive_physicalai_av_manifests/lcdrive_val_mysubset_1k_clip_uuids.txt,/data/datasets/physical_ai_av/lcdrive_physicalai_av_manifests/nav_lcdrive_val_mysubset_1k.json,0-3146,"[1, 3]",annotation anchored,True,True,True,/data/achahe/alpamayo-recipes/recipes/alpamayo1_5_distill/training/output_cd_eos2b_fullteacher_cache_x0gtw0.1_nav_e2_bs32_20260828/checkpoint-1563,"{""_target_"": ""alpamayo1_5_distill.models.stitched_model.StitchedAlpamayoR1.from_stitch"", ""alpamayo_config_path"": ""/data/achahe/alpasim/huggingface/hub/models--nvidia--Alpamayo-1.5-10B-A1-format"", ""attn_implementation"": ""sdpa"", ""checkpoint_path"": null, ""teacher_checkpoint_path"": ""/data/achahe/alpamayo-recipes/recipes/alpamayo1_5_distill/training/output_cd_eos2b_fullteacher_cache_x0gtw0.1_nav_e2_bs32_20260828/checkpoint-1563"", ""vlm_name_or_path"": ""/data/achahe/alpasim/huggingface/hub/Cosmos-Reason2-2B""}",alpamayo1_5_distill.models.stitched_model.StitchedAlpamayoR1.from_stitch,/home/achahe/alpamayo-recipes/recipes/alpamayo1_5_distill/outputs/2026-08-28/16-28-54/.hydra/config.yaml,/data/achahe/alpamayo-recipes/recipes/alpamayo1_5_distill/training/cd_eos2b_fullteacher_ep1_eos_checkpoint-1563_nfe2.log,
/data/achahe/alpamayo-recipes/recipes/alpamayo1_5_distill/training/cd_eos2b_fullteacher_ep2_eos_checkpoint-3126_nfe1.json,1000,1000,0,f95d4401b398e6f65b388822bc500b0d2c7454d9e700512f789b6299ce7e7da4,2.5629849224500356,1.8027753314170987,included,/data/achahe/alpamayo-recipes/recipes/alpamayo1_5_distill/training/output_cd_eos2b_fullteacher_cache_x0gtw0.1_nav_e2_bs32_20260828,output_cd_eos2b_fullteacher_cache_x0gtw0.1_nav_e2_bs32_20260828,/data/achahe/alpamayo-recipes/recipes/alpamayo1_5_distill/training/output_cd_eos2b_fullteacher_cache_x0gtw0.1_nav_e2_bs32_20260828/checkpoint-3126,True,2.0,action expert,1,alpamayo1_5_distill.data.camera_subset.CameraSubsetPAIDataset,/data/datasets/physical_ai_av/,/data/datasets/physical_ai_av/lcdrive_physicalai_av_manifests/lcdrive_val_mysubset_1k_clip_uuids.txt,/data/datasets/physical_ai_av/lcdrive_physicalai_av_manifests/nav_lcdrive_val_mysubset_1k.json,0-3146,"[1, 3]",annotation anchored,True,True,True,,{},,,/data/achahe/alpamayo-recipes/recipes/alpamayo1_5_distill/training/cd_eos2b_fullteacher_ep2_eos_checkpoint-3126_nfe1.log,No matching Hydra config; log metadata used
/data/achahe/alpamayo-recipes/recipes/alpamayo1_5_distill/training/cd_eos2b_fullteacher_ep2_eos_checkpoint-3126_nfe2.json,1000,1000,0,f95d4401b398e6f65b388822bc500b0d2c7454d9e700512f789b6299ce7e7da4,2.530360253474675,1.5836863572974689,included,/data/achahe/alpamayo-recipes/recipes/alpamayo1_5_distill/training/output_cd_eos2b_fullteacher_cache_x0gtw0.1_nav_e2_bs32_20260828,output_cd_eos2b_fullteacher_cache_x0gtw0.1_nav_e2_bs32_20260828,/data/achahe/alpamayo-recipes/recipes/alpamayo1_5_distill/training/output_cd_eos2b_fullteacher_cache_x0gtw0.1_nav_e2_bs32_20260828/checkpoint-3126,True,2.0,action expert,2,alpamayo1_5_distill.data.camera_subset.CameraSubsetPAIDataset,/data/datasets/physical_ai_av/,/data/datasets/physical_ai_av/lcdrive_physicalai_av_manifests/lcdrive_val_mysubset_1k_clip_uuids.txt,/data/datasets/physical_ai_av/lcdrive_physicalai_av_manifests/nav_lcdrive_val_mysubset_1k.json,0-3146,"[1, 3]",annotation anchored,True,True,True,/data/achahe/alpamayo-recipes/recipes/alpamayo1_5_distill/training/output_cd_eos2b_fullteacher_cache_x0gtw0.1_nav_e2_bs32_20260828/checkpoint-3126,"{""_target_"": ""alpamayo1_5_distill.models.stitched_model.StitchedAlpamayoR1.from_stitch"", ""alpamayo_config_path"": ""/data/achahe/alpasim/huggingface/hub/models--nvidia--Alpamayo-1.5-10B-A1-format"", ""attn_implementation"": ""sdpa"", ""checkpoint_path"": null, ""teacher_checkpoint_path"": ""/data/achahe/alpamayo-recipes/recipes/alpamayo1_5_distill/training/output_cd_eos2b_fullteacher_cache_x0gtw0.1_nav_e2_bs32_20260828/checkpoint-3126"", ""vlm_name_or_path"": ""/data/achahe/alpasim/huggingface/hub/Cosmos-Reason2-2B""}",alpamayo1_5_distill.models.stitched_model.StitchedAlpamayoR1.from_stitch,/home/achahe/alpamayo-recipes/recipes/alpamayo1_5_distill/outputs/2026-08-28/19-00-17/.hydra/config.yaml,/data/achahe/alpamayo-recipes/recipes/alpamayo1_5_distill/training/cd_eos2b_fullteacher_ep2_eos_checkpoint-3126_nfe2.log,
/data/achahe/alpamayo-recipes/recipes/alpamayo1_5_distill/training/cd_eos2b_gt05_term03_ep2_eos_checkpoint-3126_nfe1.json,1000,1000,0,f95d4401b398e6f65b388822bc500b0d2c7454d9e700512f789b6299ce7e7da4,2.6460519268736244,1.559127231847495,included,/data/achahe/alpamayo-recipes/recipes/alpamayo1_5_distill/training/output_cd_eos2b_endpoint_gt05_term03_nav_e2_bs32_20260831,output_cd_eos2b_endpoint_gt05_term03_nav_e2_bs32_20260831,/data/achahe/alpamayo-recipes/recipes/alpamayo1_5_distill/training/output_cd_eos2b_endpoint_gt05_term03_nav_e2_bs32_20260831/checkpoint-3126,True,2.0,action expert,1,alpamayo1_5_distill.data.camera_subset.CameraSubsetPAIDataset,/data/datasets/physical_ai_av/,/data/datasets/physical_ai_av/lcdrive_physicalai_av_manifests/lcdrive_val_mysubset_1k_clip_uuids.txt,/data/datasets/physical_ai_av/lcdrive_physicalai_av_manifests/nav_lcdrive_val_mysubset_1k.json,0-3146,"[1, 3]",annotation anchored,True,True,True,/data/achahe/alpamayo-recipes/recipes/alpamayo1_5_distill/training/output_cd_eos2b_endpoint_gt05_term03_nav_e2_bs32_20260831/checkpoint-3126,"{""_target_"": ""alpamayo1_5_distill.models.stitched_model.StitchedAlpamayoR1.from_stitch"", ""alpamayo_config_path"": ""/data/achahe/alpasim/huggingface/hub/models--nvidia--Alpamayo-1.5-10B-A1-format"", ""attn_implementation"": ""sdpa"", ""checkpoint_path"": null, ""teacher_checkpoint_path"": ""/data/achahe/alpamayo-recipes/recipes/alpamayo1_5_distill/training/output_cd_eos2b_endpoint_gt05_term03_nav_e2_bs32_20260831/checkpoint-3126"", ""vlm_name_or_path"": ""/data/achahe/alpasim/huggingface/hub/Cosmos-Reason2-2B""}",alpamayo1_5_distill.models.stitched_model.StitchedAlpamayoR1.from_stitch,/home/achahe/alpamayo-recipes/recipes/alpamayo1_5_distill/outputs/2026-09-01/02-57-52/.hydra/config.yaml,/data/achahe/alpamayo-recipes/recipes/alpamayo1_5_distill/training/cd_eos2b_gt05_term03_ep2_eos_checkpoint-3126_nfe1.log,
/data/achahe/alpamayo-recipes/recipes/alpamayo1_5_distill/training/cd_eos2b_gt05_term03_ep2_eos_checkpoint-3126_nfe2.json,1000,1000,0,f95d4401b398e6f65b388822bc500b0d2c7454d9e700512f789b6299ce7e7da4,2.5171922040591017,1.3567154598203488,included,/data/achahe/alpamayo-recipes/recipes/alpamayo1_5_distill/training/output_cd_eos2b_endpoint_gt05_term03_nav_e2_bs32_20260831,output_cd_eos2b_endpoint_gt05_term03_nav_e2_bs32_20260831,/data/achahe/alpamayo-recipes/recipes/alpamayo1_5_distill/training/output_cd_eos2b_endpoint_gt05_term03_nav_e2_bs32_20260831/checkpoint-3126,True,2.0,action expert,2,alpamayo1_5_distill.data.camera_subset.CameraSubsetPAIDataset,/data/datasets/physical_ai_av/,/data/datasets/physical_ai_av/lcdrive_physicalai_av_manifests/lcdrive_val_mysubset_1k_clip_uuids.txt,/data/datasets/physical_ai_av/lcdrive_physicalai_av_manifests/nav_lcdrive_val_mysubset_1k.json,0-3146,"[1, 3]",annotation anchored,True,True,True,,{},,,/data/achahe/alpamayo-recipes/recipes/alpamayo1_5_distill/training/cd_eos2b_gt05_term03_ep2_eos_checkpoint-3126_nfe2.log,No matching Hydra config; log metadata used
/data/achahe/alpamayo-recipes/recipes/alpamayo1_5_distill/training/cd_eos2b_gt05_term06_ep2_eos_checkpoint-3126_nfe1.json,1000,1000,0,f95d4401b398e6f65b388822bc500b0d2c7454d9e700512f789b6299ce7e7da4,2.6401540346965193,1.5570922142732888,included,/data/achahe/alpamayo-recipes/recipes/alpamayo1_5_distill/training/output_cd_eos2b_endpoint_gt05_term06_nav_e2_bs32_20260831,output_cd_eos2b_endpoint_gt05_term06_nav_e2_bs32_20260831,/data/achahe/alpamayo-recipes/recipes/alpamayo1_5_distill/training/output_cd_eos2b_endpoint_gt05_term06_nav_e2_bs32_20260831/checkpoint-3126,True,2.0,action expert,1,alpamayo1_5_distill.data.camera_subset.CameraSubsetPAIDataset,/data/datasets/physical_ai_av/,/data/datasets/physical_ai_av/lcdrive_physicalai_av_manifests/lcdrive_val_mysubset_1k_clip_uuids.txt,/data/datasets/physical_ai_av/lcdrive_physicalai_av_manifests/nav_lcdrive_val_mysubset_1k.json,0-3146,"[1, 3]",annotation anchored,True,True,True,,{},,,/data/achahe/alpamayo-recipes/recipes/alpamayo1_5_distill/training/cd_eos2b_gt05_term06_ep2_eos_checkpoint-3126_nfe1.log,No matching Hydra config; log metadata used
/data/achahe/alpamayo-recipes/recipes/alpamayo1_5_distill/training/cd_eos2b_gt05_term06_ep2_eos_checkpoint-3126_nfe2.json,1000,1000,0,f95d4401b398e6f65b388822bc500b0d2c7454d9e700512f789b6299ce7e7da4,2.5581680913334712,1.3581224123919382,included,/data/achahe/alpamayo-recipes/recipes/alpamayo1_5_distill/training/output_cd_eos2b_endpoint_gt05_term06_nav_e2_bs32_20260831,output_cd_eos2b_endpoint_gt05_term06_nav_e2_bs32_20260831,/data/achahe/alpamayo-recipes/recipes/alpamayo1_5_distill/training/output_cd_eos2b_endpoint_gt05_term06_nav_e2_bs32_20260831/checkpoint-3126,True,2.0,action expert,2,alpamayo1_5_distill.data.camera_subset.CameraSubsetPAIDataset,/data/datasets/physical_ai_av/,/data/datasets/physical_ai_av/lcdrive_physicalai_av_manifests/lcdrive_val_mysubset_1k_clip_uuids.txt,/data/datasets/physical_ai_av/lcdrive_physicalai_av_manifests/nav_lcdrive_val_mysubset_1k.json,0-3146,"[1, 3]",annotation anchored,True,True,True,,{},,,/data/achahe/alpamayo-recipes/recipes/alpamayo1_5_distill/training/cd_eos2b_gt05_term06_ep2_eos_checkpoint-3126_nfe2.log,No matching Hydra config; log metadata used
/data/achahe/alpamayo-recipes/recipes/alpamayo1_5_distill/training/cd_eos2b_mix_endpoint_gt03_ep2_eos_checkpoint-3126_nfe1.json,1000,1000,0,f95d4401b398e6f65b388822bc500b0d2c7454d9e700512f789b6299ce7e7da4,2.1013001959826796,1.3512575737461447,included,/data/achahe/alpamayo-recipes/recipes/alpamayo1_5_distill/training/output_cd_eos2b_mix_endpoint_gt03_nav_e2,output_cd_eos2b_mix_endpoint_gt03_nav_e2,/data/achahe/alpamayo-recipes/recipes/alpamayo1_5_distill/training/output_cd_eos2b_mix_endpoint_gt03_nav_e2/checkpoint-3126,True,2.0,action expert,1,alpamayo1_5_distill.data.camera_subset.CameraSubsetPAIDataset,/data/datasets/physical_ai_av/,/data/datasets/physical_ai_av/lcdrive_physicalai_av_manifests/lcdrive_val_mysubset_1k_clip_uuids.txt,/data/datasets/physical_ai_av/lcdrive_physicalai_av_manifests/nav_lcdrive_val_mysubset_1k.json,0-3146,"[1, 3]",annotation anchored,True,True,True,/data/achahe/alpamayo-recipes/recipes/alpamayo1_5_distill/training/output_cd_eos2b_mix_endpoint_gt03_nav_e2/checkpoint-3126,"{""_target_"": ""alpamayo1_5_distill.models.stitched_model.StitchedAlpamayoR1.from_stitch"", ""alpamayo_config_path"": ""/data/achahe/alpasim/huggingface/hub/models--nvidia--Alpamayo-1.5-10B-A1-format"", ""attn_implementation"": ""sdpa"", ""checkpoint_path"": null, ""layer_mix"": true, ""layer_mix_blocks"": 4, ""layer_mix_expert_layers"": 36, ""layer_mix_gain"": false, ""layer_mix_sharpen"": 0.75, ""teacher_checkpoint_path"": ""/data/achahe/alpamayo-recipes/recipes/alpamayo1_5_distill/training/output_cd_eos2b_mix_endpoint_gt03_nav_e2/checkpoint-3126"", ""vlm_name_or_path"": ""/data/achahe/alpasim/huggingface/hub/Cosmos-Reason2-2B""}",alpamayo1_5_distill.models.stitched_model.StitchedAlpamayoR1.from_stitch,/home/achahe/alpamayo-recipes/recipes/alpamayo1_5_distill/outputs/2026-09-07/10-57-05/.hydra/config.yaml,/data/achahe/alpamayo-recipes/recipes/alpamayo1_5_distill/training/cd_eos2b_mix_endpoint_gt03_ep2_eos_checkpoint-3126_nfe1.log,
/data/achahe/alpamayo-recipes/recipes/alpamayo1_5_distill/training/cd_eos2b_mix_endpoint_gt03_ep2_eos_checkpoint-3126_nfe2.json,1000,1000,0,f95d4401b398e6f65b388822bc500b0d2c7454d9e700512f789b6299ce7e7da4,2.1613408086742276,1.1335635676654057,included,/data/achahe/alpamayo-recipes/recipes/alpamayo1_5_distill/training/output_cd_eos2b_mix_endpoint_gt03_nav_e2,output_cd_eos2b_mix_endpoint_gt03_nav_e2,/data/achahe/alpamayo-recipes/recipes/alpamayo1_5_distill/training/output_cd_eos2b_mix_endpoint_gt03_nav_e2/checkpoint-3126,True,2.0,action expert,2,alpamayo1_5_distill.data.camera_subset.CameraSubsetPAIDataset,/data/datasets/physical_ai_av/,/data/datasets/physical_ai_av/lcdrive_physicalai_av_manifests/lcdrive_val_mysubset_1k_clip_uuids.txt,/data/datasets/physical_ai_av/lcdrive_physicalai_av_manifests/nav_lcdrive_val_mysubset_1k.json,0-3146,"[1, 3]",annotation anchored,True,True,True,/data/achahe/alpamayo-recipes/recipes/alpamayo1_5_distill/training/output_cd_eos2b_mix_endpoint_gt03_nav_e2/checkpoint-3126,"{""_target_"": ""alpamayo1_5_distill.models.stitched_model.StitchedAlpamayoR1.from_stitch"", ""alpamayo_config_path"": ""/data/achahe/alpasim/huggingface/hub/models--nvidia--Alpamayo-1.5-10B-A1-format"", ""attn_implementation"": ""sdpa"", ""checkpoint_path"": null, ""layer_mix"": true, ""layer_mix_blocks"": 4, ""layer_mix_expert_layers"": 36, ""layer_mix_gain"": false, ""layer_mix_sharpen"": 0.75, ""teacher_checkpoint_path"": ""/data/achahe/alpamayo-recipes/recipes/alpamayo1_5_distill/training/output_cd_eos2b_mix_endpoint_gt03_nav_e2/checkpoint-3126"", ""vlm_name_or_path"": ""/data/achahe/alpasim/huggingface/hub/Cosmos-Reason2-2B""}",alpamayo1_5_distill.models.stitched_model.StitchedAlpamayoR1.from_stitch,/home/achahe/alpamayo-recipes/recipes/alpamayo1_5_distill/outputs/2026-09-07/10-57-04/.hydra/config.yaml,/data/achahe/alpamayo-recipes/recipes/alpamayo1_5_distill/training/cd_eos2b_mix_endpoint_gt03_ep2_eos_checkpoint-3126_nfe2.log,
/data/achahe/alpamayo-recipes/recipes/alpamayo1_5_distill/training/cd_eos2b_x0gtw0.1_e1_eos_checkpoint-1563_nfe1.json,1000,1000,0,f95d4401b398e6f65b388822bc500b0d2c7454d9e700512f789b6299ce7e7da4,2.5204265930261465,1.9164807725716382,included,/data/achahe/alpamayo-recipes/recipes/alpamayo1_5_distill/training/output_cd_eos2b_x0gtw0.1_nav_e2_bs32_20260827,output_cd_eos2b_x0gtw0.1_nav_e2_bs32_20260827,/data/achahe/alpamayo-recipes/recipes/alpamayo1_5_distill/training/output_cd_eos2b_x0gtw0.1_nav_e2_bs32_20260827/checkpoint-1563,True,1.0,action expert,1,alpamayo1_5_distill.data.camera_subset.CameraSubsetPAIDataset,/data/datasets/physical_ai_av/,/data/datasets/physical_ai_av/lcdrive_physicalai_av_manifests/lcdrive_val_mysubset_1k_clip_uuids.txt,/data/datasets/physical_ai_av/lcdrive_physicalai_av_manifests/nav_lcdrive_val_mysubset_1k.json,0-3146,"[1, 3]",annotation anchored,True,True,True,,{},,,/data/achahe/alpamayo-recipes/recipes/alpamayo1_5_distill/training/cd_eos2b_x0gtw0.1_e1_eos_checkpoint-1563_nfe1.log,No matching Hydra config; log metadata used
/data/achahe/alpamayo-recipes/recipes/alpamayo1_5_distill/training/cd_eos2b_x0gtw0.1_e1_eos_checkpoint-1563_nfe2.json,1000,1000,0,f95d4401b398e6f65b388822bc500b0d2c7454d9e700512f789b6299ce7e7da4,2.4552032069526613,1.6682406477425247,included,/data/achahe/alpamayo-recipes/recipes/alpamayo1_5_distill/training/output_cd_eos2b_x0gtw0.1_nav_e2_bs32_20260827,output_cd_eos2b_x0gtw0.1_nav_e2_bs32_20260827,/data/achahe/alpamayo-recipes/recipes/alpamayo1_5_distill/training/output_cd_eos2b_x0gtw0.1_nav_e2_bs32_20260827/checkpoint-1563,True,1.0,action expert,2,alpamayo1_5_distill.data.camera_subset.CameraSubsetPAIDataset,/data/datasets/physical_ai_av/,/data/datasets/physical_ai_av/lcdrive_physicalai_av_manifests/lcdrive_val_mysubset_1k_clip_uuids.txt,/data/datasets/physical_ai_av/lcdrive_physicalai_av_manifests/nav_lcdrive_val_mysubset_1k.json,0-3146,"[1, 3]",annotation anchored,True,True,True,,{},,,/data/achahe/alpamayo-recipes/recipes/alpamayo1_5_distill/training/cd_eos2b_x0gtw0.1_e1_eos_checkpoint-1563_nfe2.log,No matching Hydra config; log metadata used
/data/achahe/alpamayo-recipes/recipes/alpamayo1_5_distill/training/cd_eos2b_x0gtw0.1_e2_eos_checkpoint-3126_nfe1.json,1000,1000,0,f95d4401b398e6f65b388822bc500b0d2c7454d9e700512f789b6299ce7e7da4,2.531153232032433,1.7899704585503786,included,/data/achahe/alpamayo-recipes/recipes/alpamayo1_5_distill/training/output_cd_eos2b_x0gtw0.1_nav_e2_bs32_20260827,output_cd_eos2b_x0gtw0.1_nav_e2_bs32_20260827,/data/achahe/alpamayo-recipes/recipes/alpamayo1_5_distill/training/output_cd_eos2b_x0gtw0.1_nav_e2_bs32_20260827/checkpoint-3126,True,2.0,action expert,1,alpamayo1_5_distill.data.camera_subset.CameraSubsetPAIDataset,/data/datasets/physical_ai_av/,/data/datasets/physical_ai_av/lcdrive_physicalai_av_manifests/lcdrive_val_mysubset_1k_clip_uuids.txt,/data/datasets/physical_ai_av/lcdrive_physicalai_av_manifests/nav_lcdrive_val_mysubset_1k.json,0-3146,"[1, 3]",annotation anchored,True,True,True,/data/achahe/alpamayo-recipes/recipes/alpamayo1_5_distill/training/output_cd_eos2b_x0gtw0.1_nav_e2_bs32_20260827/checkpoint-3126,"{""_target_"": ""alpamayo1_5_distill.models.stitched_model.StitchedAlpamayoR1.from_stitch"", ""alpamayo_config_path"": ""/data/achahe/alpasim/huggingface/hub/models--nvidia--Alpamayo-1.5-10B-A1-format"", ""attn_implementation"": ""sdpa"", ""checkpoint_path"": null, ""teacher_checkpoint_path"": ""/data/achahe/alpamayo-recipes/recipes/alpamayo1_5_distill/training/output_cd_eos2b_x0gtw0.1_nav_e2_bs32_20260827/checkpoint-3126"", ""vlm_name_or_path"": ""/data/achahe/alpasim/huggingface/hub/Cosmos-Reason2-2B""}",alpamayo1_5_distill.models.stitched_model.StitchedAlpamayoR1.from_stitch,/home/achahe/alpamayo-recipes/recipes/alpamayo1_5_distill/outputs/2026-08-28/09-47-31/.hydra/config.yaml,/data/achahe/alpamayo-recipes/recipes/alpamayo1_5_distill/training/cd_eos2b_x0gtw0.1_e2_eos_checkpoint-3126_nfe1.log,
/data/achahe/alpamayo-recipes/recipes/alpamayo1_5_distill/training/cd_eos2b_x0gtw0.1_e2_eos_checkpoint-3126_nfe2.json,1000,1000,0,f95d4401b398e6f65b388822bc500b0d2c7454d9e700512f789b6299ce7e7da4,2.5204238574001936,1.6100587563784794,included,/data/achahe/alpamayo-recipes/recipes/alpamayo1_5_distill/training/output_cd_eos2b_x0gtw0.1_nav_e2_bs32_20260827,output_cd_eos2b_x0gtw0.1_nav_e2_bs32_20260827,/data/achahe/alpamayo-recipes/recipes/alpamayo1_5_distill/training/output_cd_eos2b_x0gtw0.1_nav_e2_bs32_20260827/checkpoint-3126,True,2.0,action expert,2,alpamayo1_5_distill.data.camera_subset.CameraSubsetPAIDataset,/data/datasets/physical_ai_av/,/data/datasets/physical_ai_av/lcdrive_physicalai_av_manifests/lcdrive_val_mysubset_1k_clip_uuids.txt,/data/datasets/physical_ai_av/lcdrive_physicalai_av_manifests/nav_lcdrive_val_mysubset_1k.json,0-3146,"[1, 3]",annotation anchored,True,True,True,/data/achahe/alpamayo-recipes/recipes/alpamayo1_5_distill/training/output_cd_eos2b_x0gtw0.1_nav_e2_bs32_20260827/checkpoint-3126,"{""_target_"": ""alpamayo1_5_distill.models.stitched_model.StitchedAlpamayoR1.from_stitch"", ""alpamayo_config_path"": ""/data/achahe/alpasim/huggingface/hub/models--nvidia--Alpamayo-1.5-10B-A1-format"", ""attn_implementation"": ""sdpa"", ""checkpoint_path"": null, ""teacher_checkpoint_path"": ""/data/achahe/alpamayo-recipes/recipes/alpamayo1_5_distill/training/output_cd_eos2b_x0gtw0.1_nav_e2_bs32_20260827/checkpoint-3126"", ""vlm_name_or_path"": ""/data/achahe/alpasim/huggingface/hub/Cosmos-Reason2-2B""}",alpamayo1_5_distill.models.stitched_model.StitchedAlpamayoR1.from_stitch,/home/achahe/alpamayo-recipes/recipes/alpamayo1_5_distill/outputs/2026-08-28/09-47-30/.hydra/config.yaml,/data/achahe/alpamayo-recipes/recipes/alpamayo1_5_distill/training/cd_eos2b_x0gtw0.1_e2_eos_checkpoint-3126_nfe2.log,
/data/achahe/alpamayo-recipes/recipes/alpamayo1_5_distill/training/e3_ctl.json,500,500,0,a91ca21b2ef42ec47578764930c8607cb24aaf0d2ea2f87f372491484101a9dd,5.12714466557838,4.296621560570318,included,/data/achahe/alpamayo-recipes/recipes/alpamayo1_5_distill/training/output_stage1_kava_control_lcdrive,output_stage1_kava_control_lcdrive,/data/achahe/alpamayo-recipes/recipes/alpamayo1_5_distill/training/output_stage1_kava_control_lcdrive/checkpoint-2397,True,1.0,token,,alpamayo1_5_distill.data.kava_dataset.KaVaPAIDataset,/data/datasets/physical_ai_av/,/data/datasets/physical_ai_av/lcdrive_physicalai_av_manifests/lcdrive_val_clip_uuids.txt,,0-3146,"[0, 1, 2, 3]",default keyframe,False,False,False,,{},,,/data/achahe/alpamayo-recipes/recipes/alpamayo1_5_distill/training/e3_ctl.log,No matching Hydra config; log metadata used
/data/achahe/alpamayo-recipes/recipes/alpamayo1_5_distill/training/e3_kava.json,500,500,0,a91ca21b2ef42ec47578764930c8607cb24aaf0d2ea2f87f372491484101a9dd,5.764210872208699,4.021315999267623,included,/data/achahe/alpamayo-recipes/recipes/alpamayo1_5_distill/training/output_stage1_kava_cosmos2b_lcdrive,output_stage1_kava_cosmos2b_lcdrive,/data/achahe/alpamayo-recipes/recipes/alpamayo1_5_distill/training/output_stage1_kava_cosmos2b_lcdrive/checkpoint-2397,True,1.0,token,,alpamayo1_5_distill.data.kava_dataset.KaVaPAIDataset,/data/datasets/physical_ai_av/,/data/datasets/physical_ai_av/lcdrive_physicalai_av_manifests/lcdrive_val_clip_uuids.txt,,0-3146,"[0, 1, 2, 3]",default keyframe,False,False,False,,"{""_target_"": ""alpamayo1_5_distill.models.kava_model.KaVaReasoningVLA.from_pretrained_vlm"", ""alpamayo_config_path"": ""/data/achahe/alpasim/huggingface/hub/models--nvidia--Alpamayo-1.5-10B-A1-format"", ""checkpoint_path"": null, ""kava"": {""jacobi_iters"": 1, ""kv_align"": ""projector"", ""kv_layer_map"": null, ""kv_layerwise_std"": true, ""kv_loss_type"": ""l1"", ""kv_loss_weight"": 1.0, ""num_slots"": 8, ""slot_init"": ""vocab"", ""slot_init_cot_text"": null, ""slot_init_std"": 0.02, ""teacher_layers"": 36}, ""kava_checkpoint_path"": ""/data/achahe/alpamayo-recipes/recipes/alpamayo1_5_distill/training/output_stage1_kava_cosmos2b_lcdrive/checkpoint-2397"", ""latent_cosine_weight"": 0.1, ""latent_loss_weight"": 0.0, ""teacher_hidden_dim"": 4096, ""vlm_name_or_path"": ""/data/achahe/alpasim/huggingface/hub/Cosmos-Reason2-2B"", ""zero_slots"": false}",alpamayo1_5_distill.models.kava_model.KaVaReasoningVLA.from_pretrained_vlm,/home/achahe/alpamayo-recipes/recipes/alpamayo1_5_distill/outputs/2026-08-03/18-10-11/.hydra/config.yaml,/data/achahe/alpamayo-recipes/recipes/alpamayo1_5_distill/training/e3_kava.log,
/data/achahe/alpamayo-recipes/recipes/alpamayo1_5_distill/training/e3_zeroed.json,500,500,0,a91ca21b2ef42ec47578764930c8607cb24aaf0d2ea2f87f372491484101a9dd,5.817637457391247,4.0452871869578955,included,/data/achahe/alpamayo-recipes/recipes/alpamayo1_5_distill/training/output_stage1_kava_cosmos2b_lcdrive,output_stage1_kava_cosmos2b_lcdrive,/data/achahe/alpamayo-recipes/recipes/alpamayo1_5_distill/training/output_stage1_kava_cosmos2b_lcdrive/checkpoint-2397,True,1.0,token,,alpamayo1_5_distill.data.kava_dataset.KaVaPAIDataset,/data/datasets/physical_ai_av/,/data/datasets/physical_ai_av/lcdrive_physicalai_av_manifests/lcdrive_val_clip_uuids.txt,,0-3146,"[0, 1, 2, 3]",default keyframe,False,False,False,,"{""_target_"": ""alpamayo1_5_distill.models.kava_model.KaVaReasoningVLA.from_pretrained_vlm"", ""alpamayo_config_path"": ""/data/achahe/alpasim/huggingface/hub/models--nvidia--Alpamayo-1.5-10B-A1-format"", ""checkpoint_path"": null, ""kava"": {""jacobi_iters"": 1, ""kv_align"": ""projector"", ""kv_layer_map"": null, ""kv_layerwise_std"": true, ""kv_loss_type"": ""l1"", ""kv_loss_weight"": 1.0, ""num_slots"": 8, ""slot_init"": ""vocab"", ""slot_init_cot_text"": null, ""slot_init_std"": 0.02, ""teacher_layers"": 36}, ""kava_checkpoint_path"": ""/data/achahe/alpamayo-recipes/recipes/alpamayo1_5_distill/training/output_stage1_kava_cosmos2b_lcdrive/checkpoint-2397"", ""latent_cosine_weight"": 0.1, ""latent_loss_weight"": 0.0, ""teacher_hidden_dim"": 4096, ""vlm_name_or_path"": ""/data/achahe/alpasim/huggingface/hub/Cosmos-Reason2-2B"", ""zero_slots"": true}",alpamayo1_5_distill.models.kava_model.KaVaReasoningVLA.from_pretrained_vlm,/home/achahe/alpamayo-recipes/recipes/alpamayo1_5_distill/outputs/2026-08-03/18-10-10/.hydra/config.yaml,/data/achahe/alpamayo-recipes/recipes/alpamayo1_5_distill/training/e3_zeroed.log,
/data/achahe/alpamayo-recipes/recipes/alpamayo1_5_distill/training/eT2_t2slots.json,500,500,0,a91ca21b2ef42ec47578764930c8607cb24aaf0d2ea2f87f372491484101a9dd,9.56962214909494,4.164649596562609,included,/data/achahe/alpamayo-recipes/recipes/alpamayo1_5_distill/training/output_kava_T2_bs48_lcdrive,output_kava_T2_bs48_lcdrive,/data/achahe/alpamayo-recipes/recipes/alpamayo1_5_distill/training/output_kava_T2_bs48_lcdrive/checkpoint-799,True,1.0,token,,alpamayo1_5_distill.data.kava_dataset.KaVaPAIDataset,/data/datasets/physical_ai_av/,/data/datasets/physical_ai_av/lcdrive_physicalai_av_manifests/lcdrive_val_clip_uuids.txt,,0-3146,"[0, 1, 2, 3]",default keyframe,False,False,False,,"{""_target_"": ""alpamayo1_5_distill.models.kava_model.KaVaReasoningVLA.from_pretrained_vlm"", ""alpamayo_config_path"": ""/data/achahe/alpasim/huggingface/hub/models--nvidia--Alpamayo-1.5-10B-A1-format"", ""checkpoint_path"": null, ""kava"": {""jacobi_iters"": 2, ""kv_align"": ""projector"", ""kv_layer_map"": null, ""kv_layerwise_std"": true, ""kv_loss_type"": ""l1"", ""kv_loss_weight"": 1.0, ""num_slots"": 8, ""slot_init"": ""vocab"", ""slot_init_cot_text"": null, ""slot_init_std"": 0.02, ""teacher_layers"": 36}, ""kava_checkpoint_path"": ""/data/achahe/alpamayo-recipes/recipes/alpamayo1_5_distill/training/output_kava_T2_bs48_lcdrive/checkpoint-799"", ""latent_cosine_weight"": 0.1, ""latent_loss_weight"": 0.0, ""teacher_hidden_dim"": 4096, ""vlm_name_or_path"": ""/data/achahe/alpasim/huggingface/hub/Cosmos-Reason2-2B"", ""zero_slots"": false}",alpamayo1_5_distill.models.kava_model.KaVaReasoningVLA.from_pretrained_vlm,/home/achahe/alpamayo-recipes/recipes/alpamayo1_5_distill/outputs/2026-08-04/15-08-14/.hydra/config.yaml,/data/achahe/alpamayo-recipes/recipes/alpamayo1_5_distill/training/eT2_t2slots.log,2 historical configs reference result; latest plus log used
/data/achahe/alpamayo-recipes/recipes/alpamayo1_5_distill/training/eT2_t2zeroed.json,500,500,0,a91ca21b2ef42ec47578764930c8607cb24aaf0d2ea2f87f372491484101a9dd,27.118739969976247,7.940213781643659,included,/data/achahe/alpamayo-recipes/recipes/alpamayo1_5_distill/training/output_kava_T2_bs48_lcdrive,output_kava_T2_bs48_lcdrive,/data/achahe/alpamayo-recipes/recipes/alpamayo1_5_distill/training/output_kava_T2_bs48_lcdrive/checkpoint-799,True,1.0,token,,alpamayo1_5_distill.data.kava_dataset.KaVaPAIDataset,/data/datasets/physical_ai_av/,/data/datasets/physical_ai_av/lcdrive_physicalai_av_manifests/lcdrive_val_clip_uuids.txt,,0-3146,"[0, 1, 2, 3]",default keyframe,False,False,False,,"{""_target_"": ""alpamayo1_5_distill.models.kava_model.KaVaReasoningVLA.from_pretrained_vlm"", ""alpamayo_config_path"": ""/data/achahe/alpasim/huggingface/hub/models--nvidia--Alpamayo-1.5-10B-A1-format"", ""checkpoint_path"": null, ""kava"": {""jacobi_iters"": 2, ""kv_align"": ""projector"", ""kv_layer_map"": null, ""kv_layerwise_std"": true, ""kv_loss_type"": ""l1"", ""kv_loss_weight"": 1.0, ""num_slots"": 8, ""slot_init"": ""vocab"", ""slot_init_cot_text"": null, ""slot_init_std"": 0.02, ""teacher_layers"": 36}, ""kava_checkpoint_path"": ""/data/achahe/alpamayo-recipes/recipes/alpamayo1_5_distill/training/output_kava_T2_bs48_lcdrive/checkpoint-799"", ""latent_cosine_weight"": 0.1, ""latent_loss_weight"": 0.0, ""teacher_hidden_dim"": 4096, ""vlm_name_or_path"": ""/data/achahe/alpasim/huggingface/hub/Cosmos-Reason2-2B"", ""zero_slots"": true}",alpamayo1_5_distill.models.kava_model.KaVaReasoningVLA.from_pretrained_vlm,/home/achahe/alpamayo-recipes/recipes/alpamayo1_5_distill/outputs/2026-08-04/15-08-15/.hydra/config.yaml,/data/achahe/alpamayo-recipes/recipes/alpamayo1_5_distill/training/eT2_t2zeroed.log,3 historical configs reference result; latest plus log used
/data/achahe/alpamayo-recipes/recipes/alpamayo1_5_distill/training/ectl_ctlslots.json,500,500,0,a91ca21b2ef42ec47578764930c8607cb24aaf0d2ea2f87f372491484101a9dd,4.838278793280013,4.3189267608355735,included,/data/achahe/alpamayo-recipes/recipes/alpamayo1_5_distill/training/output_kava_noaux_T2_bs48_lcdrive,output_kava_noaux_T2_bs48_lcdrive,/data/achahe/alpamayo-recipes/recipes/alpamayo1_5_distill/training/output_kava_noaux_T2_bs48_lcdrive/checkpoint-799,True,1.0,token,,alpamayo1_5_distill.data.kava_dataset.KaVaPAIDataset,/data/datasets/physical_ai_av/,/data/datasets/physical_ai_av/lcdrive_physicalai_av_manifests/lcdrive_val_clip_uuids.txt,,0-3146,"[0, 1, 2, 3]",default keyframe,False,False,False,,{},,,/data/achahe/alpamayo-recipes/recipes/alpamayo1_5_distill/training/ectl_ctlslots.log,No matching Hydra config; log metadata used
/data/achahe/alpamayo-recipes/recipes/alpamayo1_5_distill/training/ectl_ctlzeroed.json,500,500,0,a91ca21b2ef42ec47578764930c8607cb24aaf0d2ea2f87f372491484101a9dd,4.662820090969094,4.254073252948001,included,/data/achahe/alpamayo-recipes/recipes/alpamayo1_5_distill/training/output_kava_noaux_T2_bs48_lcdrive,output_kava_noaux_T2_bs48_lcdrive,/data/achahe/alpamayo-recipes/recipes/alpamayo1_5_distill/training/output_kava_noaux_T2_bs48_lcdrive/checkpoint-799,True,1.0,token,,alpamayo1_5_distill.data.kava_dataset.KaVaPAIDataset,/data/datasets/physical_ai_av/,/data/datasets/physical_ai_av/lcdrive_physicalai_av_manifests/lcdrive_val_clip_uuids.txt,,0-3146,"[0, 1, 2, 3]",default keyframe,False,False,False,,"{""_target_"": ""alpamayo1_5_distill.models.kava_model.KaVaReasoningVLA.from_pretrained_vlm"", ""alpamayo_config_path"": ""/data/achahe/alpasim/huggingface/hub/models--nvidia--Alpamayo-1.5-10B-A1-format"", ""checkpoint_path"": null, ""kava"": {""jacobi_iters"": 2, ""kv_align"": ""projector"", ""kv_layer_map"": null, ""kv_layerwise_std"": true, ""kv_loss_type"": ""l1"", ""kv_loss_weight"": 1.0, ""num_slots"": 8, ""slot_init"": ""vocab"", ""slot_init_cot_text"": null, ""slot_init_std"": 0.02, ""teacher_layers"": 36}, ""kava_checkpoint_path"": ""/data/achahe/alpamayo-recipes/recipes/alpamayo1_5_distill/training/output_kava_noaux_T2_bs48_lcdrive/checkpoint-799"", ""latent_cosine_weight"": 0.1, ""latent_loss_weight"": 0.0, ""teacher_hidden_dim"": 4096, ""vlm_name_or_path"": ""/data/achahe/alpasim/huggingface/hub/Cosmos-Reason2-2B"", ""zero_slots"": true}",alpamayo1_5_distill.models.kava_model.KaVaReasoningVLA.from_pretrained_vlm,/home/achahe/alpamayo-recipes/recipes/alpamayo1_5_distill/outputs/2026-08-05/09-43-26/.hydra/config.yaml,/data/achahe/alpamayo-recipes/recipes/alpamayo1_5_distill/training/ectl_ctlzeroed.log,
/data/achahe/alpamayo-recipes/recipes/alpamayo1_5_distill/training/eos2b_baseline_eos_checkpoint-4168_nfe1.json,1000,1000,0,f95d4401b398e6f65b388822bc500b0d2c7454d9e700512f789b6299ce7e7da4,2.5830147393383087,2.0590079327430577,included,/data/achahe/alpamayo-recipes/recipes/alpamayo1_5_distill/training/output_eos_2b_nav_e3_clean_maskfix_e2_lcdrive,output_eos_2b_nav_e3_clean_maskfix_e2_lcdrive,/data/achahe/alpamayo-recipes/recipes/alpamayo1_5_distill/training/output_eos_2b_nav_e3_clean_maskfix_e2_lcdrive/checkpoint-4168,True,2.0,action expert,1,alpamayo1_5_distill.data.camera_subset.CameraSubsetPAIDataset,/data/datasets/physical_ai_av/,/data/datasets/physical_ai_av/lcdrive_physicalai_av_manifests/lcdrive_val_mysubset_1k_clip_uuids.txt,/data/datasets/physical_ai_av/lcdrive_physicalai_av_manifests/nav_lcdrive_val_mysubset_1k.json,0-3146,"[1, 3]",annotation anchored,True,True,True,/data/achahe/alpamayo-recipes/recipes/alpamayo1_5_distill/training/output_eos_2b_nav_e3_clean_maskfix_e2_lcdrive/checkpoint-4168,"{""_target_"": ""alpamayo1_5_distill.models.stitched_model.StitchedAlpamayoR1.from_stitch"", ""alpamayo_config_path"": ""/data/achahe/alpasim/huggingface/hub/models--nvidia--Alpamayo-1.5-10B-A1-format"", ""attn_implementation"": ""sdpa"", ""checkpoint_path"": null, ""teacher_checkpoint_path"": ""/data/achahe/alpamayo-recipes/recipes/alpamayo1_5_distill/training/output_eos_2b_nav_e3_clean_maskfix_e2_lcdrive/checkpoint-4168"", ""vlm_name_or_path"": ""/data/achahe/alpasim/huggingface/hub/Cosmos-Reason2-2B""}",alpamayo1_5_distill.models.stitched_model.StitchedAlpamayoR1.from_stitch,/home/achahe/alpamayo-recipes/recipes/alpamayo1_5_distill/outputs/2026-08-27/17-19-50/.hydra/config.yaml,/data/achahe/alpamayo-recipes/recipes/alpamayo1_5_distill/training/eos2b_baseline_eos_checkpoint-4168_nfe1.log,
/data/achahe/alpamayo-recipes/recipes/alpamayo1_5_distill/training/eos2b_baseline_eos_checkpoint-4168_nfe2.json,1000,1000,0,f95d4401b398e6f65b388822bc500b0d2c7454d9e700512f789b6299ce7e7da4,2.4660901311365886,1.8148484227759765,included,/data/achahe/alpamayo-recipes/recipes/alpamayo1_5_distill/training/output_eos_2b_nav_e3_clean_maskfix_e2_lcdrive,output_eos_2b_nav_e3_clean_maskfix_e2_lcdrive,/data/achahe/alpamayo-recipes/recipes/alpamayo1_5_distill/training/output_eos_2b_nav_e3_clean_maskfix_e2_lcdrive/checkpoint-4168,True,2.0,action expert,2,alpamayo1_5_distill.data.camera_subset.CameraSubsetPAIDataset,/data/datasets/physical_ai_av/,/data/datasets/physical_ai_av/lcdrive_physicalai_av_manifests/lcdrive_val_mysubset_1k_clip_uuids.txt,/data/datasets/physical_ai_av/lcdrive_physicalai_av_manifests/nav_lcdrive_val_mysubset_1k.json,0-3146,"[1, 3]",annotation anchored,True,True,True,/data/achahe/alpamayo-recipes/recipes/alpamayo1_5_distill/training/output_eos_2b_nav_e3_clean_maskfix_e2_lcdrive/checkpoint-4168,"{""_target_"": ""alpamayo1_5_distill.models.stitched_model.StitchedAlpamayoR1.from_stitch"", ""alpamayo_config_path"": ""/data/achahe/alpasim/huggingface/hub/models--nvidia--Alpamayo-1.5-10B-A1-format"", ""attn_implementation"": ""sdpa"", ""checkpoint_path"": null, ""teacher_checkpoint_path"": ""/data/achahe/alpamayo-recipes/recipes/alpamayo1_5_distill/training/output_eos_2b_nav_e3_clean_maskfix_e2_lcdrive/checkpoint-4168"", ""vlm_name_or_path"": ""/data/achahe/alpasim/huggingface/hub/Cosmos-Reason2-2B""}",alpamayo1_5_distill.models.stitched_model.StitchedAlpamayoR1.from_stitch,/home/achahe/alpamayo-recipes/recipes/alpamayo1_5_distill/outputs/2026-08-27/17-19-43/.hydra/config.yaml,/data/achahe/alpamayo-recipes/recipes/alpamayo1_5_distill/training/eos2b_baseline_eos_checkpoint-4168_nfe2.log,
/data/achahe/alpamayo-recipes/recipes/alpamayo1_5_distill/training/eos_2b_mix_nav_eos_checkpoint-10420.json,1000,1000,0,f95d4401b398e6f65b388822bc500b0d2c7454d9e700512f789b6299ce7e7da4,2.10915102171991,1.1291778509914876,included,/data/achahe/alpamayo-recipes/recipes/alpamayo1_5_distill/training/output_eos_2b_mix_nav_lcdrive,output_eos_2b_mix_nav_lcdrive,/data/achahe/alpamayo-recipes/recipes/alpamayo1_5_distill/training/output_eos_2b_mix_nav_lcdrive/checkpoint-10420,True,5.0,action expert,10,alpamayo1_5_distill.data.camera_subset.CameraSubsetPAIDataset,/data/datasets/physical_ai_av/,/data/datasets/physical_ai_av/lcdrive_physicalai_av_manifests/lcdrive_val_mysubset_1k_clip_uuids.txt,/data/datasets/physical_ai_av/lcdrive_physicalai_av_manifests/nav_lcdrive_val_mysubset_1k.json,0-3146,"[1, 3]",annotation anchored,True,True,True,,{},,,/data/achahe/alpamayo-recipes/recipes/alpamayo1_5_distill/training/eos_2b_mix_nav_eos_checkpoint-10420.log,No matching Hydra config; log metadata used
/data/achahe/alpamayo-recipes/recipes/alpamayo1_5_distill/training/eos_2b_mix_nav_eos_checkpoint-2084.json,1000,1000,0,f95d4401b398e6f65b388822bc500b0d2c7454d9e700512f789b6299ce7e7da4,2.1325282619269563,1.1444908104375937,included,/data/achahe/alpamayo-recipes/recipes/alpamayo1_5_distill/training/output_eos_2b_mix_nav_lcdrive,output_eos_2b_mix_nav_lcdrive,/data/achahe/alpamayo-recipes/recipes/alpamayo1_5_distill/training/output_eos_2b_mix_nav_lcdrive/checkpoint-2084,True,1.0,action expert,10,alpamayo1_5_distill.data.camera_subset.CameraSubsetPAIDataset,/data/datasets/physical_ai_av/,/data/datasets/physical_ai_av/lcdrive_physicalai_av_manifests/lcdrive_val_mysubset_1k_clip_uuids.txt,/data/datasets/physical_ai_av/lcdrive_physicalai_av_manifests/nav_lcdrive_val_mysubset_1k.json,0-3146,"[1, 3]",annotation anchored,True,True,True,,{},,,/data/achahe/alpamayo-recipes/recipes/alpamayo1_5_distill/training/eos_2b_mix_nav_eos_checkpoint-2084.log,No matching Hydra config; log metadata used
/data/achahe/alpamayo-recipes/recipes/alpamayo1_5_distill/training/eos_2b_mix_nav_eos_checkpoint-4168.json,1000,1000,0,f95d4401b398e6f65b388822bc500b0d2c7454d9e700512f789b6299ce7e7da4,2.104501010760956,1.1223308066239697,included,/data/achahe/alpamayo-recipes/recipes/alpamayo1_5_distill/training/output_eos_2b_mix_nav_lcdrive,output_eos_2b_mix_nav_lcdrive,/data/achahe/alpamayo-recipes/recipes/alpamayo1_5_distill/training/output_eos_2b_mix_nav_lcdrive/checkpoint-4168,True,2.0,action expert,10,alpamayo1_5_distill.data.camera_subset.CameraSubsetPAIDataset,/data/datasets/physical_ai_av/,/data/datasets/physical_ai_av/lcdrive_physicalai_av_manifests/lcdrive_val_mysubset_1k_clip_uuids.txt,/data/datasets/physical_ai_av/lcdrive_physicalai_av_manifests/nav_lcdrive_val_mysubset_1k.json,0-3146,"[1, 3]",annotation anchored,True,True,True,/data/achahe/alpamayo-recipes/recipes/alpamayo1_5_distill/training/output_eos_2b_mix_nav_lcdrive/checkpoint-4168,"{""_target_"": ""alpamayo1_5_distill.models.stitched_model.StitchedAlpamayoR1.from_stitch"", ""alpamayo_config_path"": ""/data/achahe/alpasim/huggingface/hub/models--nvidia--Alpamayo-1.5-10B-A1-format"", ""attn_implementation"": ""sdpa"", ""checkpoint_path"": null, ""layer_mix"": true, ""layer_mix_blocks"": 4, ""layer_mix_expert_layers"": 36, ""layer_mix_gain"": false, ""layer_mix_sharpen"": 0.75, ""teacher_checkpoint_path"": ""/data/achahe/alpamayo-recipes/recipes/alpamayo1_5_distill/training/output_eos_2b_mix_nav_lcdrive/checkpoint-4168"", ""vlm_name_or_path"": ""/data/achahe/alpasim/huggingface/hub/Cosmos-Reason2-2B""}",alpamayo1_5_distill.models.stitched_model.StitchedAlpamayoR1.from_stitch,/home/achahe/alpamayo-recipes/recipes/alpamayo1_5_distill/outputs/2026-09-05/22-22-34/.hydra/config.yaml,/data/achahe/alpamayo-recipes/recipes/alpamayo1_5_distill/training/eos_2b_mix_nav_eos_checkpoint-4168.log,
/data/achahe/alpamayo-recipes/recipes/alpamayo1_5_distill/training/eos_2b_mix_nav_eos_checkpoint-6252.json,1000,1000,0,f95d4401b398e6f65b388822bc500b0d2c7454d9e700512f789b6299ce7e7da4,2.1120086481366305,1.1327563042636029,included,/data/achahe/alpamayo-recipes/recipes/alpamayo1_5_distill/training/output_eos_2b_mix_nav_lcdrive,output_eos_2b_mix_nav_lcdrive,/data/achahe/alpamayo-recipes/recipes/alpamayo1_5_distill/training/output_eos_2b_mix_nav_lcdrive/checkpoint-6252,True,3.0,action expert,10,alpamayo1_5_distill.data.camera_subset.CameraSubsetPAIDataset,/data/datasets/physical_ai_av/,/data/datasets/physical_ai_av/lcdrive_physicalai_av_manifests/lcdrive_val_mysubset_1k_clip_uuids.txt,/data/datasets/physical_ai_av/lcdrive_physicalai_av_manifests/nav_lcdrive_val_mysubset_1k.json,0-3146,"[1, 3]",annotation anchored,True,True,True,,{},,,/data/achahe/alpamayo-recipes/recipes/alpamayo1_5_distill/training/eos_2b_mix_nav_eos_checkpoint-6252.log,No matching Hydra config; log metadata used
/data/achahe/alpamayo-recipes/recipes/alpamayo1_5_distill/training/eos_2b_nav_control_checkpoint-7815.json,1000,1000,0,f95d4401b398e6f65b388822bc500b0d2c7454d9e700512f789b6299ce7e7da4,5.208697957798838,2.6216019499003886,included,/data/achahe/alpamayo-recipes/recipes/alpamayo1_5_distill/training/output_eos_2b_nav_lcdrive,output_eos_2b_nav_lcdrive,/data/achahe/alpamayo-recipes/recipes/alpamayo1_5_distill/training/output_eos_2b_nav_lcdrive/checkpoint-7815,True,5.0,action expert,10 (default; verify),alpamayo1_5_distill.data.camera_subset.CameraSubsetPAIDataset,/data/datasets/physical_ai_av/,/data/datasets/physical_ai_av/lcdrive_physicalai_av_manifests/lcdrive_val_mysubset_1k_clip_uuids.txt,/data/datasets/physical_ai_av/lcdrive_physicalai_av_manifests/nav_lcdrive_val_mysubset_1k.json,0-3146,"[1, 3]",annotation anchored,True,True,True,,{},,,/data/achahe/alpamayo-recipes/recipes/alpamayo1_5_distill/training/eos_2b_nav_control_checkpoint-7815.log,No matching Hydra config; log metadata used
/data/achahe/alpamayo-recipes/recipes/alpamayo1_5_distill/training/eos_2b_nav_e3_clean_maskfix_e2_eos_checkpoint-2084.json,1000,1000,0,f95d4401b398e6f65b388822bc500b0d2c7454d9e700512f789b6299ce7e7da4,2.4962222959296776,1.409171375675127,included,/data/achahe/alpamayo-recipes/recipes/alpamayo1_5_distill/training/output_eos_2b_nav_e3_clean_maskfix_e2_lcdrive,output_eos_2b_nav_e3_clean_maskfix_e2_lcdrive,/data/achahe/alpamayo-recipes/recipes/alpamayo1_5_distill/training/output_eos_2b_nav_e3_clean_maskfix_e2_lcdrive/checkpoint-2084,True,1.0,action expert,10,alpamayo1_5_distill.data.camera_subset.CameraSubsetPAIDataset,/data/datasets/physical_ai_av/,/data/datasets/physical_ai_av/lcdrive_physicalai_av_manifests/lcdrive_val_mysubset_1k_clip_uuids.txt,/data/datasets/physical_ai_av/lcdrive_physicalai_av_manifests/nav_lcdrive_val_mysubset_1k.json,0-3146,"[1, 3]",annotation anchored,True,True,True,/data/achahe/alpamayo-recipes/recipes/alpamayo1_5_distill/training/output_eos_2b_nav_e3_clean_maskfix_e2_lcdrive/checkpoint-2084,"{""_target_"": ""alpamayo1_5_distill.models.stitched_model.StitchedAlpamayoR1.from_stitch"", ""alpamayo_config_path"": ""/data/achahe/alpasim/huggingface/hub/models--nvidia--Alpamayo-1.5-10B-A1-format"", ""attn_implementation"": ""sdpa"", ""checkpoint_path"": null, ""teacher_checkpoint_path"": ""/data/achahe/alpamayo-recipes/recipes/alpamayo1_5_distill/training/output_eos_2b_nav_e3_clean_maskfix_e2_lcdrive/checkpoint-2084"", ""vlm_name_or_path"": ""/data/achahe/alpasim/huggingface/hub/Cosmos-Reason2-2B""}",alpamayo1_5_distill.models.stitched_model.StitchedAlpamayoR1.from_stitch,/home/achahe/alpamayo-recipes/recipes/alpamayo1_5_distill/outputs/2026-08-27/00-38-31/.hydra/config.yaml,/data/achahe/alpamayo-recipes/recipes/alpamayo1_5_distill/training/eos_2b_nav_e3_clean_maskfix_e2_eos_checkpoint-2084.log,
/data/achahe/alpamayo-recipes/recipes/alpamayo1_5_distill/training/eos_2b_nav_e3_clean_maskfix_e2_eos_checkpoint-4168.json,1000,1000,0,f95d4401b398e6f65b388822bc500b0d2c7454d9e700512f789b6299ce7e7da4,2.4858953078314663,1.3974076840234921,included,/data/achahe/alpamayo-recipes/recipes/alpamayo1_5_distill/training/output_eos_2b_nav_e3_clean_maskfix_e2_lcdrive,output_eos_2b_nav_e3_clean_maskfix_e2_lcdrive,/data/achahe/alpamayo-recipes/recipes/alpamayo1_5_distill/training/output_eos_2b_nav_e3_clean_maskfix_e2_lcdrive/checkpoint-4168,True,2.0,action expert,10,alpamayo1_5_distill.data.camera_subset.CameraSubsetPAIDataset,/data/datasets/physical_ai_av/,/data/datasets/physical_ai_av/lcdrive_physicalai_av_manifests/lcdrive_val_mysubset_1k_clip_uuids.txt,/data/datasets/physical_ai_av/lcdrive_physicalai_av_manifests/nav_lcdrive_val_mysubset_1k.json,0-3146,"[1, 3]",annotation anchored,True,True,True,/data/achahe/alpamayo-recipes/recipes/alpamayo1_5_distill/training/output_eos_2b_nav_e3_clean_maskfix_e2_lcdrive/checkpoint-4168,"{""_target_"": ""alpamayo1_5_distill.models.stitched_model.StitchedAlpamayoR1.from_stitch"", ""alpamayo_config_path"": ""/data/achahe/alpasim/huggingface/hub/models--nvidia--Alpamayo-1.5-10B-A1-format"", ""attn_implementation"": ""sdpa"", ""checkpoint_path"": null, ""teacher_checkpoint_path"": ""/data/achahe/alpamayo-recipes/recipes/alpamayo1_5_distill/training/output_eos_2b_nav_e3_clean_maskfix_e2_lcdrive/checkpoint-4168"", ""vlm_name_or_path"": ""/data/achahe/alpasim/huggingface/hub/Cosmos-Reason2-2B""}",alpamayo1_5_distill.models.stitched_model.StitchedAlpamayoR1.from_stitch,/home/achahe/alpamayo-recipes/recipes/alpamayo1_5_distill/outputs/2026-08-27/01-44-39/.hydra/config.yaml,/data/achahe/alpamayo-recipes/recipes/alpamayo1_5_distill/training/eos_2b_nav_e3_clean_maskfix_e2_eos_checkpoint-4168.log,
/data/achahe/alpamayo-recipes/recipes/alpamayo1_5_distill/training/eos_2b_nav_eos_checkpoint-7815.json,1000,1000,0,f95d4401b398e6f65b388822bc500b0d2c7454d9e700512f789b6299ce7e7da4,3.244440591521561,2.075250644404907,included,/data/achahe/alpamayo-recipes/recipes/alpamayo1_5_distill/training/output_eos_2b_nav_lcdrive,output_eos_2b_nav_lcdrive,/data/achahe/alpamayo-recipes/recipes/alpamayo1_5_distill/training/output_eos_2b_nav_lcdrive/checkpoint-7815,True,5.0,action expert,10 (default; verify),alpamayo1_5_distill.data.camera_subset.CameraSubsetPAIDataset,/data/datasets/physical_ai_av/,/data/datasets/physical_ai_av/lcdrive_physicalai_av_manifests/lcdrive_val_mysubset_1k_clip_uuids.txt,/data/datasets/physical_ai_av/lcdrive_physicalai_av_manifests/nav_lcdrive_val_mysubset_1k.json,0-3146,"[1, 3]",annotation anchored,True,True,True,/data/achahe/alpamayo-recipes/recipes/alpamayo1_5_distill/training/output_eos_2b_nav_lcdrive/checkpoint-7815,"{""_target_"": ""alpamayo1_5_distill.models.stitched_model.StitchedAlpamayoR1.from_stitch"", ""alpamayo_config_path"": ""/data/achahe/alpasim/huggingface/hub/models--nvidia--Alpamayo-1.5-10B-A1-format"", ""attn_implementation"": ""sdpa"", ""checkpoint_path"": null, ""teacher_checkpoint_path"": ""/data/achahe/alpamayo-recipes/recipes/alpamayo1_5_distill/training/output_eos_2b_nav_lcdrive/checkpoint-7815"", ""vlm_name_or_path"": ""/data/achahe/alpasim/huggingface/hub/Cosmos-Reason2-2B""}",alpamayo1_5_distill.models.stitched_model.StitchedAlpamayoR1.from_stitch,/home/achahe/alpamayo-recipes/recipes/alpamayo1_5_distill/outputs/2026-08-25/10-14-24/.hydra/config.yaml,/data/achahe/alpamayo-recipes/recipes/alpamayo1_5_distill/training/eos_2b_nav_eos_checkpoint-7815.log,
/data/achahe/alpamayo-recipes/recipes/alpamayo1_5_distill/training/eos_2b_nav_eos_checkpoint-7815_nfe2.json,1000,1000,0,f95d4401b398e6f65b388822bc500b0d2c7454d9e700512f789b6299ce7e7da4,3.3397499429248274,2.7386738800713792,included,/data/achahe/alpamayo-recipes/recipes/alpamayo1_5_distill/training/output_eos_2b_nav_lcdrive,output_eos_2b_nav_lcdrive,/data/achahe/alpamayo-recipes/recipes/alpamayo1_5_distill/training/output_eos_2b_nav_lcdrive/checkpoint-7815,True,5.0,action expert,2,alpamayo1_5_distill.data.camera_subset.CameraSubsetPAIDataset,/data/datasets/physical_ai_av/,/data/datasets/physical_ai_av/lcdrive_physicalai_av_manifests/lcdrive_val_mysubset_1k_clip_uuids.txt,/data/datasets/physical_ai_av/lcdrive_physicalai_av_manifests/nav_lcdrive_val_mysubset_1k.json,0-3146,"[1, 3]",annotation anchored,True,True,True,/data/achahe/alpamayo-recipes/recipes/alpamayo1_5_distill/training/output_eos_2b_nav_lcdrive/checkpoint-7815,"{""_target_"": ""alpamayo1_5_distill.models.stitched_model.StitchedAlpamayoR1.from_stitch"", ""alpamayo_config_path"": ""/data/achahe/alpasim/huggingface/hub/models--nvidia--Alpamayo-1.5-10B-A1-format"", ""attn_implementation"": ""sdpa"", ""checkpoint_path"": null, ""teacher_checkpoint_path"": ""/data/achahe/alpamayo-recipes/recipes/alpamayo1_5_distill/training/output_eos_2b_nav_lcdrive/checkpoint-7815"", ""vlm_name_or_path"": ""/data/achahe/alpasim/huggingface/hub/Cosmos-Reason2-2B""}",alpamayo1_5_distill.models.stitched_model.StitchedAlpamayoR1.from_stitch,/home/achahe/alpamayo-recipes/recipes/alpamayo1_5_distill/outputs/2026-08-25/11-54-31/.hydra/config.yaml,/data/achahe/alpamayo-recipes/recipes/alpamayo1_5_distill/training/eos_2b_nav_eos_checkpoint-7815_nfe2.log,
/data/achahe/alpamayo-recipes/recipes/alpamayo1_5_distill/training/eos_2b_nav_eos_checkpoint-7815_nfe2_smoke3.json,12,12,0,a29674191bc6a14319a53485e948c3c0e0ca41dff1da3967591f59ac9de54709,4.489709419508775,3.6481341856221357,excluded: smoke / tiny diagnostic eval,/data/achahe/alpamayo-recipes/recipes/alpamayo1_5_distill/training/output_eos_2b_nav_lcdrive,output_eos_2b_nav_lcdrive,/data/achahe/alpamayo-recipes/recipes/alpamayo1_5_distill/training/output_eos_2b_nav_lcdrive/checkpoint-7815,True,5.0,action expert,2,alpamayo1_5_distill.data.camera_subset.CameraSubsetPAIDataset,/data/datasets/physical_ai_av/,/data/datasets/physical_ai_av/lcdrive_physicalai_av_manifests/lcdrive_val_mysubset_1k_clip_uuids.txt,/data/datasets/physical_ai_av/lcdrive_physicalai_av_manifests/nav_lcdrive_val_mysubset_1k.json,0-3146,"[1, 3]",annotation anchored,True,True,True,/data/achahe/alpamayo-recipes/recipes/alpamayo1_5_distill/training/output_eos_2b_nav_lcdrive/checkpoint-7815,"{""_target_"": ""alpamayo1_5_distill.models.stitched_model.StitchedAlpamayoR1.from_stitch"", ""alpamayo_config_path"": ""/data/achahe/alpasim/huggingface/hub/models--nvidia--Alpamayo-1.5-10B-A1-format"", ""attn_implementation"": ""sdpa"", ""checkpoint_path"": null, ""teacher_checkpoint_path"": ""/data/achahe/alpamayo-recipes/recipes/alpamayo1_5_distill/training/output_eos_2b_nav_lcdrive/checkpoint-7815"", ""vlm_name_or_path"": ""/data/achahe/alpasim/huggingface/hub/Cosmos-Reason2-2B""}",alpamayo1_5_distill.models.stitched_model.StitchedAlpamayoR1.from_stitch,/home/achahe/alpamayo-recipes/recipes/alpamayo1_5_distill/outputs/2026-08-25/11-51-31/.hydra/config.yaml,/data/achahe/alpamayo-recipes/recipes/alpamayo1_5_distill/training/eos_2b_nav_eos_checkpoint-7815_nfe2_smoke3.log,
/data/achahe/alpamayo-recipes/recipes/alpamayo1_5_distill/training/eos_2b_nav_eos_checkpoint-7815_smoke5.json,20,20,0,c841eb3fad0e1c72f0fe9d469f3b545336fce2a034305d0f97e52e6efe94526b,4.34858974814415,2.873411713540554,excluded: smoke / tiny diagnostic eval,/data/achahe/alpamayo-recipes/recipes/alpamayo1_5_distill/training/output_eos_2b_nav_lcdrive,output_eos_2b_nav_lcdrive,/data/achahe/alpamayo-recipes/recipes/alpamayo1_5_distill/training/output_eos_2b_nav_lcdrive/checkpoint-7815,True,5.0,action expert,10 (default; verify),alpamayo1_5_distill.data.camera_subset.CameraSubsetPAIDataset,/data/datasets/physical_ai_av/,/data/datasets/physical_ai_av/lcdrive_physicalai_av_manifests/lcdrive_val_mysubset_1k_clip_uuids.txt,/data/datasets/physical_ai_av/lcdrive_physicalai_av_manifests/nav_lcdrive_val_mysubset_1k.json,0-3146,"[1, 3]",annotation anchored,True,True,True,/data/achahe/alpamayo-recipes/recipes/alpamayo1_5_distill/training/output_eos_2b_nav_lcdrive/checkpoint-7815,"{""_target_"": ""alpamayo1_5_distill.models.stitched_model.StitchedAlpamayoR1.from_stitch"", ""alpamayo_config_path"": ""/data/achahe/alpasim/huggingface/hub/models--nvidia--Alpamayo-1.5-10B-A1-format"", ""attn_implementation"": ""sdpa"", ""checkpoint_path"": null, ""teacher_checkpoint_path"": ""/data/achahe/alpamayo-recipes/recipes/alpamayo1_5_distill/training/output_eos_2b_nav_lcdrive/checkpoint-7815"", ""vlm_name_or_path"": ""/data/achahe/alpasim/huggingface/hub/Cosmos-Reason2-2B""}",alpamayo1_5_distill.models.stitched_model.StitchedAlpamayoR1.from_stitch,/home/achahe/alpamayo-recipes/recipes/alpamayo1_5_distill/outputs/2026-08-25/10-12-20/.hydra/config.yaml,/data/achahe/alpamayo-recipes/recipes/alpamayo1_5_distill/training/eos_2b_nav_eos_checkpoint-7815_smoke5.log,
/data/achahe/alpamayo-recipes/recipes/alpamayo1_5_distill/training/evalhf_10b_cot.json,1000,1000,0,f95d4401b398e6f65b388822bc500b0d2c7454d9e700512f789b6299ce7e7da4,1.241745483998442,0.6259301751338644,teacher / baseline reference,,,/data/achahe/alpasim/huggingface/hub/models--nvidia--Alpamayo-1.5-10B-A1-format,True,,token,,alpamayo.data.pai.PAIDataset,/data/datasets/physical_ai_av/,/data/datasets/physical_ai_av/lcdrive_physicalai_av_manifests/lcdrive_val_mysubset_1k_clip_uuids.txt,,0-3146,"[0, 1, 2, 3]",default keyframe,False,True,True,,"{""_target_"": ""alpamayo1_5_sft.models.sft_base_model.TrainableReasoningVLA.from_alpamayo_checkpoint"", ""checkpoint_path"": ""/data/achahe/alpasim/huggingface/hub/models--nvidia--Alpamayo-1.5-10B-A1-format"", ""vlm_name_or_path"": ""/data/achahe/alpasim/huggingface/hub/models--nvidia--Cosmos-Reason2-8B/snapshots/a9fae2cf89dc64db96b12860417f0eb403013bb9""}",alpamayo1_5_sft.models.sft_base_model.TrainableReasoningVLA.from_alpamayo_checkpoint,/home/achahe/alpamayo-recipes/recipes/alpamayo1_5_sft/outputs/2026-08-06/15-56-52/.hydra/config.yaml,/data/achahe/alpamayo-recipes/recipes/alpamayo1_5_distill/training/evalhf_10b_cot.log,2 historical configs reference result; latest plus log used
/data/achahe/alpamayo-recipes/recipes/alpamayo1_5_distill/training/evalhf_10b_nocot.json,1000,1000,0,f95d4401b398e6f65b388822bc500b0d2c7454d9e700512f789b6299ce7e7da4,1.2110764225352322,0.6413495052898069,teacher / baseline reference,,,/data/achahe/alpasim/huggingface/hub/models--nvidia--Alpamayo-1.5-10B-A1-format,True,,token,,alpamayo.data.pai.PAIDataset,/data/datasets/physical_ai_av/,/data/datasets/physical_ai_av/lcdrive_physicalai_av_manifests/lcdrive_val_mysubset_1k_clip_uuids.txt,,0-3146,"[0, 1, 2, 3]",default keyframe,False,True,True,,"{""_target_"": ""alpamayo1_5_sft.models.sft_base_model.TrainableReasoningVLA.from_alpamayo_checkpoint"", ""checkpoint_path"": ""/data/achahe/alpasim/huggingface/hub/models--nvidia--Alpamayo-1.5-10B-A1-format"", ""vlm_name_or_path"": ""/data/achahe/alpasim/huggingface/hub/models--nvidia--Cosmos-Reason2-8B/snapshots/a9fae2cf89dc64db96b12860417f0eb403013bb9""}",alpamayo1_5_sft.models.sft_base_model.TrainableReasoningVLA.from_alpamayo_checkpoint,/home/achahe/alpamayo-recipes/recipes/alpamayo1_5_sft/outputs/2026-08-06/16-43-00/.hydra/config.yaml,/data/achahe/alpamayo-recipes/recipes/alpamayo1_5_distill/training/evalhf_10b_nocot.log,3 historical configs reference result; latest plus log used
/data/achahe/alpamayo-recipes/recipes/alpamayo1_5_distill/training/evalhf_4b_ce_checkpoint-1598.json,1000,1000,0,f95d4401b398e6f65b388822bc500b0d2c7454d9e700512f789b6299ce7e7da4,3.47488121204637,2.469740586584667,included,/data/achahe/alpamayo-recipes/recipes/alpamayo1_5_distill/training/output_kd_4b_ce_lcdrive,output_kd_4b_ce_lcdrive,/data/achahe/alpamayo-recipes/recipes/alpamayo1_5_distill/training/output_kd_4b_ce_lcdrive/checkpoint-1598,True,1.0,token,,alpamayo.data.pai.PAIDataset,/data/datasets/physical_ai_av/,/data/datasets/physical_ai_av/lcdrive_physicalai_av_manifests/lcdrive_val_mysubset_1k_clip_uuids.txt,,0-3146,"[0, 1, 2, 3]",default keyframe,False,True,True,,"{""_target_"": ""alpamayo1_5_distill.models.kd_model.KDReasoningVLA.from_pretrained_vlm"", ""alpamayo_config_path"": ""/data/achahe/alpasim/huggingface/hub/models--nvidia--Alpamayo-1.5-10B-A1-format"", ""checkpoint_path"": null, ""kd"": {""kd_temperature"": 1.0, ""kd_weight"": 0.70921, ""kv_align"": ""direct"", ""kv_layerwise_std"": true, ""kv_loss_type"": ""l1"", ""kv_weight"": 45.409, ""log_kv_regions"": true}, ""teacher_checkpoint_path"": null, ""teacher_vlm_name_or_path"": ""/data/achahe/alpasim/huggingface/hub/models--nvidia--Cosmos-Reason2-8B/snapshots/a9fae2cf89dc64db96b12860417f0eb403013bb9"", ""vlm_name_or_path"": ""/data/achahe/alpasim/huggingface/hub/models--Qwen--Qwen3-VL-4B-Instruct/snapshots/ebb281ec70b05090aa6165b016eac8ec08e71b17""}",alpamayo1_5_distill.models.kd_model.KDReasoningVLA.from_pretrained_vlm,/home/achahe/alpamayo-recipes/recipes/alpamayo1_5_distill/outputs/2026-08-08/12-32-15/.hydra/config.yaml,/data/achahe/alpamayo-recipes/recipes/alpamayo1_5_distill/training/evalhf_4b_ce_checkpoint-1598.log,2 historical configs reference result; latest plus log used
/data/achahe/alpamayo-recipes/recipes/alpamayo1_5_distill/training/evalhf_4b_cekv_checkpoint-1598.json,1000,1000,0,f95d4401b398e6f65b388822bc500b0d2c7454d9e700512f789b6299ce7e7da4,3.642669389013201,2.9079586590959225,included,/data/achahe/alpamayo-recipes/recipes/alpamayo1_5_distill/training/output_kd_4b_cekv_lcdrive,output_kd_4b_cekv_lcdrive,/data/achahe/alpamayo-recipes/recipes/alpamayo1_5_distill/training/output_kd_4b_cekv_lcdrive/checkpoint-1598,True,1.0,token,,alpamayo.data.pai.PAIDataset,/data/datasets/physical_ai_av/,/data/datasets/physical_ai_av/lcdrive_physicalai_av_manifests/lcdrive_val_mysubset_1k_clip_uuids.txt,,0-3146,"[0, 1, 2, 3]",default keyframe,False,True,True,,"{""_target_"": ""alpamayo1_5_distill.models.kd_model.KDReasoningVLA.from_pretrained_vlm"", ""alpamayo_config_path"": ""/data/achahe/alpasim/huggingface/hub/models--nvidia--Alpamayo-1.5-10B-A1-format"", ""checkpoint_path"": null, ""kd"": {""kd_temperature"": 1.0, ""kd_weight"": 0.70921, ""kv_align"": ""direct"", ""kv_layerwise_std"": true, ""kv_loss_type"": ""l1"", ""kv_weight"": 45.409, ""log_kv_regions"": true}, ""teacher_checkpoint_path"": null, ""teacher_vlm_name_or_path"": ""/data/achahe/alpasim/huggingface/hub/models--nvidia--Cosmos-Reason2-8B/snapshots/a9fae2cf89dc64db96b12860417f0eb403013bb9"", ""vlm_name_or_path"": ""/data/achahe/alpasim/huggingface/hub/models--Qwen--Qwen3-VL-4B-Instruct/snapshots/ebb281ec70b05090aa6165b016eac8ec08e71b17""}",alpamayo1_5_distill.models.kd_model.KDReasoningVLA.from_pretrained_vlm,/home/achahe/alpamayo-recipes/recipes/alpamayo1_5_distill/outputs/2026-08-09/14-45-56/.hydra/config.yaml,/data/achahe/alpamayo-recipes/recipes/alpamayo1_5_distill/training/evalhf_4b_cekv_checkpoint-1598.log,
/data/achahe/alpamayo-recipes/recipes/alpamayo1_5_distill/training/evalhf_4b_kd_checkpoint-1598.json,1000,1000,0,f95d4401b398e6f65b388822bc500b0d2c7454d9e700512f789b6299ce7e7da4,4.595322611746611,1.9006914093419909,included,/data/achahe/alpamayo-recipes/recipes/alpamayo1_5_distill/training/output_kd_4b_kd_lcdrive,output_kd_4b_kd_lcdrive,/data/achahe/alpamayo-recipes/recipes/alpamayo1_5_distill/training/output_kd_4b_kd_lcdrive/checkpoint-1598,True,1.0,token,,alpamayo.data.pai.PAIDataset,/data/datasets/physical_ai_av/,/data/datasets/physical_ai_av/lcdrive_physicalai_av_manifests/lcdrive_val_mysubset_1k_clip_uuids.txt,,0-3146,"[0, 1, 2, 3]",default keyframe,False,True,True,,{},,,/data/achahe/alpamayo-recipes/recipes/alpamayo1_5_distill/training/evalhf_4b_kd_checkpoint-1598.log,No matching Hydra config; log metadata used
/data/achahe/alpamayo-recipes/recipes/alpamayo1_5_distill/training/evalhf_4b_kv_checkpoint-1598.json,1000,1000,0,f95d4401b398e6f65b388822bc500b0d2c7454d9e700512f789b6299ce7e7da4,4.7516056469569445,3.1044509999603034,included,/data/achahe/alpamayo-recipes/recipes/alpamayo1_5_distill/training/output_kd_4b_kv_lcdrive,output_kd_4b_kv_lcdrive,/data/achahe/alpamayo-recipes/recipes/alpamayo1_5_distill/training/output_kd_4b_kv_lcdrive/checkpoint-1598,True,1.0,token,,alpamayo.data.pai.PAIDataset,/data/datasets/physical_ai_av/,/data/datasets/physical_ai_av/lcdrive_physicalai_av_manifests/lcdrive_val_mysubset_1k_clip_uuids.txt,,0-3146,"[0, 1, 2, 3]",default keyframe,False,True,True,,{},,,/data/achahe/alpamayo-recipes/recipes/alpamayo1_5_distill/training/evalhf_4b_kv_checkpoint-1598.log,No matching Hydra config; log metadata used
/data/achahe/alpamayo-recipes/recipes/alpamayo1_5_distill/training/evalhf_4b_kvband_checkpoint-1598.json,1000,1000,0,f95d4401b398e6f65b388822bc500b0d2c7454d9e700512f789b6299ce7e7da4,37.523857276439664,37.523857276439664,included,/data/achahe/alpamayo-recipes/recipes/alpamayo1_5_distill/training/output_kd_4b_kvband_lcdrive,output_kd_4b_kvband_lcdrive,/data/achahe/alpamayo-recipes/recipes/alpamayo1_5_distill/training/output_kd_4b_kvband_lcdrive/checkpoint-1598,True,1.0,token,,alpamayo.data.pai.PAIDataset,/data/datasets/physical_ai_av/,/data/datasets/physical_ai_av/lcdrive_physicalai_av_manifests/lcdrive_val_mysubset_1k_clip_uuids.txt,,0-3146,"[0, 1, 2, 3]",default keyframe,False,True,True,,"{""_target_"": ""alpamayo1_5_distill.models.kd_model.KDReasoningVLA.from_pretrained_vlm"", ""alpamayo_config_path"": ""/data/achahe/alpasim/huggingface/hub/models--nvidia--Alpamayo-1.5-10B-A1-format"", ""checkpoint_path"": null, ""kd"": {""kd_temperature"": 1.0, ""kd_weight"": 0.70921, ""kv_align"": ""direct"", ""kv_layerwise_std"": true, ""kv_loss_type"": ""l1"", ""kv_weight"": 45.409, ""log_kv_regions"": true}, ""teacher_checkpoint_path"": null, ""teacher_vlm_name_or_path"": ""/data/achahe/alpasim/huggingface/hub/models--nvidia--Cosmos-Reason2-8B/snapshots/a9fae2cf89dc64db96b12860417f0eb403013bb9"", ""vlm_name_or_path"": ""/data/achahe/alpasim/huggingface/hub/models--Qwen--Qwen3-VL-4B-Instruct/snapshots/ebb281ec70b05090aa6165b016eac8ec08e71b17""}",alpamayo1_5_distill.models.kd_model.KDReasoningVLA.from_pretrained_vlm,/home/achahe/alpamayo-recipes/recipes/alpamayo1_5_distill/outputs/2026-08-11/23-20-04/.hydra/config.yaml,/data/achahe/alpamayo-recipes/recipes/alpamayo1_5_distill/training/evalhf_4b_kvband_checkpoint-1598.log,
/data/achahe/alpamayo-recipes/recipes/alpamayo1_5_distill/training/evalhf_4b_kvonly_checkpoint-1598.json,1000,1000,0,f95d4401b398e6f65b388822bc500b0d2c7454d9e700512f789b6299ce7e7da4,37.523857276439664,37.523857276439664,included,/data/achahe/alpamayo-recipes/recipes/alpamayo1_5_distill/training/output_kd_4b_kvonly_lcdrive,output_kd_4b_kvonly_lcdrive,/data/achahe/alpamayo-recipes/recipes/alpamayo1_5_distill/training/output_kd_4b_kvonly_lcdrive/checkpoint-1598,True,1.0,token,,alpamayo.data.pai.PAIDataset,/data/datasets/physical_ai_av/,/data/datasets/physical_ai_av/lcdrive_physicalai_av_manifests/lcdrive_val_mysubset_1k_clip_uuids.txt,,0-3146,"[0, 1, 2, 3]",default keyframe,False,True,True,,{},,,/data/achahe/alpamayo-recipes/recipes/alpamayo1_5_distill/training/evalhf_4b_kvonly_checkpoint-1598.log,No matching Hydra config; log metadata used
/data/achahe/alpamayo-recipes/recipes/alpamayo1_5_distill/training/kava_perclip_slots.json,500,500,0,9acda2008ff70952cee7f7bcd77e2361887e9fc2029077379e3f098d0a810382,4.8581188974557445,4.052394041118212,included,/data/achahe/alpamayo-recipes/recipes/alpamayo1_5_distill/training/output_stage1_kava_cosmos2b_lcdrive,kava_historical_3epoch_7191,/data/achahe/alpamayo-recipes/recipes/alpamayo1_5_distill/training/output_stage1_kava_cosmos2b_lcdrive/checkpoint-7191,False,3.0,token,,alpamayo1_5_distill.data.kava_dataset.KaVaPAIDataset,/data/datasets/physical_ai_av/,/data/datasets/physical_ai_av/lcdrive_physicalai_av_manifests/lcdrive_val_clip_uuids.txt,,0-3146,"[0, 1, 2, 3]",default keyframe,False,False,False,,{},,,/data/achahe/alpamayo-recipes/recipes/alpamayo1_5_distill/training/kavaeval_slots.log,No matching Hydra config; log metadata used; Checkpoint absent; epoch estimated from retained step/epoch ratio
/data/achahe/alpamayo-recipes/recipes/alpamayo1_5_distill/training/kava_perclip_zeroed.json,500,500,0,9acda2008ff70952cee7f7bcd77e2361887e9fc2029077379e3f098d0a810382,4.8581188974557445,4.052394041118212,included,/data/achahe/alpamayo-recipes/recipes/alpamayo1_5_distill/training/output_stage1_kava_cosmos2b_lcdrive,kava_historical_3epoch_7191,/data/achahe/alpamayo-recipes/recipes/alpamayo1_5_distill/training/output_stage1_kava_cosmos2b_lcdrive/checkpoint-7191,False,3.0,token,,alpamayo1_5_distill.data.kava_dataset.KaVaPAIDataset,/data/datasets/physical_ai_av/,/data/datasets/physical_ai_av/lcdrive_physicalai_av_manifests/lcdrive_val_clip_uuids.txt,,0-3146,"[0, 1, 2, 3]",default keyframe,False,False,False,,"{""_target_"": ""alpamayo1_5_distill.models.kava_model.KaVaReasoningVLA.from_pretrained_vlm"", ""alpamayo_config_path"": ""/data/achahe/alpasim/huggingface/hub/models--nvidia--Alpamayo-1.5-10B-A1-format"", ""checkpoint_path"": null, ""kava"": {""jacobi_iters"": 1, ""kv_align"": ""projector"", ""kv_layer_map"": null, ""kv_layerwise_std"": true, ""kv_loss_type"": ""smooth_l1"", ""kv_loss_weight"": 1.0, ""num_slots"": 8, ""slot_init"": ""vocab"", ""slot_init_cot_text"": null, ""slot_init_std"": 0.02, ""teacher_layers"": 36}, ""kava_checkpoint_path"": ""/data/achahe/alpamayo-recipes/recipes/alpamayo1_5_distill/training/output_stage1_kava_cosmos2b_lcdrive/checkpoint-7191"", ""latent_cosine_weight"": 0.1, ""latent_loss_weight"": 0.01, ""teacher_hidden_dim"": 4096, ""vlm_name_or_path"": ""/data/achahe/alpasim/huggingface/hub/Cosmos-Reason2-2B"", ""zero_slots"": true}",alpamayo1_5_distill.models.kava_model.KaVaReasoningVLA.from_pretrained_vlm,/home/achahe/alpamayo-recipes/recipes/alpamayo1_5_distill/outputs/2026-08-02/16-46-31/.hydra/config.yaml,/data/achahe/alpamayo-recipes/recipes/alpamayo1_5_distill/training/kavaeval_zeroed.log,2 historical configs reference result; latest plus log used; Checkpoint absent; epoch estimated from retained step/epoch ratio
/data/achahe/alpamayo-recipes/recipes/alpamayo1_5_distill/training/kava_perclip_zeroed2.json,500,500,0,9acda2008ff70952cee7f7bcd77e2361887e9fc2029077379e3f098d0a810382,4.669593060704879,4.016456248813308,included,/data/achahe/alpamayo-recipes/recipes/alpamayo1_5_distill/training/output_stage1_kava_cosmos2b_lcdrive,kava_historical_3epoch_7191,/data/achahe/alpamayo-recipes/recipes/alpamayo1_5_distill/training/output_stage1_kava_cosmos2b_lcdrive/checkpoint-7191,False,3.0,token,,alpamayo1_5_distill.data.kava_dataset.KaVaPAIDataset,/data/datasets/physical_ai_av/,/data/datasets/physical_ai_av/lcdrive_physicalai_av_manifests/lcdrive_val_clip_uuids.txt,,0-3146,"[0, 1, 2, 3]",default keyframe,False,False,False,,"{""_target_"": ""alpamayo1_5_distill.models.kava_model.KaVaReasoningVLA.from_pretrained_vlm"", ""alpamayo_config_path"": ""/data/achahe/alpasim/huggingface/hub/models--nvidia--Alpamayo-1.5-10B-A1-format"", ""checkpoint_path"": null, ""kava"": {""jacobi_iters"": 1, ""kv_align"": ""projector"", ""kv_layer_map"": null, ""kv_layerwise_std"": true, ""kv_loss_type"": ""smooth_l1"", ""kv_loss_weight"": 1.0, ""num_slots"": 8, ""slot_init"": ""vocab"", ""slot_init_cot_text"": null, ""slot_init_std"": 0.02, ""teacher_layers"": 36}, ""kava_checkpoint_path"": ""/data/achahe/alpamayo-recipes/recipes/alpamayo1_5_distill/training/output_stage1_kava_cosmos2b_lcdrive/checkpoint-7191"", ""latent_cosine_weight"": 0.1, ""latent_loss_weight"": 0.01, ""teacher_hidden_dim"": 4096, ""vlm_name_or_path"": ""/data/achahe/alpasim/huggingface/hub/Cosmos-Reason2-2B"", ""zero_slots"": true}",alpamayo1_5_distill.models.kava_model.KaVaReasoningVLA.from_pretrained_vlm,/home/achahe/alpamayo-recipes/recipes/alpamayo1_5_distill/outputs/2026-08-02/19-12-32/.hydra/config.yaml,/data/achahe/alpamayo-recipes/recipes/alpamayo1_5_distill/training/kavaeval_zeroed2.log,Checkpoint absent; epoch estimated from retained step/epoch ratio
/data/achahe/alpamayo-recipes/recipes/alpamayo1_5_distill/training/stepsweep/cd300nav_k1.json,1000,1000,0,f95d4401b398e6f65b388822bc500b0d2c7454d9e700512f789b6299ce7e7da4,1.6697640456352383,1.2602839789651334,excluded: checkpoint below one epoch,/data/achahe/alpamayo-recipes/recipes/alpamayo1_5_distill/training/output_cd_expert_2cam_nav_lcdrive,output_cd_expert_2cam_nav_lcdrive,/data/achahe/alpamayo-recipes/recipes/alpamayo1_5_distill/training/output_cd_expert_2cam_nav_lcdrive/checkpoint-300,False,0.144,action expert,1,alpamayo.data.pai_nav.PAIDatasetWithNav,/data/datasets/physical_ai_av/,/data/datasets/physical_ai_av/lcdrive_physicalai_av_manifests/lcdrive_val_mysubset_1k_clip_uuids.txt,/data/datasets/physical_ai_av/lcdrive_physicalai_av_manifests/nav_lcdrive_val_mysubset_1k.json,0-3146,"[1, 3]",annotation anchored,True,True,True,/data/achahe/alpamayo-recipes/recipes/alpamayo1_5_distill/training/output_cd_expert_2cam_nav_lcdrive/checkpoint-300,"{""_target_"": ""alpamayo1_5_distill.models.stitched_model.StitchedAlpamayoR1.from_teacher"", ""alpamayo_config_path"": ""/data/achahe/alpasim/huggingface/hub/models--nvidia--Alpamayo-1.5-10B-A1-format"", ""attn_implementation"": ""sdpa"", ""checkpoint_path"": ""/data/achahe/alpasim/huggingface/hub/models--nvidia--Alpamayo-1.5-10B-A1-format"", ""teacher_checkpoint_path"": ""/data/achahe/alpamayo-recipes/recipes/alpamayo1_5_distill/training/output_cd_expert_2cam_nav_lcdrive/checkpoint-300"", ""vlm_name_or_path"": ""/data/achahe/alpasim/huggingface/hub/models--nvidia--Cosmos-Reason2-8B/snapshots/a9fae2cf89dc64db96b12860417f0eb403013bb9""}",alpamayo1_5_distill.models.stitched_model.StitchedAlpamayoR1.from_teacher,/home/achahe/alpamayo-recipes/recipes/alpamayo1_5_distill/outputs/2026-08-24/17-10-01/.hydra/config.yaml,,Checkpoint absent; epoch estimated from retained step/epoch ratio
/data/achahe/alpamayo-recipes/recipes/alpamayo1_5_distill/training/stepsweep/cd300nav_k10.json,1000,1000,0,f95d4401b398e6f65b388822bc500b0d2c7454d9e700512f789b6299ce7e7da4,1.7296381615991705,0.7577266930069309,excluded: checkpoint below one epoch,/data/achahe/alpamayo-recipes/recipes/alpamayo1_5_distill/training/output_cd_expert_2cam_nav_lcdrive,output_cd_expert_2cam_nav_lcdrive,/data/achahe/alpamayo-recipes/recipes/alpamayo1_5_distill/training/output_cd_expert_2cam_nav_lcdrive/checkpoint-300,False,0.144,action expert,10,alpamayo.data.pai_nav.PAIDatasetWithNav,/data/datasets/physical_ai_av/,/data/datasets/physical_ai_av/lcdrive_physicalai_av_manifests/lcdrive_val_mysubset_1k_clip_uuids.txt,/data/datasets/physical_ai_av/lcdrive_physicalai_av_manifests/nav_lcdrive_val_mysubset_1k.json,0-3146,"[1, 3]",annotation anchored,True,True,True,/data/achahe/alpamayo-recipes/recipes/alpamayo1_5_distill/training/output_cd_expert_2cam_nav_lcdrive/checkpoint-300,"{""_target_"": ""alpamayo1_5_distill.models.stitched_model.StitchedAlpamayoR1.from_teacher"", ""alpamayo_config_path"": ""/data/achahe/alpasim/huggingface/hub/models--nvidia--Alpamayo-1.5-10B-A1-format"", ""attn_implementation"": ""sdpa"", ""checkpoint_path"": ""/data/achahe/alpasim/huggingface/hub/models--nvidia--Alpamayo-1.5-10B-A1-format"", ""teacher_checkpoint_path"": ""/data/achahe/alpamayo-recipes/recipes/alpamayo1_5_distill/training/output_cd_expert_2cam_nav_lcdrive/checkpoint-300"", ""vlm_name_or_path"": ""/data/achahe/alpasim/huggingface/hub/models--nvidia--Cosmos-Reason2-8B/snapshots/a9fae2cf89dc64db96b12860417f0eb403013bb9""}",alpamayo1_5_distill.models.stitched_model.StitchedAlpamayoR1.from_teacher,/home/achahe/alpamayo-recipes/recipes/alpamayo1_5_distill/outputs/2026-08-24/17-10-01/.hydra/config.yaml,,Checkpoint absent; epoch estimated from retained step/epoch ratio
/data/achahe/alpamayo-recipes/recipes/alpamayo1_5_distill/training/stepsweep/cd300nav_k2.json,1000,1000,0,f95d4401b398e6f65b388822bc500b0d2c7454d9e700512f789b6299ce7e7da4,1.405011658737436,0.9099735526993172,excluded: checkpoint below one epoch,/data/achahe/alpamayo-recipes/recipes/alpamayo1_5_distill/training/output_cd_expert_2cam_nav_lcdrive,output_cd_expert_2cam_nav_lcdrive,/data/achahe/alpamayo-recipes/recipes/alpamayo1_5_distill/training/output_cd_expert_2cam_nav_lcdrive/checkpoint-300,False,0.144,action expert,2,alpamayo.data.pai_nav.PAIDatasetWithNav,/data/datasets/physical_ai_av/,/data/datasets/physical_ai_av/lcdrive_physicalai_av_manifests/lcdrive_val_mysubset_1k_clip_uuids.txt,/data/datasets/physical_ai_av/lcdrive_physicalai_av_manifests/nav_lcdrive_val_mysubset_1k.json,0-3146,"[1, 3]",annotation anchored,True,True,True,/data/achahe/alpamayo-recipes/recipes/alpamayo1_5_distill/training/output_cd_expert_2cam_nav_lcdrive/checkpoint-300,"{""_target_"": ""alpamayo1_5_distill.models.stitched_model.StitchedAlpamayoR1.from_teacher"", ""alpamayo_config_path"": ""/data/achahe/alpasim/huggingface/hub/models--nvidia--Alpamayo-1.5-10B-A1-format"", ""attn_implementation"": ""sdpa"", ""checkpoint_path"": ""/data/achahe/alpasim/huggingface/hub/models--nvidia--Alpamayo-1.5-10B-A1-format"", ""teacher_checkpoint_path"": ""/data/achahe/alpamayo-recipes/recipes/alpamayo1_5_distill/training/output_cd_expert_2cam_nav_lcdrive/checkpoint-300"", ""vlm_name_or_path"": ""/data/achahe/alpasim/huggingface/hub/models--nvidia--Cosmos-Reason2-8B/snapshots/a9fae2cf89dc64db96b12860417f0eb403013bb9""}",alpamayo1_5_distill.models.stitched_model.StitchedAlpamayoR1.from_teacher,/home/achahe/alpamayo-recipes/recipes/alpamayo1_5_distill/outputs/2026-08-24/17-10-01/.hydra/config.yaml,,Checkpoint absent; epoch estimated from retained step/epoch ratio
/data/achahe/alpamayo-recipes/recipes/alpamayo1_5_distill/training/stepsweep/cd300nav_k3.json,1000,1000,0,f95d4401b398e6f65b388822bc500b0d2c7454d9e700512f789b6299ce7e7da4,1.4539645256276708,0.8275873022116721,excluded: checkpoint below one epoch,/data/achahe/alpamayo-recipes/recipes/alpamayo1_5_distill/training/output_cd_expert_2cam_nav_lcdrive,output_cd_expert_2cam_nav_lcdrive,/data/achahe/alpamayo-recipes/recipes/alpamayo1_5_distill/training/output_cd_expert_2cam_nav_lcdrive/checkpoint-300,False,0.144,action expert,3,alpamayo.data.pai_nav.PAIDatasetWithNav,/data/datasets/physical_ai_av/,/data/datasets/physical_ai_av/lcdrive_physicalai_av_manifests/lcdrive_val_mysubset_1k_clip_uuids.txt,/data/datasets/physical_ai_av/lcdrive_physicalai_av_manifests/nav_lcdrive_val_mysubset_1k.json,0-3146,"[1, 3]",annotation anchored,True,True,True,/data/achahe/alpamayo-recipes/recipes/alpamayo1_5_distill/training/output_cd_expert_2cam_nav_lcdrive/checkpoint-300,"{""_target_"": ""alpamayo1_5_distill.models.stitched_model.StitchedAlpamayoR1.from_teacher"", ""alpamayo_config_path"": ""/data/achahe/alpasim/huggingface/hub/models--nvidia--Alpamayo-1.5-10B-A1-format"", ""attn_implementation"": ""sdpa"", ""checkpoint_path"": ""/data/achahe/alpasim/huggingface/hub/models--nvidia--Alpamayo-1.5-10B-A1-format"", ""teacher_checkpoint_path"": ""/data/achahe/alpamayo-recipes/recipes/alpamayo1_5_distill/training/output_cd_expert_2cam_nav_lcdrive/checkpoint-300"", ""vlm_name_or_path"": ""/data/achahe/alpasim/huggingface/hub/models--nvidia--Cosmos-Reason2-8B/snapshots/a9fae2cf89dc64db96b12860417f0eb403013bb9""}",alpamayo1_5_distill.models.stitched_model.StitchedAlpamayoR1.from_teacher,/home/achahe/alpamayo-recipes/recipes/alpamayo1_5_distill/outputs/2026-08-24/17-10-01/.hydra/config.yaml,,Checkpoint absent; epoch estimated from retained step/epoch ratio
/data/achahe/alpamayo-recipes/recipes/alpamayo1_5_distill/training/stepsweep/cd300nav_k5.json,1000,1000,0,f95d4401b398e6f65b388822bc500b0d2c7454d9e700512f789b6299ce7e7da4,1.5578381697591395,0.7834717887081206,excluded: checkpoint below one epoch,/data/achahe/alpamayo-recipes/recipes/alpamayo1_5_distill/training/output_cd_expert_2cam_nav_lcdrive,output_cd_expert_2cam_nav_lcdrive,/data/achahe/alpamayo-recipes/recipes/alpamayo1_5_distill/training/output_cd_expert_2cam_nav_lcdrive/checkpoint-300,False,0.144,action expert,5,alpamayo.data.pai_nav.PAIDatasetWithNav,/data/datasets/physical_ai_av/,/data/datasets/physical_ai_av/lcdrive_physicalai_av_manifests/lcdrive_val_mysubset_1k_clip_uuids.txt,/data/datasets/physical_ai_av/lcdrive_physicalai_av_manifests/nav_lcdrive_val_mysubset_1k.json,0-3146,"[1, 3]",annotation anchored,True,True,True,/data/achahe/alpamayo-recipes/recipes/alpamayo1_5_distill/training/output_cd_expert_2cam_nav_lcdrive/checkpoint-300,"{""_target_"": ""alpamayo1_5_distill.models.stitched_model.StitchedAlpamayoR1.from_teacher"", ""alpamayo_config_path"": ""/data/achahe/alpasim/huggingface/hub/models--nvidia--Alpamayo-1.5-10B-A1-format"", ""attn_implementation"": ""sdpa"", ""checkpoint_path"": ""/data/achahe/alpasim/huggingface/hub/models--nvidia--Alpamayo-1.5-10B-A1-format"", ""teacher_checkpoint_path"": ""/data/achahe/alpamayo-recipes/recipes/alpamayo1_5_distill/training/output_cd_expert_2cam_nav_lcdrive/checkpoint-300"", ""vlm_name_or_path"": ""/data/achahe/alpasim/huggingface/hub/models--nvidia--Cosmos-Reason2-8B/snapshots/a9fae2cf89dc64db96b12860417f0eb403013bb9""}",alpamayo1_5_distill.models.stitched_model.StitchedAlpamayoR1.from_teacher,/home/achahe/alpamayo-recipes/recipes/alpamayo1_5_distill/outputs/2026-08-24/17-10-01/.hydra/config.yaml,,Checkpoint absent; epoch estimated from retained step/epoch ratio
/data/achahe/alpamayo-recipes/recipes/alpamayo1_5_distill/training/stepsweep/nav_2b_e3_cdp28_e2_k1.json,1000,1000,0,f95d4401b398e6f65b388822bc500b0d2c7454d9e700512f789b6299ce7e7da4,2.8872035100832583,2.05696049390547,included,/data/achahe/alpamayo-recipes/recipes/alpamayo1_5_distill/training/output_cd_expert_pruned28_2cam_nav_lcdrive_bs32_e2_20260826,output_cd_expert_pruned28_2cam_nav_lcdrive_bs32_e2_20260826,/data/achahe/alpamayo-recipes/recipes/alpamayo1_5_distill/training/output_cd_expert_pruned28_2cam_nav_lcdrive_bs32_e2_20260826/checkpoint-3126,True,2.0,action expert,1,alpamayo.data.pai_nav.PAIDatasetWithNav,/data/datasets/physical_ai_av/,/data/datasets/physical_ai_av/lcdrive_physicalai_av_manifests/lcdrive_val_mysubset_1k_clip_uuids.txt,/data/datasets/physical_ai_av/lcdrive_physicalai_av_manifests/nav_lcdrive_val_mysubset_1k.json,0-3146,"[1, 3]",annotation anchored,True,True,True,/data/achahe/alpamayo-recipes/recipes/alpamayo1_5_distill/training/output_cd_expert_pruned28_2cam_nav_lcdrive_bs32_e2_20260826/checkpoint-3126,"{""_target_"": ""alpamayo1_5_distill.models.stitched_model.StitchedAlpamayoR1.from_stitch"", ""alpamayo_config_path"": ""/data/achahe/alpasim/huggingface/hub/models--nvidia--Alpamayo-1.5-10B-A1-format"", ""attn_implementation"": ""sdpa"", ""checkpoint_path"": ""/data/achahe/alpamayo-recipes/recipes/alpamayo1_5_distill/training/output_kd_2b_nav2bmix_m7w1.0_e5_clean_maskfix_lcdrive/checkpoint-4689"", ""teacher_checkpoint_path"": ""/data/achahe/alpamayo-recipes/recipes/alpamayo1_5_distill/training/output_cd_expert_pruned28_2cam_nav_lcdrive_bs32_e2_20260826/checkpoint-3126"", ""vlm_name_or_path"": ""/data/achahe/alpasim/huggingface/hub/Cosmos-Reason2-2B""}",alpamayo1_5_distill.models.stitched_model.StitchedAlpamayoR1.from_stitch,/home/achahe/alpamayo-recipes/recipes/alpamayo1_5_distill/outputs/2026-08-27/10-47-05/.hydra/config.yaml,,
/data/achahe/alpamayo-recipes/recipes/alpamayo1_5_distill/training/stepsweep/nav_2b_e3_cdp28_e2_k2.json,1000,1000,0,f95d4401b398e6f65b388822bc500b0d2c7454d9e700512f789b6299ce7e7da4,3.0209554727692156,1.8685916847512125,included,/data/achahe/alpamayo-recipes/recipes/alpamayo1_5_distill/training/output_cd_expert_pruned28_2cam_nav_lcdrive_bs32_e2_20260826,output_cd_expert_pruned28_2cam_nav_lcdrive_bs32_e2_20260826,/data/achahe/alpamayo-recipes/recipes/alpamayo1_5_distill/training/output_cd_expert_pruned28_2cam_nav_lcdrive_bs32_e2_20260826/checkpoint-3126,True,2.0,action expert,2,alpamayo.data.pai_nav.PAIDatasetWithNav,/data/datasets/physical_ai_av/,/data/datasets/physical_ai_av/lcdrive_physicalai_av_manifests/lcdrive_val_mysubset_1k_clip_uuids.txt,/data/datasets/physical_ai_av/lcdrive_physicalai_av_manifests/nav_lcdrive_val_mysubset_1k.json,0-3146,"[1, 3]",annotation anchored,True,True,True,/data/achahe/alpamayo-recipes/recipes/alpamayo1_5_distill/training/output_cd_expert_pruned28_2cam_nav_lcdrive_bs32_e2_20260826/checkpoint-3126,"{""_target_"": ""alpamayo1_5_distill.models.stitched_model.StitchedAlpamayoR1.from_stitch"", ""alpamayo_config_path"": ""/data/achahe/alpasim/huggingface/hub/models--nvidia--Alpamayo-1.5-10B-A1-format"", ""attn_implementation"": ""sdpa"", ""checkpoint_path"": ""/data/achahe/alpamayo-recipes/recipes/alpamayo1_5_distill/training/output_kd_2b_nav2bmix_m7w1.0_e5_clean_maskfix_lcdrive/checkpoint-4689"", ""teacher_checkpoint_path"": ""/data/achahe/alpamayo-recipes/recipes/alpamayo1_5_distill/training/output_cd_expert_pruned28_2cam_nav_lcdrive_bs32_e2_20260826/checkpoint-3126"", ""vlm_name_or_path"": ""/data/achahe/alpasim/huggingface/hub/Cosmos-Reason2-2B""}",alpamayo1_5_distill.models.stitched_model.StitchedAlpamayoR1.from_stitch,/home/achahe/alpamayo-recipes/recipes/alpamayo1_5_distill/outputs/2026-08-27/10-47-05/.hydra/config.yaml,,
/data/achahe/alpamayo-recipes/recipes/alpamayo1_5_distill/training/stepsweep/nav_2b_e3_cdp28_e2_smoke_k1.json,2,2,0,03ea20bc9f5d176bce8638f79cccf4379651f89d187e7263117a3bf38c1890ad,2.677991211414337,1.625610426068306,excluded: smoke / tiny diagnostic eval,/data/achahe/alpamayo-recipes/recipes/alpamayo1_5_distill/training/output_cd_expert_pruned28_2cam_nav_lcdrive_bs32_e2_20260826,output_cd_expert_pruned28_2cam_nav_lcdrive_bs32_e2_20260826,/data/achahe/alpamayo-recipes/recipes/alpamayo1_5_distill/training/output_cd_expert_pruned28_2cam_nav_lcdrive_bs32_e2_20260826/checkpoint-3126,True,2.0,action expert,1,alpamayo.data.pai_nav.PAIDatasetWithNav,/data/datasets/physical_ai_av/,/data/datasets/physical_ai_av/lcdrive_physicalai_av_manifests/lcdrive_val_mysubset_1k_clip_uuids.txt,/data/datasets/physical_ai_av/lcdrive_physicalai_av_manifests/nav_lcdrive_val_mysubset_1k.json,0-3146,"[1, 3]",annotation anchored,True,True,True,/data/achahe/alpamayo-recipes/recipes/alpamayo1_5_distill/training/output_cd_expert_pruned28_2cam_nav_lcdrive_bs32_e2_20260826/checkpoint-3126,"{""_target_"": ""alpamayo1_5_distill.models.stitched_model.StitchedAlpamayoR1.from_stitch"", ""alpamayo_config_path"": ""/data/achahe/alpasim/huggingface/hub/models--nvidia--Alpamayo-1.5-10B-A1-format"", ""attn_implementation"": ""sdpa"", ""checkpoint_path"": ""/data/achahe/alpamayo-recipes/recipes/alpamayo1_5_distill/training/output_kd_2b_nav2bmix_m7w1.0_e5_clean_maskfix_lcdrive/checkpoint-4689"", ""teacher_checkpoint_path"": ""/data/achahe/alpamayo-recipes/recipes/alpamayo1_5_distill/training/output_cd_expert_pruned28_2cam_nav_lcdrive_bs32_e2_20260826/checkpoint-3126"", ""vlm_name_or_path"": ""/data/achahe/alpasim/huggingface/hub/Cosmos-Reason2-2B""}",alpamayo1_5_distill.models.stitched_model.StitchedAlpamayoR1.from_stitch,/home/achahe/alpamayo-recipes/recipes/alpamayo1_5_distill/outputs/2026-08-27/10-47-05/.hydra/config.yaml,,2 historical configs reference result; latest plus log used
/data/achahe/alpamayo-recipes/recipes/alpamayo1_5_distill/training/stepsweep/nav_cd1563_k1.json,1000,1000,0,f95d4401b398e6f65b388822bc500b0d2c7454d9e700512f789b6299ce7e7da4,1.4983346735863015,1.2002145784618332,included,/data/achahe/alpamayo-recipes/recipes/alpamayo1_5_distill/training/output_cd_expert_2cam_nav_lcdrive_fixed_20260825_bs32,output_cd_expert_2cam_nav_lcdrive_fixed_20260825_bs32,/data/achahe/alpamayo-recipes/recipes/alpamayo1_5_distill/training/output_cd_expert_2cam_nav_lcdrive_fixed_20260825_bs32/checkpoint-1563,True,1.0,action expert,1,alpamayo.data.pai_nav.PAIDatasetWithNav,/data/datasets/physical_ai_av/,/data/datasets/physical_ai_av/lcdrive_physicalai_av_manifests/lcdrive_val_mysubset_1k_clip_uuids.txt,/data/datasets/physical_ai_av/lcdrive_physicalai_av_manifests/nav_lcdrive_val_mysubset_1k.json,0-3146,"[1, 3]",annotation anchored,True,True,True,/data/achahe/alpamayo-recipes/recipes/alpamayo1_5_distill/training/output_cd_expert_2cam_nav_lcdrive_fixed_20260825_bs32/checkpoint-1563,"{""_target_"": ""alpamayo1_5_distill.models.stitched_model.StitchedAlpamayoR1.from_teacher"", ""alpamayo_config_path"": ""/data/achahe/alpasim/huggingface/hub/models--nvidia--Alpamayo-1.5-10B-A1-format"", ""attn_implementation"": ""sdpa"", ""checkpoint_path"": ""/data/achahe/alpasim/huggingface/hub/models--nvidia--Alpamayo-1.5-10B-A1-format"", ""teacher_checkpoint_path"": ""/data/achahe/alpamayo-recipes/recipes/alpamayo1_5_distill/training/output_cd_expert_2cam_nav_lcdrive_fixed_20260825_bs32/checkpoint-1563"", ""vlm_name_or_path"": ""/data/achahe/alpasim/huggingface/hub/models--nvidia--Cosmos-Reason2-8B/snapshots/a9fae2cf89dc64db96b12860417f0eb403013bb9""}",alpamayo1_5_distill.models.stitched_model.StitchedAlpamayoR1.from_teacher,/home/achahe/alpamayo-recipes/recipes/alpamayo1_5_distill/outputs/2026-08-25/18-19-51/.hydra/config.yaml,,
/data/achahe/alpamayo-recipes/recipes/alpamayo1_5_distill/training/stepsweep/nav_cd1563_k2.json,1000,1000,0,f95d4401b398e6f65b388822bc500b0d2c7454d9e700512f789b6299ce7e7da4,1.488626623660326,0.8938725036424585,included,/data/achahe/alpamayo-recipes/recipes/alpamayo1_5_distill/training/output_cd_expert_2cam_nav_lcdrive_fixed_20260825_bs32,output_cd_expert_2cam_nav_lcdrive_fixed_20260825_bs32,/data/achahe/alpamayo-recipes/recipes/alpamayo1_5_distill/training/output_cd_expert_2cam_nav_lcdrive_fixed_20260825_bs32/checkpoint-1563,True,1.0,action expert,2,alpamayo.data.pai_nav.PAIDatasetWithNav,/data/datasets/physical_ai_av/,/data/datasets/physical_ai_av/lcdrive_physicalai_av_manifests/lcdrive_val_mysubset_1k_clip_uuids.txt,/data/datasets/physical_ai_av/lcdrive_physicalai_av_manifests/nav_lcdrive_val_mysubset_1k.json,0-3146,"[1, 3]",annotation anchored,True,True,True,/data/achahe/alpamayo-recipes/recipes/alpamayo1_5_distill/training/output_cd_expert_2cam_nav_lcdrive_fixed_20260825_bs32/checkpoint-1563,"{""_target_"": ""alpamayo1_5_distill.models.stitched_model.StitchedAlpamayoR1.from_teacher"", ""alpamayo_config_path"": ""/data/achahe/alpasim/huggingface/hub/models--nvidia--Alpamayo-1.5-10B-A1-format"", ""attn_implementation"": ""sdpa"", ""checkpoint_path"": ""/data/achahe/alpasim/huggingface/hub/models--nvidia--Alpamayo-1.5-10B-A1-format"", ""teacher_checkpoint_path"": ""/data/achahe/alpamayo-recipes/recipes/alpamayo1_5_distill/training/output_cd_expert_2cam_nav_lcdrive_fixed_20260825_bs32/checkpoint-1563"", ""vlm_name_or_path"": ""/data/achahe/alpasim/huggingface/hub/models--nvidia--Cosmos-Reason2-8B/snapshots/a9fae2cf89dc64db96b12860417f0eb403013bb9""}",alpamayo1_5_distill.models.stitched_model.StitchedAlpamayoR1.from_teacher,/home/achahe/alpamayo-recipes/recipes/alpamayo1_5_distill/outputs/2026-08-25/18-19-51/.hydra/config.yaml,,
/data/achahe/alpamayo-recipes/recipes/alpamayo1_5_distill/training/stepsweep/nav_cd2084_k1.json,1000,1000,0,f95d4401b398e6f65b388822bc500b0d2c7454d9e700512f789b6299ce7e7da4,1.9161069912910462,1.2617289145449175,included,/data/achahe/alpamayo-recipes/recipes/alpamayo1_5_distill/training/output_cd_expert_2cam_nav_lcdrive,output_cd_expert_2cam_nav_lcdrive,/data/achahe/alpamayo-recipes/recipes/alpamayo1_5_distill/training/output_cd_expert_2cam_nav_lcdrive/checkpoint-2084,True,1.0,action expert,1,alpamayo.data.pai_nav.PAIDatasetWithNav,/data/datasets/physical_ai_av/,/data/datasets/physical_ai_av/lcdrive_physicalai_av_manifests/lcdrive_val_mysubset_1k_clip_uuids.txt,/data/datasets/physical_ai_av/lcdrive_physicalai_av_manifests/nav_lcdrive_val_mysubset_1k.json,0-3146,"[1, 3]",annotation anchored,True,True,True,/data/achahe/alpamayo-recipes/recipes/alpamayo1_5_distill/training/output_cd_expert_2cam_nav_lcdrive/checkpoint-2084,"{""_target_"": ""alpamayo1_5_distill.models.stitched_model.StitchedAlpamayoR1.from_teacher"", ""alpamayo_config_path"": ""/data/achahe/alpasim/huggingface/hub/models--nvidia--Alpamayo-1.5-10B-A1-format"", ""attn_implementation"": ""sdpa"", ""checkpoint_path"": ""/data/achahe/alpasim/huggingface/hub/models--nvidia--Alpamayo-1.5-10B-A1-format"", ""teacher_checkpoint_path"": ""/data/achahe/alpamayo-recipes/recipes/alpamayo1_5_distill/training/output_cd_expert_2cam_nav_lcdrive/checkpoint-2084"", ""vlm_name_or_path"": ""/data/achahe/alpasim/huggingface/hub/models--nvidia--Cosmos-Reason2-8B/snapshots/a9fae2cf89dc64db96b12860417f0eb403013bb9""}",alpamayo1_5_distill.models.stitched_model.StitchedAlpamayoR1.from_teacher,/home/achahe/alpamayo-recipes/recipes/alpamayo1_5_distill/outputs/2026-08-25/10-52-44/.hydra/config.yaml,,
/data/achahe/alpamayo-recipes/recipes/alpamayo1_5_distill/training/stepsweep/nav_cd2084_k10.json,1000,1000,0,f95d4401b398e6f65b388822bc500b0d2c7454d9e700512f789b6299ce7e7da4,2.1610184342777354,0.8953504448863677,included,/data/achahe/alpamayo-recipes/recipes/alpamayo1_5_distill/training/output_cd_expert_2cam_nav_lcdrive,output_cd_expert_2cam_nav_lcdrive,/data/achahe/alpamayo-recipes/recipes/alpamayo1_5_distill/training/output_cd_expert_2cam_nav_lcdrive/checkpoint-2084,True,1.0,action expert,10,alpamayo.data.pai_nav.PAIDatasetWithNav,/data/datasets/physical_ai_av/,/data/datasets/physical_ai_av/lcdrive_physicalai_av_manifests/lcdrive_val_mysubset_1k_clip_uuids.txt,/data/datasets/physical_ai_av/lcdrive_physicalai_av_manifests/nav_lcdrive_val_mysubset_1k.json,0-3146,"[1, 3]",annotation anchored,True,True,True,/data/achahe/alpamayo-recipes/recipes/alpamayo1_5_distill/training/output_cd_expert_2cam_nav_lcdrive/checkpoint-2084,"{""_target_"": ""alpamayo1_5_distill.models.stitched_model.StitchedAlpamayoR1.from_teacher"", ""alpamayo_config_path"": ""/data/achahe/alpasim/huggingface/hub/models--nvidia--Alpamayo-1.5-10B-A1-format"", ""attn_implementation"": ""sdpa"", ""checkpoint_path"": ""/data/achahe/alpasim/huggingface/hub/models--nvidia--Alpamayo-1.5-10B-A1-format"", ""teacher_checkpoint_path"": ""/data/achahe/alpamayo-recipes/recipes/alpamayo1_5_distill/training/output_cd_expert_2cam_nav_lcdrive/checkpoint-2084"", ""vlm_name_or_path"": ""/data/achahe/alpasim/huggingface/hub/models--nvidia--Cosmos-Reason2-8B/snapshots/a9fae2cf89dc64db96b12860417f0eb403013bb9""}",alpamayo1_5_distill.models.stitched_model.StitchedAlpamayoR1.from_teacher,/home/achahe/alpamayo-recipes/recipes/alpamayo1_5_distill/outputs/2026-08-25/10-52-44/.hydra/config.yaml,,
/data/achahe/alpamayo-recipes/recipes/alpamayo1_5_distill/training/stepsweep/nav_cd2084_k2.json,1000,1000,0,f95d4401b398e6f65b388822bc500b0d2c7454d9e700512f789b6299ce7e7da4,1.8392186100119725,1.0283051432147623,included,/data/achahe/alpamayo-recipes/recipes/alpamayo1_5_distill/training/output_cd_expert_2cam_nav_lcdrive,output_cd_expert_2cam_nav_lcdrive,/data/achahe/alpamayo-recipes/recipes/alpamayo1_5_distill/training/output_cd_expert_2cam_nav_lcdrive/checkpoint-2084,True,1.0,action expert,2,alpamayo.data.pai_nav.PAIDatasetWithNav,/data/datasets/physical_ai_av/,/data/datasets/physical_ai_av/lcdrive_physicalai_av_manifests/lcdrive_val_mysubset_1k_clip_uuids.txt,/data/datasets/physical_ai_av/lcdrive_physicalai_av_manifests/nav_lcdrive_val_mysubset_1k.json,0-3146,"[1, 3]",annotation anchored,True,True,True,/data/achahe/alpamayo-recipes/recipes/alpamayo1_5_distill/training/output_cd_expert_2cam_nav_lcdrive/checkpoint-2084,"{""_target_"": ""alpamayo1_5_distill.models.stitched_model.StitchedAlpamayoR1.from_teacher"", ""alpamayo_config_path"": ""/data/achahe/alpasim/huggingface/hub/models--nvidia--Alpamayo-1.5-10B-A1-format"", ""attn_implementation"": ""sdpa"", ""checkpoint_path"": ""/data/achahe/alpasim/huggingface/hub/models--nvidia--Alpamayo-1.5-10B-A1-format"", ""teacher_checkpoint_path"": ""/data/achahe/alpamayo-recipes/recipes/alpamayo1_5_distill/training/output_cd_expert_2cam_nav_lcdrive/checkpoint-2084"", ""vlm_name_or_path"": ""/data/achahe/alpasim/huggingface/hub/models--nvidia--Cosmos-Reason2-8B/snapshots/a9fae2cf89dc64db96b12860417f0eb403013bb9""}",alpamayo1_5_distill.models.stitched_model.StitchedAlpamayoR1.from_teacher,/home/achahe/alpamayo-recipes/recipes/alpamayo1_5_distill/outputs/2026-08-25/10-52-44/.hydra/config.yaml,,
/data/achahe/alpamayo-recipes/recipes/alpamayo1_5_distill/training/stepsweep/nav_cd2084_k3.json,1000,1000,0,f95d4401b398e6f65b388822bc500b0d2c7454d9e700512f789b6299ce7e7da4,1.8608978929547593,0.9606757774804718,included,/data/achahe/alpamayo-recipes/recipes/alpamayo1_5_distill/training/output_cd_expert_2cam_nav_lcdrive,output_cd_expert_2cam_nav_lcdrive,/data/achahe/alpamayo-recipes/recipes/alpamayo1_5_distill/training/output_cd_expert_2cam_nav_lcdrive/checkpoint-2084,True,1.0,action expert,3,alpamayo.data.pai_nav.PAIDatasetWithNav,/data/datasets/physical_ai_av/,/data/datasets/physical_ai_av/lcdrive_physicalai_av_manifests/lcdrive_val_mysubset_1k_clip_uuids.txt,/data/datasets/physical_ai_av/lcdrive_physicalai_av_manifests/nav_lcdrive_val_mysubset_1k.json,0-3146,"[1, 3]",annotation anchored,True,True,True,/data/achahe/alpamayo-recipes/recipes/alpamayo1_5_distill/training/output_cd_expert_2cam_nav_lcdrive/checkpoint-2084,"{""_target_"": ""alpamayo1_5_distill.models.stitched_model.StitchedAlpamayoR1.from_teacher"", ""alpamayo_config_path"": ""/data/achahe/alpasim/huggingface/hub/models--nvidia--Alpamayo-1.5-10B-A1-format"", ""attn_implementation"": ""sdpa"", ""checkpoint_path"": ""/data/achahe/alpasim/huggingface/hub/models--nvidia--Alpamayo-1.5-10B-A1-format"", ""teacher_checkpoint_path"": ""/data/achahe/alpamayo-recipes/recipes/alpamayo1_5_distill/training/output_cd_expert_2cam_nav_lcdrive/checkpoint-2084"", ""vlm_name_or_path"": ""/data/achahe/alpasim/huggingface/hub/models--nvidia--Cosmos-Reason2-8B/snapshots/a9fae2cf89dc64db96b12860417f0eb403013bb9""}",alpamayo1_5_distill.models.stitched_model.StitchedAlpamayoR1.from_teacher,/home/achahe/alpamayo-recipes/recipes/alpamayo1_5_distill/outputs/2026-08-25/10-52-44/.hydra/config.yaml,,
/data/achahe/alpamayo-recipes/recipes/alpamayo1_5_distill/training/stepsweep/nav_cd2084_k5.json,1000,1000,0,f95d4401b398e6f65b388822bc500b0d2c7454d9e700512f789b6299ce7e7da4,1.9542872698148712,0.9154489371886011,included,/data/achahe/alpamayo-recipes/recipes/alpamayo1_5_distill/training/output_cd_expert_2cam_nav_lcdrive,output_cd_expert_2cam_nav_lcdrive,/data/achahe/alpamayo-recipes/recipes/alpamayo1_5_distill/training/output_cd_expert_2cam_nav_lcdrive/checkpoint-2084,True,1.0,action expert,5,alpamayo.data.pai_nav.PAIDatasetWithNav,/data/datasets/physical_ai_av/,/data/datasets/physical_ai_av/lcdrive_physicalai_av_manifests/lcdrive_val_mysubset_1k_clip_uuids.txt,/data/datasets/physical_ai_av/lcdrive_physicalai_av_manifests/nav_lcdrive_val_mysubset_1k.json,0-3146,"[1, 3]",annotation anchored,True,True,True,/data/achahe/alpamayo-recipes/recipes/alpamayo1_5_distill/training/output_cd_expert_2cam_nav_lcdrive/checkpoint-2084,"{""_target_"": ""alpamayo1_5_distill.models.stitched_model.StitchedAlpamayoR1.from_teacher"", ""alpamayo_config_path"": ""/data/achahe/alpasim/huggingface/hub/models--nvidia--Alpamayo-1.5-10B-A1-format"", ""attn_implementation"": ""sdpa"", ""checkpoint_path"": ""/data/achahe/alpasim/huggingface/hub/models--nvidia--Alpamayo-1.5-10B-A1-format"", ""teacher_checkpoint_path"": ""/data/achahe/alpamayo-recipes/recipes/alpamayo1_5_distill/training/output_cd_expert_2cam_nav_lcdrive/checkpoint-2084"", ""vlm_name_or_path"": ""/data/achahe/alpasim/huggingface/hub/models--nvidia--Cosmos-Reason2-8B/snapshots/a9fae2cf89dc64db96b12860417f0eb403013bb9""}",alpamayo1_5_distill.models.stitched_model.StitchedAlpamayoR1.from_teacher,/home/achahe/alpamayo-recipes/recipes/alpamayo1_5_distill/outputs/2026-08-25/10-52-44/.hydra/config.yaml,,
/data/achahe/alpamayo-recipes/recipes/alpamayo1_5_distill/training/stepsweep/nav_cd800_k1.json,1000,1000,0,f95d4401b398e6f65b388822bc500b0d2c7454d9e700512f789b6299ce7e7da4,1.5620414150562136,1.239162920436822,excluded: checkpoint below one epoch,/data/achahe/alpamayo-recipes/recipes/alpamayo1_5_distill/training/output_cd_expert_2cam_nav_lcdrive_fixed_20260825_bs32,output_cd_expert_2cam_nav_lcdrive_fixed_20260825_bs32,/data/achahe/alpamayo-recipes/recipes/alpamayo1_5_distill/training/output_cd_expert_2cam_nav_lcdrive_fixed_20260825_bs32/checkpoint-800,True,0.512,action expert,1,alpamayo.data.pai_nav.PAIDatasetWithNav,/data/datasets/physical_ai_av/,/data/datasets/physical_ai_av/lcdrive_physicalai_av_manifests/lcdrive_val_mysubset_1k_clip_uuids.txt,/data/datasets/physical_ai_av/lcdrive_physicalai_av_manifests/nav_lcdrive_val_mysubset_1k.json,0-3146,"[1, 3]",annotation anchored,True,True,True,/data/achahe/alpamayo-recipes/recipes/alpamayo1_5_distill/training/output_cd_expert_2cam_nav_lcdrive_fixed_20260825_bs32/checkpoint-800,"{""_target_"": ""alpamayo1_5_distill.models.stitched_model.StitchedAlpamayoR1.from_teacher"", ""alpamayo_config_path"": ""/data/achahe/alpasim/huggingface/hub/models--nvidia--Alpamayo-1.5-10B-A1-format"", ""attn_implementation"": ""sdpa"", ""checkpoint_path"": ""/data/achahe/alpasim/huggingface/hub/models--nvidia--Alpamayo-1.5-10B-A1-format"", ""teacher_checkpoint_path"": ""/data/achahe/alpamayo-recipes/recipes/alpamayo1_5_distill/training/output_cd_expert_2cam_nav_lcdrive_fixed_20260825_bs32/checkpoint-800"", ""vlm_name_or_path"": ""/data/achahe/alpasim/huggingface/hub/models--nvidia--Cosmos-Reason2-8B/snapshots/a9fae2cf89dc64db96b12860417f0eb403013bb9""}",alpamayo1_5_distill.models.stitched_model.StitchedAlpamayoR1.from_teacher,/home/achahe/alpamayo-recipes/recipes/alpamayo1_5_distill/outputs/2026-08-25/18-10-00/.hydra/config.yaml,,2 historical configs reference result; latest plus log used
/data/achahe/alpamayo-recipes/recipes/alpamayo1_5_distill/training/stepsweep/nav_cd800_k2.json,1000,1000,0,f95d4401b398e6f65b388822bc500b0d2c7454d9e700512f789b6299ce7e7da4,1.4870590004366822,0.9087900185585022,excluded: checkpoint below one epoch,/data/achahe/alpamayo-recipes/recipes/alpamayo1_5_distill/training/output_cd_expert_2cam_nav_lcdrive_fixed_20260825_bs32,output_cd_expert_2cam_nav_lcdrive_fixed_20260825_bs32,/data/achahe/alpamayo-recipes/recipes/alpamayo1_5_distill/training/output_cd_expert_2cam_nav_lcdrive_fixed_20260825_bs32/checkpoint-800,True,0.512,action expert,2,alpamayo.data.pai_nav.PAIDatasetWithNav,/data/datasets/physical_ai_av/,/data/datasets/physical_ai_av/lcdrive_physicalai_av_manifests/lcdrive_val_mysubset_1k_clip_uuids.txt,/data/datasets/physical_ai_av/lcdrive_physicalai_av_manifests/nav_lcdrive_val_mysubset_1k.json,0-3146,"[1, 3]",annotation anchored,True,True,True,/data/achahe/alpamayo-recipes/recipes/alpamayo1_5_distill/training/output_cd_expert_2cam_nav_lcdrive_fixed_20260825_bs32/checkpoint-800,"{""_target_"": ""alpamayo1_5_distill.models.stitched_model.StitchedAlpamayoR1.from_teacher"", ""alpamayo_config_path"": ""/data/achahe/alpasim/huggingface/hub/models--nvidia--Alpamayo-1.5-10B-A1-format"", ""attn_implementation"": ""sdpa"", ""checkpoint_path"": ""/data/achahe/alpasim/huggingface/hub/models--nvidia--Alpamayo-1.5-10B-A1-format"", ""teacher_checkpoint_path"": ""/data/achahe/alpamayo-recipes/recipes/alpamayo1_5_distill/training/output_cd_expert_2cam_nav_lcdrive_fixed_20260825_bs32/checkpoint-800"", ""vlm_name_or_path"": ""/data/achahe/alpasim/huggingface/hub/models--nvidia--Cosmos-Reason2-8B/snapshots/a9fae2cf89dc64db96b12860417f0eb403013bb9""}",alpamayo1_5_distill.models.stitched_model.StitchedAlpamayoR1.from_teacher,/home/achahe/alpamayo-recipes/recipes/alpamayo1_5_distill/outputs/2026-08-25/18-10-00/.hydra/config.yaml,,2 historical configs reference result; latest plus log used
/data/achahe/alpamayo-recipes/recipes/alpamayo1_5_distill/training/stepsweep/nav_cdp28_e1_s1600_k1.json,1000,1000,0,f95d4401b398e6f65b388822bc500b0d2c7454d9e700512f789b6299ce7e7da4,2.506367195805535,1.483967250977177,included,/data/achahe/alpamayo-recipes/recipes/alpamayo1_5_distill/training/output_cd_expert_pruned28_2cam_nav_lcdrive_bs32_e2_20260826,output_cd_expert_pruned28_2cam_nav_lcdrive_bs32_e2_20260826,/data/achahe/alpamayo-recipes/recipes/alpamayo1_5_distill/training/output_cd_expert_pruned28_2cam_nav_lcdrive_bs32_e2_20260826/checkpoint-1600,True,1.02368,action expert,1,alpamayo.data.pai_nav.PAIDatasetWithNav,/data/datasets/physical_ai_av/,/data/datasets/physical_ai_av/lcdrive_physicalai_av_manifests/lcdrive_val_mysubset_1k_clip_uuids.txt,/data/datasets/physical_ai_av/lcdrive_physicalai_av_manifests/nav_lcdrive_val_mysubset_1k.json,0-3146,"[1, 3]",annotation anchored,True,True,True,/data/achahe/alpamayo-recipes/recipes/alpamayo1_5_distill/training/output_cd_expert_pruned28_2cam_nav_lcdrive_bs32_e2_20260826/checkpoint-1600,"{""_target_"": ""alpamayo1_5_distill.models.stitched_model.StitchedAlpamayoR1.from_teacher"", ""attn_implementation"": ""sdpa"", ""checkpoint_path"": ""/data/achahe/alpasim/huggingface/hub/models--nvidia--Alpamayo-1.5-10B-A1-format"", ""sparse_pruned_expert"": true, ""teacher_checkpoint_path"": ""/data/achahe/alpamayo-recipes/recipes/alpamayo1_5_distill/training/output_cd_expert_pruned28_2cam_nav_lcdrive_bs32_e2_20260826/checkpoint-1600"", ""vlm_name_or_path"": ""/data/achahe/alpasim/huggingface/hub/models--nvidia--Cosmos-Reason2-8B/snapshots/a9fae2cf89dc64db96b12860417f0eb403013bb9""}",alpamayo1_5_distill.models.stitched_model.StitchedAlpamayoR1.from_teacher,/home/achahe/alpamayo-recipes/recipes/alpamayo1_5_distill/outputs/2026-08-27/00-08-45/.hydra/config.yaml,,2 historical configs reference result; latest plus log used
/data/achahe/alpamayo-recipes/recipes/alpamayo1_5_distill/training/stepsweep/nav_cdp28_e1_s1600_k2.json,1000,1000,0,f95d4401b398e6f65b388822bc500b0d2c7454d9e700512f789b6299ce7e7da4,2.7890503422133626,1.9245642520766706,included,/data/achahe/alpamayo-recipes/recipes/alpamayo1_5_distill/training/output_cd_expert_pruned28_2cam_nav_lcdrive_bs32_e2_20260826,output_cd_expert_pruned28_2cam_nav_lcdrive_bs32_e2_20260826,/data/achahe/alpamayo-recipes/recipes/alpamayo1_5_distill/training/output_cd_expert_pruned28_2cam_nav_lcdrive_bs32_e2_20260826/checkpoint-1600,True,1.02368,action expert,2,alpamayo.data.pai_nav.PAIDatasetWithNav,/data/datasets/physical_ai_av/,/data/datasets/physical_ai_av/lcdrive_physicalai_av_manifests/lcdrive_val_mysubset_1k_clip_uuids.txt,/data/datasets/physical_ai_av/lcdrive_physicalai_av_manifests/nav_lcdrive_val_mysubset_1k.json,0-3146,"[1, 3]",annotation anchored,True,True,True,/data/achahe/alpamayo-recipes/recipes/alpamayo1_5_distill/training/output_cd_expert_pruned28_2cam_nav_lcdrive_bs32_e2_20260826/checkpoint-1600,"{""_target_"": ""alpamayo1_5_distill.models.stitched_model.StitchedAlpamayoR1.from_teacher"", ""attn_implementation"": ""sdpa"", ""checkpoint_path"": ""/data/achahe/alpasim/huggingface/hub/models--nvidia--Alpamayo-1.5-10B-A1-format"", ""sparse_pruned_expert"": true, ""teacher_checkpoint_path"": ""/data/achahe/alpamayo-recipes/recipes/alpamayo1_5_distill/training/output_cd_expert_pruned28_2cam_nav_lcdrive_bs32_e2_20260826/checkpoint-1600"", ""vlm_name_or_path"": ""/data/achahe/alpasim/huggingface/hub/models--nvidia--Cosmos-Reason2-8B/snapshots/a9fae2cf89dc64db96b12860417f0eb403013bb9""}",alpamayo1_5_distill.models.stitched_model.StitchedAlpamayoR1.from_teacher,/home/achahe/alpamayo-recipes/recipes/alpamayo1_5_distill/outputs/2026-08-27/00-08-45/.hydra/config.yaml,,2 historical configs reference result; latest plus log used
/data/achahe/alpamayo-recipes/recipes/alpamayo1_5_distill/training/stepsweep/nav_cdp28_e2_s3126_k1.json,1000,1000,0,f95d4401b398e6f65b388822bc500b0d2c7454d9e700512f789b6299ce7e7da4,2.472977037573233,1.4702534361444413,included,/data/achahe/alpamayo-recipes/recipes/alpamayo1_5_distill/training/output_cd_expert_pruned28_2cam_nav_lcdrive_bs32_e2_20260826,output_cd_expert_pruned28_2cam_nav_lcdrive_bs32_e2_20260826,/data/achahe/alpamayo-recipes/recipes/alpamayo1_5_distill/training/output_cd_expert_pruned28_2cam_nav_lcdrive_bs32_e2_20260826/checkpoint-3126,True,2.0,action expert,1,alpamayo.data.pai_nav.PAIDatasetWithNav,/data/datasets/physical_ai_av/,/data/datasets/physical_ai_av/lcdrive_physicalai_av_manifests/lcdrive_val_mysubset_1k_clip_uuids.txt,/data/datasets/physical_ai_av/lcdrive_physicalai_av_manifests/nav_lcdrive_val_mysubset_1k.json,0-3146,"[1, 3]",annotation anchored,True,True,True,/data/achahe/alpamayo-recipes/recipes/alpamayo1_5_distill/training/output_cd_expert_pruned28_2cam_nav_lcdrive_bs32_e2_20260826/checkpoint-3126,"{""_target_"": ""alpamayo1_5_distill.models.stitched_model.StitchedAlpamayoR1.from_teacher"", ""attn_implementation"": ""sdpa"", ""checkpoint_path"": ""/data/achahe/alpasim/huggingface/hub/models--nvidia--Alpamayo-1.5-10B-A1-format"", ""sparse_pruned_expert"": true, ""teacher_checkpoint_path"": ""/data/achahe/alpamayo-recipes/recipes/alpamayo1_5_distill/training/output_cd_expert_pruned28_2cam_nav_lcdrive_bs32_e2_20260826/checkpoint-3126"", ""vlm_name_or_path"": ""/data/achahe/alpasim/huggingface/hub/models--nvidia--Cosmos-Reason2-8B/snapshots/a9fae2cf89dc64db96b12860417f0eb403013bb9""}",alpamayo1_5_distill.models.stitched_model.StitchedAlpamayoR1.from_teacher,/home/achahe/alpamayo-recipes/recipes/alpamayo1_5_distill/outputs/2026-08-27/00-08-45/.hydra/config.yaml,/data/achahe/alpamayo-recipes/recipes/alpamayo1_5_distill/training/cdeval_565.out,Protocol inferred from sibling config; checkpoint verified in launch log
/data/achahe/alpamayo-recipes/recipes/alpamayo1_5_distill/training/stepsweep/nav_cdp28_e2_s3126_k2.json,1000,1000,0,f95d4401b398e6f65b388822bc500b0d2c7454d9e700512f789b6299ce7e7da4,2.686225013660267,1.820321819556877,included,/data/achahe/alpamayo-recipes/recipes/alpamayo1_5_distill/training/output_cd_expert_pruned28_2cam_nav_lcdrive_bs32_e2_20260826,output_cd_expert_pruned28_2cam_nav_lcdrive_bs32_e2_20260826,/data/achahe/alpamayo-recipes/recipes/alpamayo1_5_distill/training/output_cd_expert_pruned28_2cam_nav_lcdrive_bs32_e2_20260826/checkpoint-3126,True,2.0,action expert,2,alpamayo.data.pai_nav.PAIDatasetWithNav,/data/datasets/physical_ai_av/,/data/datasets/physical_ai_av/lcdrive_physicalai_av_manifests/lcdrive_val_mysubset_1k_clip_uuids.txt,/data/datasets/physical_ai_av/lcdrive_physicalai_av_manifests/nav_lcdrive_val_mysubset_1k.json,0-3146,"[1, 3]",annotation anchored,True,True,True,/data/achahe/alpamayo-recipes/recipes/alpamayo1_5_distill/training/output_cd_expert_pruned28_2cam_nav_lcdrive_bs32_e2_20260826/checkpoint-3126,"{""_target_"": ""alpamayo1_5_distill.models.stitched_model.StitchedAlpamayoR1.from_teacher"", ""attn_implementation"": ""sdpa"", ""checkpoint_path"": ""/data/achahe/alpasim/huggingface/hub/models--nvidia--Alpamayo-1.5-10B-A1-format"", ""sparse_pruned_expert"": true, ""teacher_checkpoint_path"": ""/data/achahe/alpamayo-recipes/recipes/alpamayo1_5_distill/training/output_cd_expert_pruned28_2cam_nav_lcdrive_bs32_e2_20260826/checkpoint-3126"", ""vlm_name_or_path"": ""/data/achahe/alpasim/huggingface/hub/models--nvidia--Cosmos-Reason2-8B/snapshots/a9fae2cf89dc64db96b12860417f0eb403013bb9""}",alpamayo1_5_distill.models.stitched_model.StitchedAlpamayoR1.from_teacher,/home/achahe/alpamayo-recipes/recipes/alpamayo1_5_distill/outputs/2026-08-27/00-08-45/.hydra/config.yaml,/data/achahe/alpamayo-recipes/recipes/alpamayo1_5_distill/training/cdeval_565.out,Protocol inferred from sibling config; checkpoint verified in launch log
/data/achahe/alpamayo-recipes/recipes/alpamayo1_5_distill/training/stepsweep/nav_cdp28_sparse_smoke_s1600_k1.json,1,1,0,2a8efbf950f2d159de2c7e1d3ffd176247b99028d04322d44df3094bef87e839,2.121140956878662,1.7591229677200317,excluded: smoke / tiny diagnostic eval,/data/achahe/alpamayo-recipes/recipes/alpamayo1_5_distill/training/output_cd_expert_pruned28_2cam_nav_lcdrive_bs32_e2_20260826,output_cd_expert_pruned28_2cam_nav_lcdrive_bs32_e2_20260826,/data/achahe/alpamayo-recipes/recipes/alpamayo1_5_distill/training/output_cd_expert_pruned28_2cam_nav_lcdrive_bs32_e2_20260826/checkpoint-1600,True,1.02368,action expert,1,alpamayo.data.pai_nav.PAIDatasetWithNav,/data/datasets/physical_ai_av/,/data/datasets/physical_ai_av/lcdrive_physicalai_av_manifests/lcdrive_val_mysubset_1k_clip_uuids.txt,/data/datasets/physical_ai_av/lcdrive_physicalai_av_manifests/nav_lcdrive_val_mysubset_1k.json,0-3146,"[1, 3]",annotation anchored,True,True,True,/data/achahe/alpamayo-recipes/recipes/alpamayo1_5_distill/training/output_cd_expert_pruned28_2cam_nav_lcdrive_bs32_e2_20260826/checkpoint-1600,"{""_target_"": ""alpamayo1_5_distill.models.stitched_model.StitchedAlpamayoR1.from_teacher"", ""attn_implementation"": ""sdpa"", ""checkpoint_path"": ""/data/achahe/alpasim/huggingface/hub/models--nvidia--Alpamayo-1.5-10B-A1-format"", ""sparse_pruned_expert"": true, ""teacher_checkpoint_path"": ""/data/achahe/alpamayo-recipes/recipes/alpamayo1_5_distill/training/output_cd_expert_pruned28_2cam_nav_lcdrive_bs32_e2_20260826/checkpoint-1600"", ""vlm_name_or_path"": ""/data/achahe/alpasim/huggingface/hub/models--nvidia--Cosmos-Reason2-8B/snapshots/a9fae2cf89dc64db96b12860417f0eb403013bb9""}",alpamayo1_5_distill.models.stitched_model.StitchedAlpamayoR1.from_teacher,/home/achahe/alpamayo-recipes/recipes/alpamayo1_5_distill/outputs/2026-08-27/00-03-17/.hydra/config.yaml,,
/data/achahe/alpamayo-recipes/recipes/alpamayo1_5_distill/training/stepsweep/nav_cds2_1563_k1.json,1000,1000,0,f95d4401b398e6f65b388822bc500b0d2c7454d9e700512f789b6299ce7e7da4,1.4812065140549093,1.1923381567806937,included,/data/achahe/alpamayo-recipes/recipes/alpamayo1_5_distill/training/output_cd_expert_2cam_nav_lcdrive_fixed_20260825_bs32_stage2,output_cd_expert_2cam_nav_lcdrive_fixed_20260825_bs32_stage2,/data/achahe/alpamayo-recipes/recipes/alpamayo1_5_distill/training/output_cd_expert_2cam_nav_lcdrive_fixed_20260825_bs32_stage2/checkpoint-1563,True,1.0,action expert,1,alpamayo.data.pai_nav.PAIDatasetWithNav,/data/datasets/physical_ai_av/,/data/datasets/physical_ai_av/lcdrive_physicalai_av_manifests/lcdrive_val_mysubset_1k_clip_uuids.txt,/data/datasets/physical_ai_av/lcdrive_physicalai_av_manifests/nav_lcdrive_val_mysubset_1k.json,0-3146,"[1, 3]",annotation anchored,True,True,True,/data/achahe/alpamayo-recipes/recipes/alpamayo1_5_distill/training/output_cd_expert_2cam_nav_lcdrive_fixed_20260825_bs32_stage2/checkpoint-1563,"{""_target_"": ""alpamayo1_5_distill.models.stitched_model.StitchedAlpamayoR1.from_teacher"", ""alpamayo_config_path"": ""/data/achahe/alpasim/huggingface/hub/models--nvidia--Alpamayo-1.5-10B-A1-format"", ""attn_implementation"": ""sdpa"", ""checkpoint_path"": ""/data/achahe/alpasim/huggingface/hub/models--nvidia--Alpamayo-1.5-10B-A1-format"", ""teacher_checkpoint_path"": ""/data/achahe/alpamayo-recipes/recipes/alpamayo1_5_distill/training/output_cd_expert_2cam_nav_lcdrive_fixed_20260825_bs32_stage2/checkpoint-1563"", ""vlm_name_or_path"": ""/data/achahe/alpasim/huggingface/hub/models--nvidia--Cosmos-Reason2-8B/snapshots/a9fae2cf89dc64db96b12860417f0eb403013bb9""}",alpamayo1_5_distill.models.stitched_model.StitchedAlpamayoR1.from_teacher,/home/achahe/alpamayo-recipes/recipes/alpamayo1_5_distill/outputs/2026-08-25/23-52-11/.hydra/config.yaml,,
/data/achahe/alpamayo-recipes/recipes/alpamayo1_5_distill/training/stepsweep/nav_cds2_1563_k2.json,1000,1000,0,f95d4401b398e6f65b388822bc500b0d2c7454d9e700512f789b6299ce7e7da4,1.492373014172539,0.8944666411166545,included,/data/achahe/alpamayo-recipes/recipes/alpamayo1_5_distill/training/output_cd_expert_2cam_nav_lcdrive_fixed_20260825_bs32_stage2,output_cd_expert_2cam_nav_lcdrive_fixed_20260825_bs32_stage2,/data/achahe/alpamayo-recipes/recipes/alpamayo1_5_distill/training/output_cd_expert_2cam_nav_lcdrive_fixed_20260825_bs32_stage2/checkpoint-1563,True,1.0,action expert,2,alpamayo.data.pai_nav.PAIDatasetWithNav,/data/datasets/physical_ai_av/,/data/datasets/physical_ai_av/lcdrive_physicalai_av_manifests/lcdrive_val_mysubset_1k_clip_uuids.txt,/data/datasets/physical_ai_av/lcdrive_physicalai_av_manifests/nav_lcdrive_val_mysubset_1k.json,0-3146,"[1, 3]",annotation anchored,True,True,True,/data/achahe/alpamayo-recipes/recipes/alpamayo1_5_distill/training/output_cd_expert_2cam_nav_lcdrive_fixed_20260825_bs32_stage2/checkpoint-1563,"{""_target_"": ""alpamayo1_5_distill.models.stitched_model.StitchedAlpamayoR1.from_teacher"", ""alpamayo_config_path"": ""/data/achahe/alpasim/huggingface/hub/models--nvidia--Alpamayo-1.5-10B-A1-format"", ""attn_implementation"": ""sdpa"", ""checkpoint_path"": ""/data/achahe/alpasim/huggingface/hub/models--nvidia--Alpamayo-1.5-10B-A1-format"", ""teacher_checkpoint_path"": ""/data/achahe/alpamayo-recipes/recipes/alpamayo1_5_distill/training/output_cd_expert_2cam_nav_lcdrive_fixed_20260825_bs32_stage2/checkpoint-1563"", ""vlm_name_or_path"": ""/data/achahe/alpasim/huggingface/hub/models--nvidia--Cosmos-Reason2-8B/snapshots/a9fae2cf89dc64db96b12860417f0eb403013bb9""}",alpamayo1_5_distill.models.stitched_model.StitchedAlpamayoR1.from_teacher,/home/achahe/alpamayo-recipes/recipes/alpamayo1_5_distill/outputs/2026-08-25/23-52-11/.hydra/config.yaml,,
/data/achahe/alpamayo-recipes/recipes/alpamayo1_5_distill/training/stepsweep/nav_cds2_1563_pruned_4-10-13-15-19-25-27-34_k1.json,1000,1000,0,f95d4401b398e6f65b388822bc500b0d2c7454d9e700512f789b6299ce7e7da4,2.889627739392221,1.7222508415537887,included,/data/achahe/alpamayo-recipes/recipes/alpamayo1_5_distill/training/output_cd_expert_2cam_nav_lcdrive_fixed_20260825_bs32_stage2,output_cd_expert_2cam_nav_lcdrive_fixed_20260825_bs32_stage2,/data/achahe/alpamayo-recipes/recipes/alpamayo1_5_distill/training/output_cd_expert_2cam_nav_lcdrive_fixed_20260825_bs32_stage2/checkpoint-1563,True,1.0,action expert,1,alpamayo.data.pai_nav.PAIDatasetWithNav,/data/datasets/physical_ai_av/,/data/datasets/physical_ai_av/lcdrive_physicalai_av_manifests/lcdrive_val_mysubset_1k_clip_uuids.txt,/data/datasets/physical_ai_av/lcdrive_physicalai_av_manifests/nav_lcdrive_val_mysubset_1k.json,0-3146,"[1, 3]",annotation anchored,True,True,True,/data/achahe/alpamayo-recipes/recipes/alpamayo1_5_distill/training/output_cd_expert_2cam_nav_lcdrive_fixed_20260825_bs32_stage2/checkpoint-1563,"{""_target_"": ""alpamayo1_5_distill.models.stitched_model.StitchedAlpamayoR1.from_teacher"", ""alpamayo_config_path"": ""/data/achahe/alpasim/huggingface/hub/models--nvidia--Alpamayo-1.5-10B-A1-format"", ""attn_implementation"": ""sdpa"", ""checkpoint_path"": ""/data/achahe/alpasim/huggingface/hub/models--nvidia--Alpamayo-1.5-10B-A1-format"", ""teacher_checkpoint_path"": ""/data/achahe/alpamayo-recipes/recipes/alpamayo1_5_distill/training/output_cd_expert_2cam_nav_lcdrive_fixed_20260825_bs32_stage2/checkpoint-1563"", ""vlm_name_or_path"": ""/data/achahe/alpasim/huggingface/hub/models--nvidia--Cosmos-Reason2-8B/snapshots/a9fae2cf89dc64db96b12860417f0eb403013bb9""}",alpamayo1_5_distill.models.stitched_model.StitchedAlpamayoR1.from_teacher,/home/achahe/alpamayo-recipes/recipes/alpamayo1_5_distill/outputs/2026-08-26/10-38-53/.hydra/config.yaml,,3 historical configs reference result; latest plus log used
/data/achahe/alpamayo-recipes/recipes/alpamayo1_5_distill/training/stepsweep/nav_cds2_1563_pruned_4-10-13-15-19-25-27-34_k2.json,1000,1000,0,f95d4401b398e6f65b388822bc500b0d2c7454d9e700512f789b6299ce7e7da4,3.207388014839031,2.1872831773096695,included,/data/achahe/alpamayo-recipes/recipes/alpamayo1_5_distill/training/output_cd_expert_2cam_nav_lcdrive_fixed_20260825_bs32_stage2,output_cd_expert_2cam_nav_lcdrive_fixed_20260825_bs32_stage2,/data/achahe/alpamayo-recipes/recipes/alpamayo1_5_distill/training/output_cd_expert_2cam_nav_lcdrive_fixed_20260825_bs32_stage2/checkpoint-1563,True,1.0,action expert,2,alpamayo.data.pai_nav.PAIDatasetWithNav,/data/datasets/physical_ai_av/,/data/datasets/physical_ai_av/lcdrive_physicalai_av_manifests/lcdrive_val_mysubset_1k_clip_uuids.txt,/data/datasets/physical_ai_av/lcdrive_physicalai_av_manifests/nav_lcdrive_val_mysubset_1k.json,0-3146,"[1, 3]",annotation anchored,True,True,True,/data/achahe/alpamayo-recipes/recipes/alpamayo1_5_distill/training/output_cd_expert_2cam_nav_lcdrive_fixed_20260825_bs32_stage2/checkpoint-1563,"{""_target_"": ""alpamayo1_5_distill.models.stitched_model.StitchedAlpamayoR1.from_teacher"", ""alpamayo_config_path"": ""/data/achahe/alpasim/huggingface/hub/models--nvidia--Alpamayo-1.5-10B-A1-format"", ""attn_implementation"": ""sdpa"", ""checkpoint_path"": ""/data/achahe/alpasim/huggingface/hub/models--nvidia--Alpamayo-1.5-10B-A1-format"", ""teacher_checkpoint_path"": ""/data/achahe/alpamayo-recipes/recipes/alpamayo1_5_distill/training/output_cd_expert_2cam_nav_lcdrive_fixed_20260825_bs32_stage2/checkpoint-1563"", ""vlm_name_or_path"": ""/data/achahe/alpasim/huggingface/hub/models--nvidia--Cosmos-Reason2-8B/snapshots/a9fae2cf89dc64db96b12860417f0eb403013bb9""}",alpamayo1_5_distill.models.stitched_model.StitchedAlpamayoR1.from_teacher,/home/achahe/alpamayo-recipes/recipes/alpamayo1_5_distill/outputs/2026-08-26/10-38-53/.hydra/config.yaml,,3 historical configs reference result; latest plus log used
/data/achahe/alpamayo-recipes/recipes/alpamayo1_5_distill/training/stepsweep/nav_cds2_800_k1.json,1000,1000,0,f95d4401b398e6f65b388822bc500b0d2c7454d9e700512f789b6299ce7e7da4,1.4877225719233975,1.1951346546686255,excluded: checkpoint below one epoch,/data/achahe/alpamayo-recipes/recipes/alpamayo1_5_distill/training/output_cd_expert_2cam_nav_lcdrive_fixed_20260825_bs32_stage2,output_cd_expert_2cam_nav_lcdrive_fixed_20260825_bs32_stage2,/data/achahe/alpamayo-recipes/recipes/alpamayo1_5_distill/training/output_cd_expert_2cam_nav_lcdrive_fixed_20260825_bs32_stage2/checkpoint-800,True,0.512,action expert,1,alpamayo.data.pai_nav.PAIDatasetWithNav,/data/datasets/physical_ai_av/,/data/datasets/physical_ai_av/lcdrive_physicalai_av_manifests/lcdrive_val_mysubset_1k_clip_uuids.txt,/data/datasets/physical_ai_av/lcdrive_physicalai_av_manifests/nav_lcdrive_val_mysubset_1k.json,0-3146,"[1, 3]",annotation anchored,True,True,True,/data/achahe/alpamayo-recipes/recipes/alpamayo1_5_distill/training/output_cd_expert_2cam_nav_lcdrive_fixed_20260825_bs32_stage2/checkpoint-800,"{""_target_"": ""alpamayo1_5_distill.models.stitched_model.StitchedAlpamayoR1.from_teacher"", ""alpamayo_config_path"": ""/data/achahe/alpasim/huggingface/hub/models--nvidia--Alpamayo-1.5-10B-A1-format"", ""attn_implementation"": ""sdpa"", ""checkpoint_path"": ""/data/achahe/alpasim/huggingface/hub/models--nvidia--Alpamayo-1.5-10B-A1-format"", ""teacher_checkpoint_path"": ""/data/achahe/alpamayo-recipes/recipes/alpamayo1_5_distill/training/output_cd_expert_2cam_nav_lcdrive_fixed_20260825_bs32_stage2/checkpoint-800"", ""vlm_name_or_path"": ""/data/achahe/alpasim/huggingface/hub/models--nvidia--Cosmos-Reason2-8B/snapshots/a9fae2cf89dc64db96b12860417f0eb403013bb9""}",alpamayo1_5_distill.models.stitched_model.StitchedAlpamayoR1.from_teacher,/home/achahe/alpamayo-recipes/recipes/alpamayo1_5_distill/outputs/2026-08-25/23-52-15/.hydra/config.yaml,,
/data/achahe/alpamayo-recipes/recipes/alpamayo1_5_distill/training/stepsweep/nav_cds2_800_k2.json,1000,1000,0,f95d4401b398e6f65b388822bc500b0d2c7454d9e700512f789b6299ce7e7da4,1.4910011232355609,0.8940906175975688,excluded: checkpoint below one epoch,/data/achahe/alpamayo-recipes/recipes/alpamayo1_5_distill/training/output_cd_expert_2cam_nav_lcdrive_fixed_20260825_bs32_stage2,output_cd_expert_2cam_nav_lcdrive_fixed_20260825_bs32_stage2,/data/achahe/alpamayo-recipes/recipes/alpamayo1_5_distill/training/output_cd_expert_2cam_nav_lcdrive_fixed_20260825_bs32_stage2/checkpoint-800,True,0.512,action expert,2,alpamayo.data.pai_nav.PAIDatasetWithNav,/data/datasets/physical_ai_av/,/data/datasets/physical_ai_av/lcdrive_physicalai_av_manifests/lcdrive_val_mysubset_1k_clip_uuids.txt,/data/datasets/physical_ai_av/lcdrive_physicalai_av_manifests/nav_lcdrive_val_mysubset_1k.json,0-3146,"[1, 3]",annotation anchored,True,True,True,/data/achahe/alpamayo-recipes/recipes/alpamayo1_5_distill/training/output_cd_expert_2cam_nav_lcdrive_fixed_20260825_bs32_stage2/checkpoint-800,"{""_target_"": ""alpamayo1_5_distill.models.stitched_model.StitchedAlpamayoR1.from_teacher"", ""alpamayo_config_path"": ""/data/achahe/alpasim/huggingface/hub/models--nvidia--Alpamayo-1.5-10B-A1-format"", ""attn_implementation"": ""sdpa"", ""checkpoint_path"": ""/data/achahe/alpasim/huggingface/hub/models--nvidia--Alpamayo-1.5-10B-A1-format"", ""teacher_checkpoint_path"": ""/data/achahe/alpamayo-recipes/recipes/alpamayo1_5_distill/training/output_cd_expert_2cam_nav_lcdrive_fixed_20260825_bs32_stage2/checkpoint-800"", ""vlm_name_or_path"": ""/data/achahe/alpasim/huggingface/hub/models--nvidia--Cosmos-Reason2-8B/snapshots/a9fae2cf89dc64db96b12860417f0eb403013bb9""}",alpamayo1_5_distill.models.stitched_model.StitchedAlpamayoR1.from_teacher,/home/achahe/alpamayo-recipes/recipes/alpamayo1_5_distill/outputs/2026-08-25/23-52-15/.hydra/config.yaml,,
/data/achahe/alpamayo-recipes/recipes/alpamayo1_5_distill/training/stepsweep/nav_smoke_k2.json,8,8,0,160fffcb4630a7fb6c6caf92ae7a6276e14a8531a7786d78f32379c301f1615b,1.6020218692719936,1.0275146961212158,excluded: smoke / tiny diagnostic eval,,,/data/achahe/alpasim/huggingface/hub/models--nvidia--Alpamayo-1.5-10B-A1-format,True,,action expert,2,alpamayo.data.pai_nav.PAIDatasetWithNav,/data/datasets/physical_ai_av/,/data/datasets/physical_ai_av/lcdrive_physicalai_av_manifests/lcdrive_val_mysubset_1k_clip_uuids.txt,/data/datasets/physical_ai_av/lcdrive_physicalai_av_manifests/nav_lcdrive_val_mysubset_1k.json,0-3146,"[1, 3]",annotation anchored,False,True,True,/data/achahe/alpasim/huggingface/hub/models--nvidia--Alpamayo-1.5-10B-A1-format,"{""_target_"": ""alpamayo1_5_distill.models.stitched_model.StitchedAlpamayoR1.from_teacher"", ""alpamayo_config_path"": ""/data/achahe/alpasim/huggingface/hub/models--nvidia--Alpamayo-1.5-10B-A1-format"", ""attn_implementation"": ""sdpa"", ""checkpoint_path"": ""/data/achahe/alpasim/huggingface/hub/models--nvidia--Alpamayo-1.5-10B-A1-format"", ""teacher_checkpoint_path"": ""/data/achahe/alpasim/huggingface/hub/models--nvidia--Alpamayo-1.5-10B-A1-format"", ""vlm_name_or_path"": ""/data/achahe/alpasim/huggingface/hub/models--nvidia--Cosmos-Reason2-8B/snapshots/a9fae2cf89dc64db96b12860417f0eb403013bb9""}",alpamayo1_5_distill.models.stitched_model.StitchedAlpamayoR1.from_teacher,/home/achahe/alpamayo-recipes/recipes/alpamayo1_5_distill/outputs/2026-08-23/11-50-34/.hydra/config.yaml,,
/data/achahe/alpamayo-recipes/recipes/alpamayo1_5_distill/training/stepsweep/nav_teacher_pruned28_k1.json,1000,1000,0,f95d4401b398e6f65b388822bc500b0d2c7454d9e700512f789b6299ce7e7da4,3.0970599487591537,1.7343290697131306,teacher / baseline reference,,,/data/achahe/alpasim/huggingface/hub/models--nvidia--Alpamayo-1.5-10B-A1-format,True,,action expert,1,alpamayo.data.pai_nav.PAIDatasetWithNav,/data/datasets/physical_ai_av/,/data/datasets/physical_ai_av/lcdrive_physicalai_av_manifests/lcdrive_val_mysubset_1k_clip_uuids.txt,/data/datasets/physical_ai_av/lcdrive_physicalai_av_manifests/nav_lcdrive_val_mysubset_1k.json,0-3146,"[1, 3]",annotation anchored,True,True,True,/data/achahe/alpasim/huggingface/hub/models--nvidia--Alpamayo-1.5-10B-A1-format,"{""_target_"": ""alpamayo1_5_distill.models.stitched_model.StitchedAlpamayoR1.from_teacher"", ""alpamayo_config_path"": ""/data/achahe/alpasim/huggingface/hub/models--nvidia--Alpamayo-1.5-10B-A1-format"", ""attn_implementation"": ""sdpa"", ""checkpoint_path"": ""/data/achahe/alpasim/huggingface/hub/models--nvidia--Alpamayo-1.5-10B-A1-format"", ""teacher_checkpoint_path"": ""/data/achahe/alpasim/huggingface/hub/models--nvidia--Alpamayo-1.5-10B-A1-format"", ""vlm_name_or_path"": ""/data/achahe/alpasim/huggingface/hub/models--nvidia--Cosmos-Reason2-8B/snapshots/a9fae2cf89dc64db96b12860417f0eb403013bb9""}",alpamayo1_5_distill.models.stitched_model.StitchedAlpamayoR1.from_teacher,/home/achahe/alpamayo-recipes/recipes/alpamayo1_5_distill/outputs/2026-08-27/10-01-02/.hydra/config.yaml,,2 historical configs reference result; latest plus log used
/data/achahe/alpamayo-recipes/recipes/alpamayo1_5_distill/training/stepsweep/nav_teacher_pruned28_k10.json,1000,1000,0,f95d4401b398e6f65b388822bc500b0d2c7454d9e700512f789b6299ce7e7da4,2.5607305604787545,1.1917510275309906,teacher / baseline reference,,,/data/achahe/alpasim/huggingface/hub/models--nvidia--Alpamayo-1.5-10B-A1-format,True,,action expert,10,alpamayo.data.pai_nav.PAIDatasetWithNav,/data/datasets/physical_ai_av/,/data/datasets/physical_ai_av/lcdrive_physicalai_av_manifests/lcdrive_val_mysubset_1k_clip_uuids.txt,/data/datasets/physical_ai_av/lcdrive_physicalai_av_manifests/nav_lcdrive_val_mysubset_1k.json,0-3146,"[1, 3]",annotation anchored,True,True,True,/data/achahe/alpasim/huggingface/hub/models--nvidia--Alpamayo-1.5-10B-A1-format,"{""_target_"": ""alpamayo1_5_distill.models.stitched_model.StitchedAlpamayoR1.from_teacher"", ""alpamayo_config_path"": ""/data/achahe/alpasim/huggingface/hub/models--nvidia--Alpamayo-1.5-10B-A1-format"", ""attn_implementation"": ""sdpa"", ""checkpoint_path"": ""/data/achahe/alpasim/huggingface/hub/models--nvidia--Alpamayo-1.5-10B-A1-format"", ""teacher_checkpoint_path"": ""/data/achahe/alpasim/huggingface/hub/models--nvidia--Alpamayo-1.5-10B-A1-format"", ""vlm_name_or_path"": ""/data/achahe/alpasim/huggingface/hub/models--nvidia--Cosmos-Reason2-8B/snapshots/a9fae2cf89dc64db96b12860417f0eb403013bb9""}",alpamayo1_5_distill.models.stitched_model.StitchedAlpamayoR1.from_teacher,/home/achahe/alpamayo-recipes/recipes/alpamayo1_5_distill/outputs/2026-08-27/10-01-02/.hydra/config.yaml,,2 historical configs reference result; latest plus log used
/data/achahe/alpamayo-recipes/recipes/alpamayo1_5_distill/training/stepsweep/nav_teacher_pruned28_k2.json,1000,1000,0,f95d4401b398e6f65b388822bc500b0d2c7454d9e700512f789b6299ce7e7da4,3.1377331456281246,2.136288672024384,teacher / baseline reference,,,/data/achahe/alpasim/huggingface/hub/models--nvidia--Alpamayo-1.5-10B-A1-format,True,,action expert,2,alpamayo.data.pai_nav.PAIDatasetWithNav,/data/datasets/physical_ai_av/,/data/datasets/physical_ai_av/lcdrive_physicalai_av_manifests/lcdrive_val_mysubset_1k_clip_uuids.txt,/data/datasets/physical_ai_av/lcdrive_physicalai_av_manifests/nav_lcdrive_val_mysubset_1k.json,0-3146,"[1, 3]",annotation anchored,True,True,True,/data/achahe/alpasim/huggingface/hub/models--nvidia--Alpamayo-1.5-10B-A1-format,"{""_target_"": ""alpamayo1_5_distill.models.stitched_model.StitchedAlpamayoR1.from_teacher"", ""alpamayo_config_path"": ""/data/achahe/alpasim/huggingface/hub/models--nvidia--Alpamayo-1.5-10B-A1-format"", ""attn_implementation"": ""sdpa"", ""checkpoint_path"": ""/data/achahe/alpasim/huggingface/hub/models--nvidia--Alpamayo-1.5-10B-A1-format"", ""teacher_checkpoint_path"": ""/data/achahe/alpasim/huggingface/hub/models--nvidia--Alpamayo-1.5-10B-A1-format"", ""vlm_name_or_path"": ""/data/achahe/alpasim/huggingface/hub/models--nvidia--Cosmos-Reason2-8B/snapshots/a9fae2cf89dc64db96b12860417f0eb403013bb9""}",alpamayo1_5_distill.models.stitched_model.StitchedAlpamayoR1.from_teacher,/home/achahe/alpamayo-recipes/recipes/alpamayo1_5_distill/outputs/2026-08-27/10-01-02/.hydra/config.yaml,,2 historical configs reference result; latest plus log used
/data/achahe/alpamayo-recipes/recipes/alpamayo1_5_distill/training/stepsweep/navfix_k2.json,8,8,0,160fffcb4630a7fb6c6caf92ae7a6276e14a8531a7786d78f32379c301f1615b,1.5354912281036377,0.9190289489924908,excluded: smoke / tiny diagnostic eval,,,/data/achahe/alpasim/huggingface/hub/models--nvidia--Alpamayo-1.5-10B-A1-format,True,,action expert,2,alpamayo.data.pai_nav.PAIDatasetWithNav,/data/datasets/physical_ai_av/,/data/datasets/physical_ai_av/lcdrive_physicalai_av_manifests/lcdrive_val_mysubset_1k_clip_uuids.txt,/data/datasets/physical_ai_av/lcdrive_physicalai_av_manifests/nav_lcdrive_val_mysubset_1k.json,0-3146,"[1, 3]",annotation anchored,True,True,True,/data/achahe/alpasim/huggingface/hub/models--nvidia--Alpamayo-1.5-10B-A1-format,"{""_target_"": ""alpamayo1_5_distill.models.stitched_model.StitchedAlpamayoR1.from_teacher"", ""alpamayo_config_path"": ""/data/achahe/alpasim/huggingface/hub/models--nvidia--Alpamayo-1.5-10B-A1-format"", ""attn_implementation"": ""sdpa"", ""checkpoint_path"": ""/data/achahe/alpasim/huggingface/hub/models--nvidia--Alpamayo-1.5-10B-A1-format"", ""teacher_checkpoint_path"": ""/data/achahe/alpasim/huggingface/hub/models--nvidia--Alpamayo-1.5-10B-A1-format"", ""vlm_name_or_path"": ""/data/achahe/alpasim/huggingface/hub/models--nvidia--Cosmos-Reason2-8B/snapshots/a9fae2cf89dc64db96b12860417f0eb403013bb9""}",alpamayo1_5_distill.models.stitched_model.StitchedAlpamayoR1.from_teacher,/home/achahe/alpamayo-recipes/recipes/alpamayo1_5_distill/outputs/2026-08-23/12-01-24/.hydra/config.yaml,,
/data/achahe/alpamayo-recipes/recipes/alpamayo1_5_distill/training/stepsweep/nonav_smoke_k2.json,8,8,0,160fffcb4630a7fb6c6caf92ae7a6276e14a8531a7786d78f32379c301f1615b,1.6020218692719936,1.0275146961212158,excluded: smoke / tiny diagnostic eval,,,/data/achahe/alpasim/huggingface/hub/models--nvidia--Alpamayo-1.5-10B-A1-format,True,,action expert,2,alpamayo.data.pai_nav.PAIDatasetWithNav,/data/datasets/physical_ai_av/,/data/datasets/physical_ai_av/lcdrive_physicalai_av_manifests/lcdrive_val_mysubset_1k_clip_uuids.txt,/data/datasets/physical_ai_av/lcdrive_physicalai_av_manifests/nav_lcdrive_val_mysubset_1k_nonav.json,0-3146,"[1, 3]",annotation anchored,False,True,True,/data/achahe/alpasim/huggingface/hub/models--nvidia--Alpamayo-1.5-10B-A1-format,"{""_target_"": ""alpamayo1_5_distill.models.stitched_model.StitchedAlpamayoR1.from_teacher"", ""alpamayo_config_path"": ""/data/achahe/alpasim/huggingface/hub/models--nvidia--Alpamayo-1.5-10B-A1-format"", ""attn_implementation"": ""sdpa"", ""checkpoint_path"": ""/data/achahe/alpasim/huggingface/hub/models--nvidia--Alpamayo-1.5-10B-A1-format"", ""teacher_checkpoint_path"": ""/data/achahe/alpasim/huggingface/hub/models--nvidia--Alpamayo-1.5-10B-A1-format"", ""vlm_name_or_path"": ""/data/achahe/alpasim/huggingface/hub/models--nvidia--Cosmos-Reason2-8B/snapshots/a9fae2cf89dc64db96b12860417f0eb403013bb9""}",alpamayo1_5_distill.models.stitched_model.StitchedAlpamayoR1.from_teacher,/home/achahe/alpamayo-recipes/recipes/alpamayo1_5_distill/outputs/2026-08-23/11-55-33/.hydra/config.yaml,,
/data/achahe/alpamayo-recipes/recipes/alpamayo1_5_distill/training/stepsweep/nonavfix_k2.json,8,8,0,160fffcb4630a7fb6c6caf92ae7a6276e14a8531a7786d78f32379c301f1615b,1.6020218692719936,1.0275146961212158,excluded: smoke / tiny diagnostic eval,,,/data/achahe/alpasim/huggingface/hub/models--nvidia--Alpamayo-1.5-10B-A1-format,True,,action expert,2,alpamayo.data.pai_nav.PAIDatasetWithNav,/data/datasets/physical_ai_av/,/data/datasets/physical_ai_av/lcdrive_physicalai_av_manifests/lcdrive_val_mysubset_1k_clip_uuids.txt,/data/datasets/physical_ai_av/lcdrive_physicalai_av_manifests/nav_lcdrive_val_mysubset_1k_nonav.json,0-3146,"[1, 3]",annotation anchored,True,True,True,/data/achahe/alpasim/huggingface/hub/models--nvidia--Alpamayo-1.5-10B-A1-format,"{""_target_"": ""alpamayo1_5_distill.models.stitched_model.StitchedAlpamayoR1.from_teacher"", ""alpamayo_config_path"": ""/data/achahe/alpasim/huggingface/hub/models--nvidia--Alpamayo-1.5-10B-A1-format"", ""attn_implementation"": ""sdpa"", ""checkpoint_path"": ""/data/achahe/alpasim/huggingface/hub/models--nvidia--Alpamayo-1.5-10B-A1-format"", ""teacher_checkpoint_path"": ""/data/achahe/alpasim/huggingface/hub/models--nvidia--Alpamayo-1.5-10B-A1-format"", ""vlm_name_or_path"": ""/data/achahe/alpasim/huggingface/hub/models--nvidia--Cosmos-Reason2-8B/snapshots/a9fae2cf89dc64db96b12860417f0eb403013bb9""}",alpamayo1_5_distill.models.stitched_model.StitchedAlpamayoR1.from_teacher,/home/achahe/alpamayo-recipes/recipes/alpamayo1_5_distill/outputs/2026-08-23/12-05-54/.hydra/config.yaml,,
/data/achahe/alpamayo-recipes/recipes/alpamayo1_5_distill/training/stepsweep/teacher_k1.json,1000,1000,0,f95d4401b398e6f65b388822bc500b0d2c7454d9e700512f789b6299ce7e7da4,1.6116211221953853,1.2435822208253666,teacher / baseline reference,,,/data/achahe/alpasim/huggingface/hub/models--nvidia--Alpamayo-1.5-10B-A1-format,True,,action expert,1,alpamayo.data.pai.PAIDataset,/data/datasets/physical_ai_av/,/data/datasets/physical_ai_av/lcdrive_physicalai_av_manifests/lcdrive_val_mysubset_1k_clip_uuids.txt,,0-3146,"[1, 3]",default keyframe,False,True,True,/data/achahe/alpasim/huggingface/hub/models--nvidia--Alpamayo-1.5-10B-A1-format,"{""_target_"": ""alpamayo1_5_distill.models.stitched_model.StitchedAlpamayoR1.from_teacher"", ""alpamayo_config_path"": ""/data/achahe/alpasim/huggingface/hub/models--nvidia--Alpamayo-1.5-10B-A1-format"", ""attn_implementation"": ""sdpa"", ""checkpoint_path"": ""/data/achahe/alpasim/huggingface/hub/models--nvidia--Alpamayo-1.5-10B-A1-format"", ""teacher_checkpoint_path"": ""/data/achahe/alpasim/huggingface/hub/models--nvidia--Alpamayo-1.5-10B-A1-format"", ""vlm_name_or_path"": ""/data/achahe/alpasim/huggingface/hub/models--nvidia--Cosmos-Reason2-8B/snapshots/a9fae2cf89dc64db96b12860417f0eb403013bb9""}",alpamayo1_5_distill.models.stitched_model.StitchedAlpamayoR1.from_teacher,/home/achahe/alpamayo-recipes/recipes/alpamayo1_5_distill/outputs/2026-08-20/19-17-02/.hydra/config.yaml,,2 historical configs reference result; latest plus log used
/data/achahe/alpamayo-recipes/recipes/alpamayo1_5_distill/training/stepsweep/teacher_k10.json,1000,1000,0,f95d4401b398e6f65b388822bc500b0d2c7454d9e700512f789b6299ce7e7da4,1.6736066725611454,0.7184618632849306,teacher / baseline reference,,,/data/achahe/alpasim/huggingface/hub/models--nvidia--Alpamayo-1.5-10B-A1-format,True,,action expert,10,alpamayo.data.pai.PAIDataset,/data/datasets/physical_ai_av/,/data/datasets/physical_ai_av/lcdrive_physicalai_av_manifests/lcdrive_val_mysubset_1k_clip_uuids.txt,,0-3146,"[1, 3]",default keyframe,False,True,True,/data/achahe/alpasim/huggingface/hub/models--nvidia--Alpamayo-1.5-10B-A1-format,"{""_target_"": ""alpamayo1_5_distill.models.stitched_model.StitchedAlpamayoR1.from_teacher"", ""alpamayo_config_path"": ""/data/achahe/alpasim/huggingface/hub/models--nvidia--Alpamayo-1.5-10B-A1-format"", ""attn_implementation"": ""sdpa"", ""checkpoint_path"": ""/data/achahe/alpasim/huggingface/hub/models--nvidia--Alpamayo-1.5-10B-A1-format"", ""teacher_checkpoint_path"": ""/data/achahe/alpasim/huggingface/hub/models--nvidia--Alpamayo-1.5-10B-A1-format"", ""vlm_name_or_path"": ""/data/achahe/alpasim/huggingface/hub/models--nvidia--Cosmos-Reason2-8B/snapshots/a9fae2cf89dc64db96b12860417f0eb403013bb9""}",alpamayo1_5_distill.models.stitched_model.StitchedAlpamayoR1.from_teacher,/home/achahe/alpamayo-recipes/recipes/alpamayo1_5_distill/outputs/2026-08-20/19-17-02/.hydra/config.yaml,,2 historical configs reference result; latest plus log used
/data/achahe/alpamayo-recipes/recipes/alpamayo1_5_distill/training/stepsweep/teacher_k2.json,1000,1000,0,f95d4401b398e6f65b388822bc500b0d2c7454d9e700512f789b6299ce7e7da4,1.4236000371375122,0.887613418029854,teacher / baseline reference,,,/data/achahe/alpasim/huggingface/hub/models--nvidia--Alpamayo-1.5-10B-A1-format,True,,action expert,2,alpamayo.data.pai.PAIDataset,/data/datasets/physical_ai_av/,/data/datasets/physical_ai_av/lcdrive_physicalai_av_manifests/lcdrive_val_mysubset_1k_clip_uuids.txt,,0-3146,"[1, 3]",default keyframe,False,True,True,/data/achahe/alpasim/huggingface/hub/models--nvidia--Alpamayo-1.5-10B-A1-format,"{""_target_"": ""alpamayo1_5_distill.models.stitched_model.StitchedAlpamayoR1.from_teacher"", ""alpamayo_config_path"": ""/data/achahe/alpasim/huggingface/hub/models--nvidia--Alpamayo-1.5-10B-A1-format"", ""attn_implementation"": ""sdpa"", ""checkpoint_path"": ""/data/achahe/alpasim/huggingface/hub/models--nvidia--Alpamayo-1.5-10B-A1-format"", ""teacher_checkpoint_path"": ""/data/achahe/alpasim/huggingface/hub/models--nvidia--Alpamayo-1.5-10B-A1-format"", ""vlm_name_or_path"": ""/data/achahe/alpasim/huggingface/hub/models--nvidia--Cosmos-Reason2-8B/snapshots/a9fae2cf89dc64db96b12860417f0eb403013bb9""}",alpamayo1_5_distill.models.stitched_model.StitchedAlpamayoR1.from_teacher,/home/achahe/alpamayo-recipes/recipes/alpamayo1_5_distill/outputs/2026-08-20/19-17-02/.hydra/config.yaml,,2 historical configs reference result; latest plus log used
/data/achahe/alpamayo-recipes/recipes/alpamayo1_5_distill/training/stepsweep/teacher_k3.json,1000,1000,0,f95d4401b398e6f65b388822bc500b0d2c7454d9e700512f789b6299ce7e7da4,1.4767294898554684,0.8077868206757121,teacher / baseline reference,,,/data/achahe/alpasim/huggingface/hub/models--nvidia--Alpamayo-1.5-10B-A1-format,True,,action expert,3,alpamayo.data.pai.PAIDataset,/data/datasets/physical_ai_av/,/data/datasets/physical_ai_av/lcdrive_physicalai_av_manifests/lcdrive_val_mysubset_1k_clip_uuids.txt,,0-3146,"[1, 3]",default keyframe,False,True,True,/data/achahe/alpasim/huggingface/hub/models--nvidia--Alpamayo-1.5-10B-A1-format,"{""_target_"": ""alpamayo1_5_distill.models.stitched_model.StitchedAlpamayoR1.from_teacher"", ""alpamayo_config_path"": ""/data/achahe/alpasim/huggingface/hub/models--nvidia--Alpamayo-1.5-10B-A1-format"", ""attn_implementation"": ""sdpa"", ""checkpoint_path"": ""/data/achahe/alpasim/huggingface/hub/models--nvidia--Alpamayo-1.5-10B-A1-format"", ""teacher_checkpoint_path"": ""/data/achahe/alpasim/huggingface/hub/models--nvidia--Alpamayo-1.5-10B-A1-format"", ""vlm_name_or_path"": ""/data/achahe/alpasim/huggingface/hub/models--nvidia--Cosmos-Reason2-8B/snapshots/a9fae2cf89dc64db96b12860417f0eb403013bb9""}",alpamayo1_5_distill.models.stitched_model.StitchedAlpamayoR1.from_teacher,/home/achahe/alpamayo-recipes/recipes/alpamayo1_5_distill/outputs/2026-08-20/19-17-02/.hydra/config.yaml,,2 historical configs reference result; latest plus log used
/data/achahe/alpamayo-recipes/recipes/alpamayo1_5_distill/training/stepsweep/teacher_k5.json,1000,1000,0,f95d4401b398e6f65b388822bc500b0d2c7454d9e700512f789b6299ce7e7da4,1.5623071071172598,0.7546562519599683,teacher / baseline reference,,,/data/achahe/alpasim/huggingface/hub/models--nvidia--Alpamayo-1.5-10B-A1-format,True,,action expert,5,alpamayo.data.pai.PAIDataset,/data/datasets/physical_ai_av/,/data/datasets/physical_ai_av/lcdrive_physicalai_av_manifests/lcdrive_val_mysubset_1k_clip_uuids.txt,,0-3146,"[1, 3]",default keyframe,False,True,True,/data/achahe/alpasim/huggingface/hub/models--nvidia--Alpamayo-1.5-10B-A1-format,"{""_target_"": ""alpamayo1_5_distill.models.stitched_model.StitchedAlpamayoR1.from_teacher"", ""alpamayo_config_path"": ""/data/achahe/alpasim/huggingface/hub/models--nvidia--Alpamayo-1.5-10B-A1-format"", ""attn_implementation"": ""sdpa"", ""checkpoint_path"": ""/data/achahe/alpasim/huggingface/hub/models--nvidia--Alpamayo-1.5-10B-A1-format"", ""teacher_checkpoint_path"": ""/data/achahe/alpasim/huggingface/hub/models--nvidia--Alpamayo-1.5-10B-A1-format"", ""vlm_name_or_path"": ""/data/achahe/alpasim/huggingface/hub/models--nvidia--Cosmos-Reason2-8B/snapshots/a9fae2cf89dc64db96b12860417f0eb403013bb9""}",alpamayo1_5_distill.models.stitched_model.StitchedAlpamayoR1.from_teacher,/home/achahe/alpamayo-recipes/recipes/alpamayo1_5_distill/outputs/2026-08-20/19-17-02/.hydra/config.yaml,,2 historical configs reference result; latest plus log used
/data/achahe/alpamayo-recipes/recipes/alpamayo1_5_distill/training/stepsweep/teachernav_k1.json,1000,1000,0,f95d4401b398e6f65b388822bc500b0d2c7454d9e700512f789b6299ce7e7da4,1.6361515791295096,1.281677760681603,teacher / baseline reference,,,/data/achahe/alpasim/huggingface/hub/models--nvidia--Alpamayo-1.5-10B-A1-format,True,,action expert,1,alpamayo.data.pai_nav.PAIDatasetWithNav,/data/datasets/physical_ai_av/,/data/datasets/physical_ai_av/lcdrive_physicalai_av_manifests/lcdrive_val_mysubset_1k_clip_uuids.txt,/data/datasets/physical_ai_av/lcdrive_physicalai_av_manifests/nav_lcdrive_val_mysubset_1k.json,0-3146,"[1, 3]",annotation anchored,True,True,True,/data/achahe/alpasim/huggingface/hub/models--nvidia--Alpamayo-1.5-10B-A1-format,"{""_target_"": ""alpamayo1_5_distill.models.stitched_model.StitchedAlpamayoR1.from_teacher"", ""alpamayo_config_path"": ""/data/achahe/alpasim/huggingface/hub/models--nvidia--Alpamayo-1.5-10B-A1-format"", ""attn_implementation"": ""sdpa"", ""checkpoint_path"": ""/data/achahe/alpasim/huggingface/hub/models--nvidia--Alpamayo-1.5-10B-A1-format"", ""teacher_checkpoint_path"": ""/data/achahe/alpasim/huggingface/hub/models--nvidia--Alpamayo-1.5-10B-A1-format"", ""vlm_name_or_path"": ""/data/achahe/alpasim/huggingface/hub/models--nvidia--Cosmos-Reason2-8B/snapshots/a9fae2cf89dc64db96b12860417f0eb403013bb9""}",alpamayo1_5_distill.models.stitched_model.StitchedAlpamayoR1.from_teacher,/home/achahe/alpamayo-recipes/recipes/alpamayo1_5_distill/outputs/2026-08-23/12-10-49/.hydra/config.yaml,,
/data/achahe/alpamayo-recipes/recipes/alpamayo1_5_distill/training/stepsweep/teachernav_k10.json,1000,1000,0,f95d4401b398e6f65b388822bc500b0d2c7454d9e700512f789b6299ce7e7da4,1.6976110476341564,0.744074418396689,teacher / baseline reference,,,/data/achahe/alpasim/huggingface/hub/models--nvidia--Alpamayo-1.5-10B-A1-format,True,,action expert,10,alpamayo.data.pai_nav.PAIDatasetWithNav,/data/datasets/physical_ai_av/,/data/datasets/physical_ai_av/lcdrive_physicalai_av_manifests/lcdrive_val_mysubset_1k_clip_uuids.txt,/data/datasets/physical_ai_av/lcdrive_physicalai_av_manifests/nav_lcdrive_val_mysubset_1k.json,0-3146,"[1, 3]",annotation anchored,True,True,True,/data/achahe/alpasim/huggingface/hub/models--nvidia--Alpamayo-1.5-10B-A1-format,"{""_target_"": ""alpamayo1_5_distill.models.stitched_model.StitchedAlpamayoR1.from_teacher"", ""alpamayo_config_path"": ""/data/achahe/alpasim/huggingface/hub/models--nvidia--Alpamayo-1.5-10B-A1-format"", ""attn_implementation"": ""sdpa"", ""checkpoint_path"": ""/data/achahe/alpasim/huggingface/hub/models--nvidia--Alpamayo-1.5-10B-A1-format"", ""teacher_checkpoint_path"": ""/data/achahe/alpasim/huggingface/hub/models--nvidia--Alpamayo-1.5-10B-A1-format"", ""vlm_name_or_path"": ""/data/achahe/alpasim/huggingface/hub/models--nvidia--Cosmos-Reason2-8B/snapshots/a9fae2cf89dc64db96b12860417f0eb403013bb9""}",alpamayo1_5_distill.models.stitched_model.StitchedAlpamayoR1.from_teacher,/home/achahe/alpamayo-recipes/recipes/alpamayo1_5_distill/outputs/2026-08-23/12-10-49/.hydra/config.yaml,,
/data/achahe/alpamayo-recipes/recipes/alpamayo1_5_distill/training/stepsweep/teachernav_k2.json,1000,1000,0,f95d4401b398e6f65b388822bc500b0d2c7454d9e700512f789b6299ce7e7da4,1.4459008547337726,0.9317830534414389,teacher / baseline reference,,,/data/achahe/alpasim/huggingface/hub/models--nvidia--Alpamayo-1.5-10B-A1-format,True,,action expert,2,alpamayo.data.pai_nav.PAIDatasetWithNav,/data/datasets/physical_ai_av/,/data/datasets/physical_ai_av/lcdrive_physicalai_av_manifests/lcdrive_val_mysubset_1k_clip_uuids.txt,/data/datasets/physical_ai_av/lcdrive_physicalai_av_manifests/nav_lcdrive_val_mysubset_1k.json,0-3146,"[1, 3]",annotation anchored,True,True,True,/data/achahe/alpasim/huggingface/hub/models--nvidia--Alpamayo-1.5-10B-A1-format,"{""_target_"": ""alpamayo1_5_distill.models.stitched_model.StitchedAlpamayoR1.from_teacher"", ""alpamayo_config_path"": ""/data/achahe/alpasim/huggingface/hub/models--nvidia--Alpamayo-1.5-10B-A1-format"", ""attn_implementation"": ""sdpa"", ""checkpoint_path"": ""/data/achahe/alpasim/huggingface/hub/models--nvidia--Alpamayo-1.5-10B-A1-format"", ""teacher_checkpoint_path"": ""/data/achahe/alpasim/huggingface/hub/models--nvidia--Alpamayo-1.5-10B-A1-format"", ""vlm_name_or_path"": ""/data/achahe/alpasim/huggingface/hub/models--nvidia--Cosmos-Reason2-8B/snapshots/a9fae2cf89dc64db96b12860417f0eb403013bb9""}",alpamayo1_5_distill.models.stitched_model.StitchedAlpamayoR1.from_teacher,/home/achahe/alpamayo-recipes/recipes/alpamayo1_5_distill/outputs/2026-08-23/12-10-49/.hydra/config.yaml,,
/data/achahe/alpamayo-recipes/recipes/alpamayo1_5_distill/training/stepsweep/teachernav_k3.json,1000,1000,0,f95d4401b398e6f65b388822bc500b0d2c7454d9e700512f789b6299ce7e7da4,1.4767217626958153,0.8411974618320819,teacher / baseline reference,,,/data/achahe/alpasim/huggingface/hub/models--nvidia--Alpamayo-1.5-10B-A1-format,True,,action expert,3,alpamayo.data.pai_nav.PAIDatasetWithNav,/data/datasets/physical_ai_av/,/data/datasets/physical_ai_av/lcdrive_physicalai_av_manifests/lcdrive_val_mysubset_1k_clip_uuids.txt,/data/datasets/physical_ai_av/lcdrive_physicalai_av_manifests/nav_lcdrive_val_mysubset_1k.json,0-3146,"[1, 3]",annotation anchored,True,True,True,/data/achahe/alpasim/huggingface/hub/models--nvidia--Alpamayo-1.5-10B-A1-format,"{""_target_"": ""alpamayo1_5_distill.models.stitched_model.StitchedAlpamayoR1.from_teacher"", ""alpamayo_config_path"": ""/data/achahe/alpasim/huggingface/hub/models--nvidia--Alpamayo-1.5-10B-A1-format"", ""attn_implementation"": ""sdpa"", ""checkpoint_path"": ""/data/achahe/alpasim/huggingface/hub/models--nvidia--Alpamayo-1.5-10B-A1-format"", ""teacher_checkpoint_path"": ""/data/achahe/alpasim/huggingface/hub/models--nvidia--Alpamayo-1.5-10B-A1-format"", ""vlm_name_or_path"": ""/data/achahe/alpasim/huggingface/hub/models--nvidia--Cosmos-Reason2-8B/snapshots/a9fae2cf89dc64db96b12860417f0eb403013bb9""}",alpamayo1_5_distill.models.stitched_model.StitchedAlpamayoR1.from_teacher,/home/achahe/alpamayo-recipes/recipes/alpamayo1_5_distill/outputs/2026-08-23/12-10-49/.hydra/config.yaml,,
/data/achahe/alpamayo-recipes/recipes/alpamayo1_5_distill/training/stepsweep/teachernav_k4.json,1000,1000,0,f95d4401b398e6f65b388822bc500b0d2c7454d9e700512f789b6299ce7e7da4,1.508130010502413,0.7985075480245286,teacher / baseline reference,,,/data/achahe/alpasim/huggingface/hub/models--nvidia--Alpamayo-1.5-10B-A1-format,True,,action expert,4,alpamayo.data.pai_nav.PAIDatasetWithNav,/data/datasets/physical_ai_av/,/data/datasets/physical_ai_av/lcdrive_physicalai_av_manifests/lcdrive_val_mysubset_1k_clip_uuids.txt,/data/datasets/physical_ai_av/lcdrive_physicalai_av_manifests/nav_lcdrive_val_mysubset_1k.json,0-3146,"[1, 3]",annotation anchored,True,True,True,/data/achahe/alpasim/huggingface/hub/models--nvidia--Alpamayo-1.5-10B-A1-format,"{""_target_"": ""alpamayo1_5_distill.models.stitched_model.StitchedAlpamayoR1.from_teacher"", ""alpamayo_config_path"": ""/data/achahe/alpasim/huggingface/hub/models--nvidia--Alpamayo-1.5-10B-A1-format"", ""attn_implementation"": ""sdpa"", ""checkpoint_path"": ""/data/achahe/alpasim/huggingface/hub/models--nvidia--Alpamayo-1.5-10B-A1-format"", ""teacher_checkpoint_path"": ""/data/achahe/alpasim/huggingface/hub/models--nvidia--Alpamayo-1.5-10B-A1-format"", ""vlm_name_or_path"": ""/data/achahe/alpasim/huggingface/hub/models--nvidia--Cosmos-Reason2-8B/snapshots/a9fae2cf89dc64db96b12860417f0eb403013bb9""}",alpamayo1_5_distill.models.stitched_model.StitchedAlpamayoR1.from_teacher,/home/achahe/alpamayo-recipes/recipes/alpamayo1_5_distill/outputs/2026-08-23/12-10-49/.hydra/config.yaml,,
/data/achahe/alpamayo-recipes/recipes/alpamayo1_5_distill/training/stepsweep/teachernav_k5.json,1000,1000,0,f95d4401b398e6f65b388822bc500b0d2c7454d9e700512f789b6299ce7e7da4,1.5533037242058199,0.7811687541673892,teacher / baseline reference,,,/data/achahe/alpasim/huggingface/hub/models--nvidia--Alpamayo-1.5-10B-A1-format,True,,action expert,5,alpamayo.data.pai_nav.PAIDatasetWithNav,/data/datasets/physical_ai_av/,/data/datasets/physical_ai_av/lcdrive_physicalai_av_manifests/lcdrive_val_mysubset_1k_clip_uuids.txt,/data/datasets/physical_ai_av/lcdrive_physicalai_av_manifests/nav_lcdrive_val_mysubset_1k.json,0-3146,"[1, 3]",annotation anchored,True,True,True,/data/achahe/alpasim/huggingface/hub/models--nvidia--Alpamayo-1.5-10B-A1-format,"{""_target_"": ""alpamayo1_5_distill.models.stitched_model.StitchedAlpamayoR1.from_teacher"", ""alpamayo_config_path"": ""/data/achahe/alpasim/huggingface/hub/models--nvidia--Alpamayo-1.5-10B-A1-format"", ""attn_implementation"": ""sdpa"", ""checkpoint_path"": ""/data/achahe/alpasim/huggingface/hub/models--nvidia--Alpamayo-1.5-10B-A1-format"", ""teacher_checkpoint_path"": ""/data/achahe/alpasim/huggingface/hub/models--nvidia--Alpamayo-1.5-10B-A1-format"", ""vlm_name_or_path"": ""/data/achahe/alpasim/huggingface/hub/models--nvidia--Cosmos-Reason2-8B/snapshots/a9fae2cf89dc64db96b12860417f0eb403013bb9""}",alpamayo1_5_distill.models.stitched_model.StitchedAlpamayoR1.from_teacher,/home/achahe/alpamayo-recipes/recipes/alpamayo1_5_distill/outputs/2026-08-23/12-10-49/.hydra/config.yaml,,
/data/achahe/alpamayo-recipes/recipes/alpamayo1_5_distill/training/stepsweep/teachernav_k6.json,1000,1000,0,f95d4401b398e6f65b388822bc500b0d2c7454d9e700512f789b6299ce7e7da4,1.5874516856854315,0.7658852129349252,teacher / baseline reference,,,/data/achahe/alpasim/huggingface/hub/models--nvidia--Alpamayo-1.5-10B-A1-format,True,,action expert,6,alpamayo.data.pai_nav.PAIDatasetWithNav,/data/datasets/physical_ai_av/,/data/datasets/physical_ai_av/lcdrive_physicalai_av_manifests/lcdrive_val_mysubset_1k_clip_uuids.txt,/data/datasets/physical_ai_av/lcdrive_physicalai_av_manifests/nav_lcdrive_val_mysubset_1k.json,0-3146,"[1, 3]",annotation anchored,True,True,True,/data/achahe/alpasim/huggingface/hub/models--nvidia--Alpamayo-1.5-10B-A1-format,"{""_target_"": ""alpamayo1_5_distill.models.stitched_model.StitchedAlpamayoR1.from_teacher"", ""alpamayo_config_path"": ""/data/achahe/alpasim/huggingface/hub/models--nvidia--Alpamayo-1.5-10B-A1-format"", ""attn_implementation"": ""sdpa"", ""checkpoint_path"": ""/data/achahe/alpasim/huggingface/hub/models--nvidia--Alpamayo-1.5-10B-A1-format"", ""teacher_checkpoint_path"": ""/data/achahe/alpasim/huggingface/hub/models--nvidia--Alpamayo-1.5-10B-A1-format"", ""vlm_name_or_path"": ""/data/achahe/alpasim/huggingface/hub/models--nvidia--Cosmos-Reason2-8B/snapshots/a9fae2cf89dc64db96b12860417f0eb403013bb9""}",alpamayo1_5_distill.models.stitched_model.StitchedAlpamayoR1.from_teacher,/home/achahe/alpamayo-recipes/recipes/alpamayo1_5_distill/outputs/2026-08-23/12-10-49/.hydra/config.yaml,,
/data/achahe/alpamayo-recipes/recipes/alpamayo1_5_distill/training/stepsweep/teachernav_k7.json,1000,1000,0,f95d4401b398e6f65b388822bc500b0d2c7454d9e700512f789b6299ce7e7da4,1.6209096327908337,0.7555045673794811,teacher / baseline reference,,,/data/achahe/alpasim/huggingface/hub/models--nvidia--Alpamayo-1.5-10B-A1-format,True,,action expert,7,alpamayo.data.pai_nav.PAIDatasetWithNav,/data/datasets/physical_ai_av/,/data/datasets/physical_ai_av/lcdrive_physicalai_av_manifests/lcdrive_val_mysubset_1k_clip_uuids.txt,/data/datasets/physical_ai_av/lcdrive_physicalai_av_manifests/nav_lcdrive_val_mysubset_1k.json,0-3146,"[1, 3]",annotation anchored,True,True,True,/data/achahe/alpasim/huggingface/hub/models--nvidia--Alpamayo-1.5-10B-A1-format,"{""_target_"": ""alpamayo1_5_distill.models.stitched_model.StitchedAlpamayoR1.from_teacher"", ""alpamayo_config_path"": ""/data/achahe/alpasim/huggingface/hub/models--nvidia--Alpamayo-1.5-10B-A1-format"", ""attn_implementation"": ""sdpa"", ""checkpoint_path"": ""/data/achahe/alpasim/huggingface/hub/models--nvidia--Alpamayo-1.5-10B-A1-format"", ""teacher_checkpoint_path"": ""/data/achahe/alpasim/huggingface/hub/models--nvidia--Alpamayo-1.5-10B-A1-format"", ""vlm_name_or_path"": ""/data/achahe/alpasim/huggingface/hub/models--nvidia--Cosmos-Reason2-8B/snapshots/a9fae2cf89dc64db96b12860417f0eb403013bb9""}",alpamayo1_5_distill.models.stitched_model.StitchedAlpamayoR1.from_teacher,/home/achahe/alpamayo-recipes/recipes/alpamayo1_5_distill/outputs/2026-08-23/12-10-49/.hydra/config.yaml,,
/data/achahe/alpamayo-recipes/recipes/alpamayo1_5_distill/training/stepsweep/teachernav_k8.json,1000,1000,0,f95d4401b398e6f65b388822bc500b0d2c7454d9e700512f789b6299ce7e7da4,1.6556602044575848,0.7508811468651984,teacher / baseline reference,,,/data/achahe/alpasim/huggingface/hub/models--nvidia--Alpamayo-1.5-10B-A1-format,True,,action expert,8,alpamayo.data.pai_nav.PAIDatasetWithNav,/data/datasets/physical_ai_av/,/data/datasets/physical_ai_av/lcdrive_physicalai_av_manifests/lcdrive_val_mysubset_1k_clip_uuids.txt,/data/datasets/physical_ai_av/lcdrive_physicalai_av_manifests/nav_lcdrive_val_mysubset_1k.json,0-3146,"[1, 3]",annotation anchored,True,True,True,/data/achahe/alpasim/huggingface/hub/models--nvidia--Alpamayo-1.5-10B-A1-format,"{""_target_"": ""alpamayo1_5_distill.models.stitched_model.StitchedAlpamayoR1.from_teacher"", ""alpamayo_config_path"": ""/data/achahe/alpasim/huggingface/hub/models--nvidia--Alpamayo-1.5-10B-A1-format"", ""attn_implementation"": ""sdpa"", ""checkpoint_path"": ""/data/achahe/alpasim/huggingface/hub/models--nvidia--Alpamayo-1.5-10B-A1-format"", ""teacher_checkpoint_path"": ""/data/achahe/alpasim/huggingface/hub/models--nvidia--Alpamayo-1.5-10B-A1-format"", ""vlm_name_or_path"": ""/data/achahe/alpasim/huggingface/hub/models--nvidia--Cosmos-Reason2-8B/snapshots/a9fae2cf89dc64db96b12860417f0eb403013bb9""}",alpamayo1_5_distill.models.stitched_model.StitchedAlpamayoR1.from_teacher,/home/achahe/alpamayo-recipes/recipes/alpamayo1_5_distill/outputs/2026-08-23/12-10-49/.hydra/config.yaml,,
/data/achahe/alpamayo-recipes/recipes/alpamayo1_5_distill/training/stepsweep/teachernav_k9.json,1000,1000,0,f95d4401b398e6f65b388822bc500b0d2c7454d9e700512f789b6299ce7e7da4,1.6796173505554908,0.7473300762762083,teacher / baseline reference,,,/data/achahe/alpasim/huggingface/hub/models--nvidia--Alpamayo-1.5-10B-A1-format,True,,action expert,9,alpamayo.data.pai_nav.PAIDatasetWithNav,/data/datasets/physical_ai_av/,/data/datasets/physical_ai_av/lcdrive_physicalai_av_manifests/lcdrive_val_mysubset_1k_clip_uuids.txt,/data/datasets/physical_ai_av/lcdrive_physicalai_av_manifests/nav_lcdrive_val_mysubset_1k.json,0-3146,"[1, 3]",annotation anchored,True,True,True,/data/achahe/alpasim/huggingface/hub/models--nvidia--Alpamayo-1.5-10B-A1-format,"{""_target_"": ""alpamayo1_5_distill.models.stitched_model.StitchedAlpamayoR1.from_teacher"", ""alpamayo_config_path"": ""/data/achahe/alpasim/huggingface/hub/models--nvidia--Alpamayo-1.5-10B-A1-format"", ""attn_implementation"": ""sdpa"", ""checkpoint_path"": ""/data/achahe/alpasim/huggingface/hub/models--nvidia--Alpamayo-1.5-10B-A1-format"", ""teacher_checkpoint_path"": ""/data/achahe/alpasim/huggingface/hub/models--nvidia--Alpamayo-1.5-10B-A1-format"", ""vlm_name_or_path"": ""/data/achahe/alpasim/huggingface/hub/models--nvidia--Cosmos-Reason2-8B/snapshots/a9fae2cf89dc64db96b12860417f0eb403013bb9""}",alpamayo1_5_distill.models.stitched_model.StitchedAlpamayoR1.from_teacher,/home/achahe/alpamayo-recipes/recipes/alpamayo1_5_distill/outputs/2026-08-23/12-10-49/.hydra/config.yaml,,
/data/achahe/alpamayo-recipes/recipes/alpamayo1_5_distill/training/stepsweep/teachernonav_k1.json,1000,1000,0,f95d4401b398e6f65b388822bc500b0d2c7454d9e700512f789b6299ce7e7da4,1.6608722412139176,1.306404178605415,teacher / baseline reference,,,/data/achahe/alpasim/huggingface/hub/models--nvidia--Alpamayo-1.5-10B-A1-format,True,,action expert,1,alpamayo.data.pai_nav.PAIDatasetWithNav,/data/datasets/physical_ai_av/,/data/datasets/physical_ai_av/lcdrive_physicalai_av_manifests/lcdrive_val_mysubset_1k_clip_uuids.txt,/data/datasets/physical_ai_av/lcdrive_physicalai_av_manifests/nav_lcdrive_val_mysubset_1k_nonav.json,0-3146,"[1, 3]",annotation anchored,True,True,True,/data/achahe/alpasim/huggingface/hub/models--nvidia--Alpamayo-1.5-10B-A1-format,"{""_target_"": ""alpamayo1_5_distill.models.stitched_model.StitchedAlpamayoR1.from_teacher"", ""alpamayo_config_path"": ""/data/achahe/alpasim/huggingface/hub/models--nvidia--Alpamayo-1.5-10B-A1-format"", ""attn_implementation"": ""sdpa"", ""checkpoint_path"": ""/data/achahe/alpasim/huggingface/hub/models--nvidia--Alpamayo-1.5-10B-A1-format"", ""teacher_checkpoint_path"": ""/data/achahe/alpasim/huggingface/hub/models--nvidia--Alpamayo-1.5-10B-A1-format"", ""vlm_name_or_path"": ""/data/achahe/alpasim/huggingface/hub/models--nvidia--Cosmos-Reason2-8B/snapshots/a9fae2cf89dc64db96b12860417f0eb403013bb9""}",alpamayo1_5_distill.models.stitched_model.StitchedAlpamayoR1.from_teacher,/home/achahe/alpamayo-recipes/recipes/alpamayo1_5_distill/outputs/2026-08-23/13-15-49/.hydra/config.yaml,,
/data/achahe/alpamayo-recipes/recipes/alpamayo1_5_distill/training/stepsweep/teachernonav_k10.json,1000,1000,0,f95d4401b398e6f65b388822bc500b0d2c7454d9e700512f789b6299ce7e7da4,1.7187916886183665,0.7625068194587947,teacher / baseline reference,,,/data/achahe/alpasim/huggingface/hub/models--nvidia--Alpamayo-1.5-10B-A1-format,True,,action expert,10,alpamayo.data.pai_nav.PAIDatasetWithNav,/data/datasets/physical_ai_av/,/data/datasets/physical_ai_av/lcdrive_physicalai_av_manifests/lcdrive_val_mysubset_1k_clip_uuids.txt,/data/datasets/physical_ai_av/lcdrive_physicalai_av_manifests/nav_lcdrive_val_mysubset_1k_nonav.json,0-3146,"[1, 3]",annotation anchored,True,True,True,/data/achahe/alpasim/huggingface/hub/models--nvidia--Alpamayo-1.5-10B-A1-format,"{""_target_"": ""alpamayo1_5_distill.models.stitched_model.StitchedAlpamayoR1.from_teacher"", ""alpamayo_config_path"": ""/data/achahe/alpasim/huggingface/hub/models--nvidia--Alpamayo-1.5-10B-A1-format"", ""attn_implementation"": ""sdpa"", ""checkpoint_path"": ""/data/achahe/alpasim/huggingface/hub/models--nvidia--Alpamayo-1.5-10B-A1-format"", ""teacher_checkpoint_path"": ""/data/achahe/alpasim/huggingface/hub/models--nvidia--Alpamayo-1.5-10B-A1-format"", ""vlm_name_or_path"": ""/data/achahe/alpasim/huggingface/hub/models--nvidia--Cosmos-Reason2-8B/snapshots/a9fae2cf89dc64db96b12860417f0eb403013bb9""}",alpamayo1_5_distill.models.stitched_model.StitchedAlpamayoR1.from_teacher,/home/achahe/alpamayo-recipes/recipes/alpamayo1_5_distill/outputs/2026-08-23/13-15-49/.hydra/config.yaml,,
/data/achahe/alpamayo-recipes/recipes/alpamayo1_5_distill/training/stepsweep/teachernonav_k2.json,1000,1000,0,f95d4401b398e6f65b388822bc500b0d2c7454d9e700512f789b6299ce7e7da4,1.4821799369587096,0.9586509072359186,teacher / baseline reference,,,/data/achahe/alpasim/huggingface/hub/models--nvidia--Alpamayo-1.5-10B-A1-format,True,,action expert,2,alpamayo.data.pai_nav.PAIDatasetWithNav,/data/datasets/physical_ai_av/,/data/datasets/physical_ai_av/lcdrive_physicalai_av_manifests/lcdrive_val_mysubset_1k_clip_uuids.txt,/data/datasets/physical_ai_av/lcdrive_physicalai_av_manifests/nav_lcdrive_val_mysubset_1k_nonav.json,0-3146,"[1, 3]",annotation anchored,True,True,True,/data/achahe/alpasim/huggingface/hub/models--nvidia--Alpamayo-1.5-10B-A1-format,"{""_target_"": ""alpamayo1_5_distill.models.stitched_model.StitchedAlpamayoR1.from_teacher"", ""alpamayo_config_path"": ""/data/achahe/alpasim/huggingface/hub/models--nvidia--Alpamayo-1.5-10B-A1-format"", ""attn_implementation"": ""sdpa"", ""checkpoint_path"": ""/data/achahe/alpasim/huggingface/hub/models--nvidia--Alpamayo-1.5-10B-A1-format"", ""teacher_checkpoint_path"": ""/data/achahe/alpasim/huggingface/hub/models--nvidia--Alpamayo-1.5-10B-A1-format"", ""vlm_name_or_path"": ""/data/achahe/alpasim/huggingface/hub/models--nvidia--Cosmos-Reason2-8B/snapshots/a9fae2cf89dc64db96b12860417f0eb403013bb9""}",alpamayo1_5_distill.models.stitched_model.StitchedAlpamayoR1.from_teacher,/home/achahe/alpamayo-recipes/recipes/alpamayo1_5_distill/outputs/2026-08-23/13-15-49/.hydra/config.yaml,,
/data/achahe/alpamayo-recipes/recipes/alpamayo1_5_distill/training/stepsweep/teachernonav_k3.json,1000,1000,0,f95d4401b398e6f65b388822bc500b0d2c7454d9e700512f789b6299ce7e7da4,1.5136971485726536,0.8631087746624835,teacher / baseline reference,,,/data/achahe/alpasim/huggingface/hub/models--nvidia--Alpamayo-1.5-10B-A1-format,True,,action expert,3,alpamayo.data.pai_nav.PAIDatasetWithNav,/data/datasets/physical_ai_av/,/data/datasets/physical_ai_av/lcdrive_physicalai_av_manifests/lcdrive_val_mysubset_1k_clip_uuids.txt,/data/datasets/physical_ai_av/lcdrive_physicalai_av_manifests/nav_lcdrive_val_mysubset_1k_nonav.json,0-3146,"[1, 3]",annotation anchored,True,True,True,/data/achahe/alpasim/huggingface/hub/models--nvidia--Alpamayo-1.5-10B-A1-format,"{""_target_"": ""alpamayo1_5_distill.models.stitched_model.StitchedAlpamayoR1.from_teacher"", ""alpamayo_config_path"": ""/data/achahe/alpasim/huggingface/hub/models--nvidia--Alpamayo-1.5-10B-A1-format"", ""attn_implementation"": ""sdpa"", ""checkpoint_path"": ""/data/achahe/alpasim/huggingface/hub/models--nvidia--Alpamayo-1.5-10B-A1-format"", ""teacher_checkpoint_path"": ""/data/achahe/alpasim/huggingface/hub/models--nvidia--Alpamayo-1.5-10B-A1-format"", ""vlm_name_or_path"": ""/data/achahe/alpasim/huggingface/hub/models--nvidia--Cosmos-Reason2-8B/snapshots/a9fae2cf89dc64db96b12860417f0eb403013bb9""}",alpamayo1_5_distill.models.stitched_model.StitchedAlpamayoR1.from_teacher,/home/achahe/alpamayo-recipes/recipes/alpamayo1_5_distill/outputs/2026-08-23/13-15-49/.hydra/config.yaml,,
/data/achahe/alpamayo-recipes/recipes/alpamayo1_5_distill/training/stepsweep/teachernonav_k4.json,1000,1000,0,f95d4401b398e6f65b388822bc500b0d2c7454d9e700512f789b6299ce7e7da4,1.5445595710547642,0.8187412398995366,teacher / baseline reference,,,/data/achahe/alpasim/huggingface/hub/models--nvidia--Alpamayo-1.5-10B-A1-format,True,,action expert,4,alpamayo.data.pai_nav.PAIDatasetWithNav,/data/datasets/physical_ai_av/,/data/datasets/physical_ai_av/lcdrive_physicalai_av_manifests/lcdrive_val_mysubset_1k_clip_uuids.txt,/data/datasets/physical_ai_av/lcdrive_physicalai_av_manifests/nav_lcdrive_val_mysubset_1k_nonav.json,0-3146,"[1, 3]",annotation anchored,True,True,True,/data/achahe/alpasim/huggingface/hub/models--nvidia--Alpamayo-1.5-10B-A1-format,"{""_target_"": ""alpamayo1_5_distill.models.stitched_model.StitchedAlpamayoR1.from_teacher"", ""alpamayo_config_path"": ""/data/achahe/alpasim/huggingface/hub/models--nvidia--Alpamayo-1.5-10B-A1-format"", ""attn_implementation"": ""sdpa"", ""checkpoint_path"": ""/data/achahe/alpasim/huggingface/hub/models--nvidia--Alpamayo-1.5-10B-A1-format"", ""teacher_checkpoint_path"": ""/data/achahe/alpasim/huggingface/hub/models--nvidia--Alpamayo-1.5-10B-A1-format"", ""vlm_name_or_path"": ""/data/achahe/alpasim/huggingface/hub/models--nvidia--Cosmos-Reason2-8B/snapshots/a9fae2cf89dc64db96b12860417f0eb403013bb9""}",alpamayo1_5_distill.models.stitched_model.StitchedAlpamayoR1.from_teacher,/home/achahe/alpamayo-recipes/recipes/alpamayo1_5_distill/outputs/2026-08-23/13-15-49/.hydra/config.yaml,,
/data/achahe/alpamayo-recipes/recipes/alpamayo1_5_distill/training/stepsweep/teachernonav_k5.json,1000,1000,0,f95d4401b398e6f65b388822bc500b0d2c7454d9e700512f789b6299ce7e7da4,1.5850092689502053,0.8018930322699016,teacher / baseline reference,,,/data/achahe/alpasim/huggingface/hub/models--nvidia--Alpamayo-1.5-10B-A1-format,True,,action expert,5,alpamayo.data.pai_nav.PAIDatasetWithNav,/data/datasets/physical_ai_av/,/data/datasets/physical_ai_av/lcdrive_physicalai_av_manifests/lcdrive_val_mysubset_1k_clip_uuids.txt,/data/datasets/physical_ai_av/lcdrive_physicalai_av_manifests/nav_lcdrive_val_mysubset_1k_nonav.json,0-3146,"[1, 3]",annotation anchored,True,True,True,/data/achahe/alpasim/huggingface/hub/models--nvidia--Alpamayo-1.5-10B-A1-format,"{""_target_"": ""alpamayo1_5_distill.models.stitched_model.StitchedAlpamayoR1.from_teacher"", ""alpamayo_config_path"": ""/data/achahe/alpasim/huggingface/hub/models--nvidia--Alpamayo-1.5-10B-A1-format"", ""attn_implementation"": ""sdpa"", ""checkpoint_path"": ""/data/achahe/alpasim/huggingface/hub/models--nvidia--Alpamayo-1.5-10B-A1-format"", ""teacher_checkpoint_path"": ""/data/achahe/alpasim/huggingface/hub/models--nvidia--Alpamayo-1.5-10B-A1-format"", ""vlm_name_or_path"": ""/data/achahe/alpasim/huggingface/hub/models--nvidia--Cosmos-Reason2-8B/snapshots/a9fae2cf89dc64db96b12860417f0eb403013bb9""}",alpamayo1_5_distill.models.stitched_model.StitchedAlpamayoR1.from_teacher,/home/achahe/alpamayo-recipes/recipes/alpamayo1_5_distill/outputs/2026-08-23/13-15-49/.hydra/config.yaml,,
/data/achahe/alpamayo-recipes/recipes/alpamayo1_5_distill/training/stepsweep/teachernonav_k6.json,1000,1000,0,f95d4401b398e6f65b388822bc500b0d2c7454d9e700512f789b6299ce7e7da4,1.6162492740247398,0.7855003764335997,teacher / baseline reference,,,/data/achahe/alpasim/huggingface/hub/models--nvidia--Alpamayo-1.5-10B-A1-format,True,,action expert,6,alpamayo.data.pai_nav.PAIDatasetWithNav,/data/datasets/physical_ai_av/,/data/datasets/physical_ai_av/lcdrive_physicalai_av_manifests/lcdrive_val_mysubset_1k_clip_uuids.txt,/data/datasets/physical_ai_av/lcdrive_physicalai_av_manifests/nav_lcdrive_val_mysubset_1k_nonav.json,0-3146,"[1, 3]",annotation anchored,True,True,True,/data/achahe/alpasim/huggingface/hub/models--nvidia--Alpamayo-1.5-10B-A1-format,"{""_target_"": ""alpamayo1_5_distill.models.stitched_model.StitchedAlpamayoR1.from_teacher"", ""alpamayo_config_path"": ""/data/achahe/alpasim/huggingface/hub/models--nvidia--Alpamayo-1.5-10B-A1-format"", ""attn_implementation"": ""sdpa"", ""checkpoint_path"": ""/data/achahe/alpasim/huggingface/hub/models--nvidia--Alpamayo-1.5-10B-A1-format"", ""teacher_checkpoint_path"": ""/data/achahe/alpasim/huggingface/hub/models--nvidia--Alpamayo-1.5-10B-A1-format"", ""vlm_name_or_path"": ""/data/achahe/alpasim/huggingface/hub/models--nvidia--Cosmos-Reason2-8B/snapshots/a9fae2cf89dc64db96b12860417f0eb403013bb9""}",alpamayo1_5_distill.models.stitched_model.StitchedAlpamayoR1.from_teacher,/home/achahe/alpamayo-recipes/recipes/alpamayo1_5_distill/outputs/2026-08-23/13-15-49/.hydra/config.yaml,,
/data/achahe/alpamayo-recipes/recipes/alpamayo1_5_distill/training/stepsweep/teachernonav_k7.json,1000,1000,0,f95d4401b398e6f65b388822bc500b0d2c7454d9e700512f789b6299ce7e7da4,1.6451944823595694,0.7741861743991031,teacher / baseline reference,,,/data/achahe/alpasim/huggingface/hub/models--nvidia--Alpamayo-1.5-10B-A1-format,True,,action expert,7,alpamayo.data.pai_nav.PAIDatasetWithNav,/data/datasets/physical_ai_av/,/data/datasets/physical_ai_av/lcdrive_physicalai_av_manifests/lcdrive_val_mysubset_1k_clip_uuids.txt,/data/datasets/physical_ai_av/lcdrive_physicalai_av_manifests/nav_lcdrive_val_mysubset_1k_nonav.json,0-3146,"[1, 3]",annotation anchored,True,True,True,/data/achahe/alpasim/huggingface/hub/models--nvidia--Alpamayo-1.5-10B-A1-format,"{""_target_"": ""alpamayo1_5_distill.models.stitched_model.StitchedAlpamayoR1.from_teacher"", ""alpamayo_config_path"": ""/data/achahe/alpasim/huggingface/hub/models--nvidia--Alpamayo-1.5-10B-A1-format"", ""attn_implementation"": ""sdpa"", ""checkpoint_path"": ""/data/achahe/alpasim/huggingface/hub/models--nvidia--Alpamayo-1.5-10B-A1-format"", ""teacher_checkpoint_path"": ""/data/achahe/alpasim/huggingface/hub/models--nvidia--Alpamayo-1.5-10B-A1-format"", ""vlm_name_or_path"": ""/data/achahe/alpasim/huggingface/hub/models--nvidia--Cosmos-Reason2-8B/snapshots/a9fae2cf89dc64db96b12860417f0eb403013bb9""}",alpamayo1_5_distill.models.stitched_model.StitchedAlpamayoR1.from_teacher,/home/achahe/alpamayo-recipes/recipes/alpamayo1_5_distill/outputs/2026-08-23/13-15-49/.hydra/config.yaml,,
/data/achahe/alpamayo-recipes/recipes/alpamayo1_5_distill/training/stepsweep/teachernonav_k8.json,1000,1000,0,f95d4401b398e6f65b388822bc500b0d2c7454d9e700512f789b6299ce7e7da4,1.675556707126787,0.7695876505415654,teacher / baseline reference,,,/data/achahe/alpasim/huggingface/hub/models--nvidia--Alpamayo-1.5-10B-A1-format,True,,action expert,8,alpamayo.data.pai_nav.PAIDatasetWithNav,/data/datasets/physical_ai_av/,/data/datasets/physical_ai_av/lcdrive_physicalai_av_manifests/lcdrive_val_mysubset_1k_clip_uuids.txt,/data/datasets/physical_ai_av/lcdrive_physicalai_av_manifests/nav_lcdrive_val_mysubset_1k_nonav.json,0-3146,"[1, 3]",annotation anchored,True,True,True,/data/achahe/alpasim/huggingface/hub/models--nvidia--Alpamayo-1.5-10B-A1-format,"{""_target_"": ""alpamayo1_5_distill.models.stitched_model.StitchedAlpamayoR1.from_teacher"", ""alpamayo_config_path"": ""/data/achahe/alpasim/huggingface/hub/models--nvidia--Alpamayo-1.5-10B-A1-format"", ""attn_implementation"": ""sdpa"", ""checkpoint_path"": ""/data/achahe/alpasim/huggingface/hub/models--nvidia--Alpamayo-1.5-10B-A1-format"", ""teacher_checkpoint_path"": ""/data/achahe/alpasim/huggingface/hub/models--nvidia--Alpamayo-1.5-10B-A1-format"", ""vlm_name_or_path"": ""/data/achahe/alpasim/huggingface/hub/models--nvidia--Cosmos-Reason2-8B/snapshots/a9fae2cf89dc64db96b12860417f0eb403013bb9""}",alpamayo1_5_distill.models.stitched_model.StitchedAlpamayoR1.from_teacher,/home/achahe/alpamayo-recipes/recipes/alpamayo1_5_distill/outputs/2026-08-23/13-15-49/.hydra/config.yaml,,
/data/achahe/alpamayo-recipes/recipes/alpamayo1_5_distill/training/stepsweep/teachernonav_k9.json,1000,1000,0,f95d4401b398e6f65b388822bc500b0d2c7454d9e700512f789b6299ce7e7da4,1.6990724594187923,0.7656579996958608,teacher / baseline reference,,,/data/achahe/alpasim/huggingface/hub/models--nvidia--Alpamayo-1.5-10B-A1-format,True,,action expert,9,alpamayo.data.pai_nav.PAIDatasetWithNav,/data/datasets/physical_ai_av/,/data/datasets/physical_ai_av/lcdrive_physicalai_av_manifests/lcdrive_val_mysubset_1k_clip_uuids.txt,/data/datasets/physical_ai_av/lcdrive_physicalai_av_manifests/nav_lcdrive_val_mysubset_1k_nonav.json,0-3146,"[1, 3]",annotation anchored,True,True,True,/data/achahe/alpasim/huggingface/hub/models--nvidia--Alpamayo-1.5-10B-A1-format,"{""_target_"": ""alpamayo1_5_distill.models.stitched_model.StitchedAlpamayoR1.from_teacher"", ""alpamayo_config_path"": ""/data/achahe/alpasim/huggingface/hub/models--nvidia--Alpamayo-1.5-10B-A1-format"", ""attn_implementation"": ""sdpa"", ""checkpoint_path"": ""/data/achahe/alpasim/huggingface/hub/models--nvidia--Alpamayo-1.5-10B-A1-format"", ""teacher_checkpoint_path"": ""/data/achahe/alpasim/huggingface/hub/models--nvidia--Alpamayo-1.5-10B-A1-format"", ""vlm_name_or_path"": ""/data/achahe/alpasim/huggingface/hub/models--nvidia--Cosmos-Reason2-8B/snapshots/a9fae2cf89dc64db96b12860417f0eb403013bb9""}",alpamayo1_5_distill.models.stitched_model.StitchedAlpamayoR1.from_teacher,/home/achahe/alpamayo-recipes/recipes/alpamayo1_5_distill/outputs/2026-08-23/13-15-49/.hydra/config.yaml,,
/data/achahe/alpamayo-recipes/recipes/alpamayo1_5_distill/training/stitch_2b_block2b_checkpoint-3000.json,1000,1000,0,f95d4401b398e6f65b388822bc500b0d2c7454d9e700512f789b6299ce7e7da4,4.820261806048453,2.6444143550861625,included,/data/achahe/alpamayo-recipes/recipes/alpamayo1_5_distill/training/output_kd_2b_block2b_lcdrive,output_kd_2b_block2b_lcdrive,/data/achahe/alpamayo-recipes/recipes/alpamayo1_5_distill/training/output_kd_2b_block2b_lcdrive/checkpoint-3000,True,1.877621283255086,action expert,10 (default; verify),alpamayo.data.pai.PAIDataset,/data/datasets/physical_ai_av/,/data/datasets/physical_ai_av/lcdrive_physicalai_av_manifests/lcdrive_val_mysubset_1k_clip_uuids.txt,,0-3146,"[0, 1, 2, 3]",default keyframe,False,True,True,/data/achahe/alpasim/huggingface/hub/models--nvidia--Alpamayo-1.5-10B-A1-format,"{""_target_"": ""alpamayo1_5_distill.models.stitched_model.StitchedAlpamayoR1.from_stitch"", ""alpamayo_config_path"": ""/data/achahe/alpasim/huggingface/hub/models--nvidia--Alpamayo-1.5-10B-A1-format"", ""attn_implementation"": ""sdpa"", ""checkpoint_path"": null, ""teacher_checkpoint_path"": ""/data/achahe/alpasim/huggingface/hub/models--nvidia--Alpamayo-1.5-10B-A1-format"", ""vlm_name_or_path"": ""/data/achahe/alpasim/huggingface/hub/Cosmos-Reason2-2B""}",alpamayo1_5_distill.models.stitched_model.StitchedAlpamayoR1.from_stitch,/home/achahe/alpamayo-recipes/recipes/alpamayo1_5_distill/outputs/2026-08-18/11-20-56/.hydra/config.yaml,/data/achahe/alpamayo-recipes/recipes/alpamayo1_5_distill/training/stitch_2b_block2b_checkpoint-3000.log,4 historical configs reference result; latest plus log used
/data/achahe/alpamayo-recipes/recipes/alpamayo1_5_distill/training/stitch_2b_block2bdepth_e2_checkpoint-2398_cam13.json,1000,1000,0,f95d4401b398e6f65b388822bc500b0d2c7454d9e700512f789b6299ce7e7da4,5.94950753518939,2.684636539740488,included,/data/achahe/alpamayo-recipes/recipes/alpamayo1_5_distill/training/output_kd_2b_block2bdepth_e2_lcdrive,output_kd_2b_block2bdepth_e2_lcdrive,/data/achahe/alpamayo-recipes/recipes/alpamayo1_5_distill/training/output_kd_2b_block2bdepth_e2_lcdrive/checkpoint-2398,True,2.0,action expert,10 (default; verify),alpamayo1_5_distill.data.camera_subset.CameraSubsetPAIDataset,/data/datasets/physical_ai_av/,/data/datasets/physical_ai_av/lcdrive_physicalai_av_manifests/lcdrive_val_mysubset_1k_clip_uuids.txt,,0-3146,"[1, 3]",default keyframe,False,True,True,/data/achahe/alpasim/huggingface/hub/models--nvidia--Alpamayo-1.5-10B-A1-format,"{""_target_"": ""alpamayo1_5_distill.models.stitched_model.StitchedAlpamayoR1.from_stitch"", ""alpamayo_config_path"": ""/data/achahe/alpasim/huggingface/hub/models--nvidia--Alpamayo-1.5-10B-A1-format"", ""attn_implementation"": ""sdpa"", ""checkpoint_path"": null, ""teacher_checkpoint_path"": ""/data/achahe/alpasim/huggingface/hub/models--nvidia--Alpamayo-1.5-10B-A1-format"", ""vlm_name_or_path"": ""/data/achahe/alpasim/huggingface/hub/Cosmos-Reason2-2B""}",alpamayo1_5_distill.models.stitched_model.StitchedAlpamayoR1.from_stitch,/home/achahe/alpamayo-recipes/recipes/alpamayo1_5_distill/outputs/2026-08-22/19-25-57/.hydra/config.yaml,/data/achahe/alpamayo-recipes/recipes/alpamayo1_5_distill/training/stitch_2b_block2bdepth_e2_checkpoint-2398_cam13.log,
/data/achahe/alpamayo-recipes/recipes/alpamayo1_5_distill/training/stitch_2b_block2bdepth_ladder_add_e2_checkpoint-2398_cam13.json,1000,1000,0,f95d4401b398e6f65b388822bc500b0d2c7454d9e700512f789b6299ce7e7da4,5.8495831979811195,2.7146227986328304,included,/data/achahe/alpamayo-recipes/recipes/alpamayo1_5_distill/training/output_kd_2b_block2bdepth_ladder_add_e2_lcdrive,output_kd_2b_block2bdepth_ladder_add_e2_lcdrive,/data/achahe/alpamayo-recipes/recipes/alpamayo1_5_distill/training/output_kd_2b_block2bdepth_ladder_add_e2_lcdrive/checkpoint-2398,True,2.0,action expert,10 (default; verify),alpamayo1_5_distill.data.camera_subset.CameraSubsetPAIDataset,/data/datasets/physical_ai_av/,/data/datasets/physical_ai_av/lcdrive_physicalai_av_manifests/lcdrive_val_mysubset_1k_clip_uuids.txt,,0-3146,"[1, 3]",default keyframe,False,True,True,/data/achahe/alpasim/huggingface/hub/models--nvidia--Alpamayo-1.5-10B-A1-format,"{""_target_"": ""alpamayo1_5_distill.models.stitched_model.StitchedAlpamayoR1.from_stitch"", ""alpamayo_config_path"": ""/data/achahe/alpasim/huggingface/hub/models--nvidia--Alpamayo-1.5-10B-A1-format"", ""attn_implementation"": ""sdpa"", ""checkpoint_path"": null, ""teacher_checkpoint_path"": ""/data/achahe/alpasim/huggingface/hub/models--nvidia--Alpamayo-1.5-10B-A1-format"", ""vlm_name_or_path"": ""/data/achahe/alpasim/huggingface/hub/Cosmos-Reason2-2B""}",alpamayo1_5_distill.models.stitched_model.StitchedAlpamayoR1.from_stitch,/home/achahe/alpamayo-recipes/recipes/alpamayo1_5_distill/outputs/2026-08-22/22-55-20/.hydra/config.yaml,/data/achahe/alpamayo-recipes/recipes/alpamayo1_5_distill/training/stitch_2b_block2bdepth_ladder_add_e2_checkpoint-2398_cam13.log,
/data/achahe/alpamayo-recipes/recipes/alpamayo1_5_distill/training/stitch_2b_block2bmix_m7w1.0_e3_checkpoint-2398_cam13.json,1000,1000,0,f95d4401b398e6f65b388822bc500b0d2c7454d9e700512f789b6299ce7e7da4,5.463960924744606,2.5615177340619266,included,/data/achahe/alpamayo-recipes/recipes/alpamayo1_5_distill/training/output_kd_2b_block2bmix_m7w1.0_e3_lcdrive,output_kd_2b_block2bmix_m7w1.0_e3_lcdrive,/data/achahe/alpamayo-recipes/recipes/alpamayo1_5_distill/training/output_kd_2b_block2bmix_m7w1.0_e3_lcdrive/checkpoint-2398,True,2.0,action expert,10 (default; verify),alpamayo1_5_distill.data.camera_subset.CameraSubsetPAIDataset,/data/datasets/physical_ai_av/,/data/datasets/physical_ai_av/lcdrive_physicalai_av_manifests/lcdrive_val_mysubset_1k_clip_uuids.txt,,0-3146,"[1, 3]",default keyframe,False,True,True,/data/achahe/alpasim/huggingface/hub/models--nvidia--Alpamayo-1.5-10B-A1-format,"{""_target_"": ""alpamayo1_5_distill.models.stitched_model.StitchedAlpamayoR1.from_stitch"", ""alpamayo_config_path"": ""/data/achahe/alpasim/huggingface/hub/models--nvidia--Alpamayo-1.5-10B-A1-format"", ""attn_implementation"": ""sdpa"", ""checkpoint_path"": null, ""teacher_checkpoint_path"": ""/data/achahe/alpasim/huggingface/hub/models--nvidia--Alpamayo-1.5-10B-A1-format"", ""vlm_name_or_path"": ""/data/achahe/alpasim/huggingface/hub/Cosmos-Reason2-2B""}",alpamayo1_5_distill.models.stitched_model.StitchedAlpamayoR1.from_stitch,/home/achahe/alpamayo-recipes/recipes/alpamayo1_5_distill/outputs/2026-08-23/05-21-50/.hydra/config.yaml,/data/achahe/alpamayo-recipes/recipes/alpamayo1_5_distill/training/stitch_2b_block2bmix_m7w1.0_e3_checkpoint-2398_cam13.log,
/data/achahe/alpamayo-recipes/recipes/alpamayo1_5_distill/training/stitch_2b_block2bmix_m7w1.0_e3_checkpoint-3597_cam13.json,1000,1000,0,f95d4401b398e6f65b388822bc500b0d2c7454d9e700512f789b6299ce7e7da4,5.9268043711073695,2.5803760798191653,included,/data/achahe/alpamayo-recipes/recipes/alpamayo1_5_distill/training/output_kd_2b_block2bmix_m7w1.0_e3_lcdrive,output_kd_2b_block2bmix_m7w1.0_e3_lcdrive,/data/achahe/alpamayo-recipes/recipes/alpamayo1_5_distill/training/output_kd_2b_block2bmix_m7w1.0_e3_lcdrive/checkpoint-3597,True,3.0,action expert,10 (default; verify),alpamayo1_5_distill.data.camera_subset.CameraSubsetPAIDataset,/data/datasets/physical_ai_av/,/data/datasets/physical_ai_av/lcdrive_physicalai_av_manifests/lcdrive_val_mysubset_1k_clip_uuids.txt,,0-3146,"[1, 3]",default keyframe,False,True,True,/data/achahe/alpasim/huggingface/hub/models--nvidia--Alpamayo-1.5-10B-A1-format,"{""_target_"": ""alpamayo1_5_distill.models.stitched_model.StitchedAlpamayoR1.from_stitch"", ""alpamayo_config_path"": ""/data/achahe/alpasim/huggingface/hub/models--nvidia--Alpamayo-1.5-10B-A1-format"", ""attn_implementation"": ""sdpa"", ""checkpoint_path"": null, ""teacher_checkpoint_path"": ""/data/achahe/alpasim/huggingface/hub/models--nvidia--Alpamayo-1.5-10B-A1-format"", ""vlm_name_or_path"": ""/data/achahe/alpasim/huggingface/hub/Cosmos-Reason2-2B""}",alpamayo1_5_distill.models.stitched_model.StitchedAlpamayoR1.from_stitch,/home/achahe/alpamayo-recipes/recipes/alpamayo1_5_distill/outputs/2026-08-23/05-39-49/.hydra/config.yaml,/data/achahe/alpamayo-recipes/recipes/alpamayo1_5_distill/training/stitch_2b_block2bmix_m7w1.0_e3_checkpoint-3597_cam13.log,
/data/achahe/alpamayo-recipes/recipes/alpamayo1_5_distill/training/stitch_2b_block2bspan_checkpoint-1199_cam13.json,1000,1000,0,f95d4401b398e6f65b388822bc500b0d2c7454d9e700512f789b6299ce7e7da4,5.874372854992747,2.8367138938568535,included,/data/achahe/alpamayo-recipes/recipes/alpamayo1_5_distill/training/output_kd_2b_block2bspan_lcdrive,output_kd_2b_block2bspan_lcdrive,/data/achahe/alpamayo-recipes/recipes/alpamayo1_5_distill/training/output_kd_2b_block2bspan_lcdrive/checkpoint-1199,True,1.0,action expert,10 (default; verify),alpamayo1_5_distill.data.camera_subset.CameraSubsetPAIDataset,/data/datasets/physical_ai_av/,/data/datasets/physical_ai_av/lcdrive_physicalai_av_manifests/lcdrive_val_mysubset_1k_clip_uuids.txt,,0-3146,"[1, 3]",default keyframe,False,True,True,/data/achahe/alpasim/huggingface/hub/models--nvidia--Alpamayo-1.5-10B-A1-format,"{""_target_"": ""alpamayo1_5_distill.models.stitched_model.StitchedAlpamayoR1.from_stitch"", ""alpamayo_config_path"": ""/data/achahe/alpasim/huggingface/hub/models--nvidia--Alpamayo-1.5-10B-A1-format"", ""attn_implementation"": ""sdpa"", ""checkpoint_path"": null, ""teacher_checkpoint_path"": ""/data/achahe/alpasim/huggingface/hub/models--nvidia--Alpamayo-1.5-10B-A1-format"", ""vlm_name_or_path"": ""/data/achahe/alpasim/huggingface/hub/Cosmos-Reason2-2B""}",alpamayo1_5_distill.models.stitched_model.StitchedAlpamayoR1.from_stitch,/home/achahe/alpamayo-recipes/recipes/alpamayo1_5_distill/outputs/2026-08-21/15-43-30/.hydra/config.yaml,/data/achahe/alpamayo-recipes/recipes/alpamayo1_5_distill/training/stitch_2b_block2bspan_checkpoint-1199_cam13.log,
/data/achahe/alpamayo-recipes/recipes/alpamayo1_5_distill/training/stitch_2b_block2bspan_e2_checkpoint-2398_cam13.json,1000,1000,0,f95d4401b398e6f65b388822bc500b0d2c7454d9e700512f789b6299ce7e7da4,5.258066260129214,2.535951301294379,included,/data/achahe/alpamayo-recipes/recipes/alpamayo1_5_distill/training/output_kd_2b_block2bspan_e2_lcdrive,output_kd_2b_block2bspan_e2_lcdrive,/data/achahe/alpamayo-recipes/recipes/alpamayo1_5_distill/training/output_kd_2b_block2bspan_e2_lcdrive/checkpoint-2398,True,2.0,action expert,10 (default; verify),alpamayo1_5_distill.data.camera_subset.CameraSubsetPAIDataset,/data/datasets/physical_ai_av/,/data/datasets/physical_ai_av/lcdrive_physicalai_av_manifests/lcdrive_val_mysubset_1k_clip_uuids.txt,,0-3146,"[1, 3]",default keyframe,False,True,True,/data/achahe/alpasim/huggingface/hub/models--nvidia--Alpamayo-1.5-10B-A1-format,"{""_target_"": ""alpamayo1_5_distill.models.stitched_model.StitchedAlpamayoR1.from_stitch"", ""alpamayo_config_path"": ""/data/achahe/alpasim/huggingface/hub/models--nvidia--Alpamayo-1.5-10B-A1-format"", ""attn_implementation"": ""sdpa"", ""checkpoint_path"": null, ""teacher_checkpoint_path"": ""/data/achahe/alpasim/huggingface/hub/models--nvidia--Alpamayo-1.5-10B-A1-format"", ""vlm_name_or_path"": ""/data/achahe/alpasim/huggingface/hub/Cosmos-Reason2-2B""}",alpamayo1_5_distill.models.stitched_model.StitchedAlpamayoR1.from_stitch,/home/achahe/alpamayo-recipes/recipes/alpamayo1_5_distill/outputs/2026-08-21/19-37-54/.hydra/config.yaml,/data/achahe/alpamayo-recipes/recipes/alpamayo1_5_distill/training/stitch_2b_block2bspan_e2_checkpoint-2398_cam13.log,
/data/achahe/alpamayo-recipes/recipes/alpamayo1_5_distill/training/stitch_2b_block2bspan_e3_checkpoint-3597_cam13.json,1000,1000,0,f95d4401b398e6f65b388822bc500b0d2c7454d9e700512f789b6299ce7e7da4,5.129240424510091,2.4159747534077614,included,/data/achahe/alpamayo-recipes/recipes/alpamayo1_5_distill/training/output_kd_2b_block2bspan_e3_lcdrive,output_kd_2b_block2bspan_e3_lcdrive,/data/achahe/alpamayo-recipes/recipes/alpamayo1_5_distill/training/output_kd_2b_block2bspan_e3_lcdrive/checkpoint-3597,True,3.0,action expert,10 (default; verify),alpamayo1_5_distill.data.camera_subset.CameraSubsetPAIDataset,/data/datasets/physical_ai_av/,/data/datasets/physical_ai_av/lcdrive_physicalai_av_manifests/lcdrive_val_mysubset_1k_clip_uuids.txt,,0-3146,"[1, 3]",default keyframe,False,True,True,/data/achahe/alpasim/huggingface/hub/models--nvidia--Alpamayo-1.5-10B-A1-format,"{""_target_"": ""alpamayo1_5_distill.models.stitched_model.StitchedAlpamayoR1.from_stitch"", ""alpamayo_config_path"": ""/data/achahe/alpasim/huggingface/hub/models--nvidia--Alpamayo-1.5-10B-A1-format"", ""attn_implementation"": ""sdpa"", ""checkpoint_path"": null, ""teacher_checkpoint_path"": ""/data/achahe/alpasim/huggingface/hub/models--nvidia--Alpamayo-1.5-10B-A1-format"", ""vlm_name_or_path"": ""/data/achahe/alpasim/huggingface/hub/Cosmos-Reason2-2B""}",alpamayo1_5_distill.models.stitched_model.StitchedAlpamayoR1.from_stitch,/home/achahe/alpamayo-recipes/recipes/alpamayo1_5_distill/outputs/2026-08-21/23-36-47/.hydra/config.yaml,/data/achahe/alpamayo-recipes/recipes/alpamayo1_5_distill/training/stitch_2b_block2bspan_e3_checkpoint-3597_cam13.log,
/data/achahe/alpamayo-recipes/recipes/alpamayo1_5_distill/training/stitch_2b_block2bspan_e4_checkpoint-4796_cam13.json,1000,1000,0,f95d4401b398e6f65b388822bc500b0d2c7454d9e700512f789b6299ce7e7da4,5.15498846675083,2.376004780013114,included,/data/achahe/alpamayo-recipes/recipes/alpamayo1_5_distill/training/output_kd_2b_block2bspan_e4_lcdrive,output_kd_2b_block2bspan_e4_lcdrive,/data/achahe/alpamayo-recipes/recipes/alpamayo1_5_distill/training/output_kd_2b_block2bspan_e4_lcdrive/checkpoint-4796,True,4.0,action expert,10 (default; verify),alpamayo1_5_distill.data.camera_subset.CameraSubsetPAIDataset,/data/datasets/physical_ai_av/,/data/datasets/physical_ai_av/lcdrive_physicalai_av_manifests/lcdrive_val_mysubset_1k_clip_uuids.txt,,0-3146,"[1, 3]",default keyframe,False,True,True,/data/achahe/alpasim/huggingface/hub/models--nvidia--Alpamayo-1.5-10B-A1-format,"{""_target_"": ""alpamayo1_5_distill.models.stitched_model.StitchedAlpamayoR1.from_stitch"", ""alpamayo_config_path"": ""/data/achahe/alpasim/huggingface/hub/models--nvidia--Alpamayo-1.5-10B-A1-format"", ""attn_implementation"": ""sdpa"", ""checkpoint_path"": null, ""teacher_checkpoint_path"": ""/data/achahe/alpasim/huggingface/hub/models--nvidia--Alpamayo-1.5-10B-A1-format"", ""vlm_name_or_path"": ""/data/achahe/alpasim/huggingface/hub/Cosmos-Reason2-2B""}",alpamayo1_5_distill.models.stitched_model.StitchedAlpamayoR1.from_stitch,/home/achahe/alpamayo-recipes/recipes/alpamayo1_5_distill/outputs/2026-08-22/15-20-23/.hydra/config.yaml,/data/achahe/alpamayo-recipes/recipes/alpamayo1_5_distill/training/stitch_2b_block2bspan_e4_checkpoint-4796_cam13.log,
/data/achahe/alpamayo-recipes/recipes/alpamayo1_5_distill/training/stitch_2b_eos_ROLLOUT_subset.json,240,240,0,176cbc591c0b07fc2ba200e414d7aed05af881e02c16c53db591415afa7c791b,4.0069945436504595,2.560913587419297,included,/data/achahe/alpamayo-recipes/recipes/alpamayo1_5_distill/training/output_eos_2b_lcdrive,output_eos_2b_lcdrive,/data/achahe/alpamayo-recipes/recipes/alpamayo1_5_distill/training/output_eos_2b_lcdrive/checkpoint-1598,True,1.0,action expert,10 (default; verify),alpamayo.data.pai.PAIDataset,/data/datasets/physical_ai_av/,/data/datasets/physical_ai_av/lcdrive_physicalai_av_manifests/lcdrive_val_mysubset_1k_clip_uuids.txt,,0-3146,"[0, 1, 2, 3]",default keyframe,False,True,True,/data/achahe/alpamayo-recipes/recipes/alpamayo1_5_distill/training/output_eos_2b_lcdrive/checkpoint-1598,"{""_target_"": ""alpamayo1_5_distill.models.stitched_model.StitchedAlpamayoR1.from_stitch"", ""alpamayo_config_path"": ""/data/achahe/alpasim/huggingface/hub/models--nvidia--Alpamayo-1.5-10B-A1-format"", ""attn_implementation"": ""sdpa"", ""checkpoint_path"": null, ""teacher_checkpoint_path"": ""/data/achahe/alpamayo-recipes/recipes/alpamayo1_5_distill/training/output_eos_2b_lcdrive/checkpoint-1598"", ""vlm_name_or_path"": ""/data/achahe/alpasim/huggingface/hub/Cosmos-Reason2-2B""}",alpamayo1_5_distill.models.stitched_model.StitchedAlpamayoR1.from_stitch,/home/achahe/alpamayo-recipes/recipes/alpamayo1_5_distill/outputs/2026-08-19/14-35-23/.hydra/config.yaml,/data/achahe/alpamayo-recipes/recipes/alpamayo1_5_distill/training/stitch_2b_eos_ROLLOUT_subset.log,
/data/achahe/alpamayo-recipes/recipes/alpamayo1_5_distill/training/stitch_2b_eos_checkpoint-1598.json,1000,1000,0,f95d4401b398e6f65b388822bc500b0d2c7454d9e700512f789b6299ce7e7da4,3.8103387648167555,2.3668412214324346,included,/data/achahe/alpamayo-recipes/recipes/alpamayo1_5_distill/training/output_eos_2b_lcdrive,output_eos_2b_lcdrive,/data/achahe/alpamayo-recipes/recipes/alpamayo1_5_distill/training/output_eos_2b_lcdrive/checkpoint-1598,True,1.0,action expert,10 (default; verify),alpamayo.data.pai.PAIDataset,/data/datasets/physical_ai_av/,/data/datasets/physical_ai_av/lcdrive_physicalai_av_manifests/lcdrive_val_mysubset_1k_clip_uuids.txt,,0-3146,"[0, 1, 2, 3]",default keyframe,False,True,True,/data/achahe/alpamayo-recipes/recipes/alpamayo1_5_distill/training/output_eos_2b_lcdrive/checkpoint-1598,"{""_target_"": ""alpamayo1_5_distill.models.stitched_model.StitchedAlpamayoR1.from_stitch"", ""alpamayo_config_path"": ""/data/achahe/alpasim/huggingface/hub/models--nvidia--Alpamayo-1.5-10B-A1-format"", ""attn_implementation"": ""sdpa"", ""checkpoint_path"": null, ""teacher_checkpoint_path"": ""/data/achahe/alpamayo-recipes/recipes/alpamayo1_5_distill/training/output_eos_2b_lcdrive/checkpoint-1598"", ""vlm_name_or_path"": ""/data/achahe/alpasim/huggingface/hub/Cosmos-Reason2-2B""}",alpamayo1_5_distill.models.stitched_model.StitchedAlpamayoR1.from_stitch,/home/achahe/alpamayo-recipes/recipes/alpamayo1_5_distill/outputs/2026-08-19/12-44-53/.hydra/config.yaml,/data/achahe/alpamayo-recipes/recipes/alpamayo1_5_distill/training/stitch_2b_eos_checkpoint-1598.log,
/data/achahe/alpamayo-recipes/recipes/alpamayo1_5_distill/training/stitch_2b_field2b_checkpoint-1199_cam13.json,1000,1000,0,f95d4401b398e6f65b388822bc500b0d2c7454d9e700512f789b6299ce7e7da4,27.378330990865827,22.06369967453182,included,/data/achahe/alpamayo-recipes/recipes/alpamayo1_5_distill/training/output_kd_2b_field2b_lcdrive,output_kd_2b_field2b_lcdrive,/data/achahe/alpamayo-recipes/recipes/alpamayo1_5_distill/training/output_kd_2b_field2b_lcdrive/checkpoint-1199,True,1.0,action expert,10 (default; verify),alpamayo1_5_distill.data.camera_subset.CameraSubsetPAIDataset,/data/datasets/physical_ai_av/,/data/datasets/physical_ai_av/lcdrive_physicalai_av_manifests/lcdrive_val_mysubset_1k_clip_uuids.txt,,0-3146,"[1, 3]",default keyframe,False,True,True,/data/achahe/alpasim/huggingface/hub/models--nvidia--Alpamayo-1.5-10B-A1-format,"{""_target_"": ""alpamayo1_5_distill.models.stitched_model.StitchedAlpamayoR1.from_stitch"", ""alpamayo_config_path"": ""/data/achahe/alpasim/huggingface/hub/models--nvidia--Alpamayo-1.5-10B-A1-format"", ""attn_implementation"": ""sdpa"", ""checkpoint_path"": null, ""teacher_checkpoint_path"": ""/data/achahe/alpasim/huggingface/hub/models--nvidia--Alpamayo-1.5-10B-A1-format"", ""vlm_name_or_path"": ""/data/achahe/alpasim/huggingface/hub/Cosmos-Reason2-2B""}",alpamayo1_5_distill.models.stitched_model.StitchedAlpamayoR1.from_stitch,/home/achahe/alpamayo-recipes/recipes/alpamayo1_5_distill/outputs/2026-08-23/21-22-45/.hydra/config.yaml,/data/achahe/alpamayo-recipes/recipes/alpamayo1_5_distill/training/stitch_2b_field2b_checkpoint-1199_cam13.log,
/data/achahe/alpamayo-recipes/recipes/alpamayo1_5_distill/training/stitch_2b_mix2bnav_m9w1.0_checkpoint-1563_cam13_nav.json,1000,1000,0,f95d4401b398e6f65b388822bc500b0d2c7454d9e700512f789b6299ce7e7da4,3.5414846597760916,1.7422692652577534,included,/data/achahe/alpamayo-recipes/recipes/alpamayo1_5_distill/training/output_kd_2b_mix2bnav_m9w1.0_lcdrive,output_kd_2b_mix2bnav_m9w1.0_lcdrive,/data/achahe/alpamayo-recipes/recipes/alpamayo1_5_distill/training/output_kd_2b_mix2bnav_m9w1.0_lcdrive/checkpoint-1563,True,1.0,action expert,10 (default; verify),alpamayo1_5_distill.data.camera_subset.CameraSubsetPAIDataset,/data/datasets/physical_ai_av/,/data/datasets/physical_ai_av/lcdrive_physicalai_av_manifests/lcdrive_val_mysubset_1k_clip_uuids.txt,/data/datasets/physical_ai_av/lcdrive_physicalai_av_manifests/nav_lcdrive_val_mysubset_1k.json,0-3146,"[1, 3]",annotation anchored,True,True,True,/data/achahe/alpasim/huggingface/hub/models--nvidia--Alpamayo-1.5-10B-A1-format,"{""_target_"": ""alpamayo1_5_distill.models.stitched_model.StitchedAlpamayoR1.from_stitch"", ""alpamayo_config_path"": ""/data/achahe/alpasim/huggingface/hub/models--nvidia--Alpamayo-1.5-10B-A1-format"", ""attn_implementation"": ""sdpa"", ""checkpoint_path"": null, ""layer_mix"": true, ""layer_mix_blocks"": 4, ""layer_mix_expert_layers"": 36, ""layer_mix_gain"": false, ""layer_mix_sharpen"": 0.75, ""teacher_checkpoint_path"": ""/data/achahe/alpasim/huggingface/hub/models--nvidia--Alpamayo-1.5-10B-A1-format"", ""vlm_name_or_path"": ""/data/achahe/alpasim/huggingface/hub/Cosmos-Reason2-2B""}",alpamayo1_5_distill.models.stitched_model.StitchedAlpamayoR1.from_stitch,/home/achahe/alpamayo-recipes/recipes/alpamayo1_5_distill/outputs/2026-09-04/01-27-48/.hydra/config.yaml,/data/achahe/alpamayo-recipes/recipes/alpamayo1_5_distill/training/stitch_2b_mix2bnav_m9w1.0_checkpoint-1563_cam13_nav.log,
/data/achahe/alpamayo-recipes/recipes/alpamayo1_5_distill/training/stitch_2b_mix2bnav_m9w1.0_checkpoint-3126_cam13_nav.json,1000,1000,0,f95d4401b398e6f65b388822bc500b0d2c7454d9e700512f789b6299ce7e7da4,3.1652570542600005,1.4190700349055696,included,/data/achahe/alpamayo-recipes/recipes/alpamayo1_5_distill/training/output_kd_2b_mix2bnav_m9w1.0_lcdrive,output_kd_2b_mix2bnav_m9w1.0_lcdrive,/data/achahe/alpamayo-recipes/recipes/alpamayo1_5_distill/training/output_kd_2b_mix2bnav_m9w1.0_lcdrive/checkpoint-3126,True,2.0,action expert,10 (default; verify),alpamayo1_5_distill.data.camera_subset.CameraSubsetPAIDataset,/data/datasets/physical_ai_av/,/data/datasets/physical_ai_av/lcdrive_physicalai_av_manifests/lcdrive_val_mysubset_1k_clip_uuids.txt,/data/datasets/physical_ai_av/lcdrive_physicalai_av_manifests/nav_lcdrive_val_mysubset_1k.json,0-3146,"[1, 3]",annotation anchored,True,True,True,,{},,,/data/achahe/alpamayo-recipes/recipes/alpamayo1_5_distill/training/stitch_2b_mix2bnav_m9w1.0_checkpoint-3126_cam13_nav.log,No matching Hydra config; log metadata used
/data/achahe/alpamayo-recipes/recipes/alpamayo1_5_distill/training/stitch_2b_mix2bnav_m9w1.0_checkpoint-4689_cam13_nav.json,1000,1000,0,f95d4401b398e6f65b388822bc500b0d2c7454d9e700512f789b6299ce7e7da4,2.7464148462917657,1.1965384992270265,included,/data/achahe/alpamayo-recipes/recipes/alpamayo1_5_distill/training/output_kd_2b_mix2bnav_m9w1.0_lcdrive,output_kd_2b_mix2bnav_m9w1.0_lcdrive,/data/achahe/alpamayo-recipes/recipes/alpamayo1_5_distill/training/output_kd_2b_mix2bnav_m9w1.0_lcdrive/checkpoint-4689,True,3.0,action expert,10 (default; verify),alpamayo1_5_distill.data.camera_subset.CameraSubsetPAIDataset,/data/datasets/physical_ai_av/,/data/datasets/physical_ai_av/lcdrive_physicalai_av_manifests/lcdrive_val_mysubset_1k_clip_uuids.txt,/data/datasets/physical_ai_av/lcdrive_physicalai_av_manifests/nav_lcdrive_val_mysubset_1k.json,0-3146,"[1, 3]",annotation anchored,True,True,True,/data/achahe/alpasim/huggingface/hub/models--nvidia--Alpamayo-1.5-10B-A1-format,"{""_target_"": ""alpamayo1_5_distill.models.stitched_model.StitchedAlpamayoR1.from_stitch"", ""alpamayo_config_path"": ""/data/achahe/alpasim/huggingface/hub/models--nvidia--Alpamayo-1.5-10B-A1-format"", ""attn_implementation"": ""sdpa"", ""checkpoint_path"": null, ""layer_mix"": true, ""layer_mix_blocks"": 4, ""layer_mix_expert_layers"": 36, ""layer_mix_gain"": false, ""layer_mix_sharpen"": 0.75, ""teacher_checkpoint_path"": ""/data/achahe/alpasim/huggingface/hub/models--nvidia--Alpamayo-1.5-10B-A1-format"", ""vlm_name_or_path"": ""/data/achahe/alpasim/huggingface/hub/Cosmos-Reason2-2B""}",alpamayo1_5_distill.models.stitched_model.StitchedAlpamayoR1.from_stitch,/home/achahe/alpamayo-recipes/recipes/alpamayo1_5_distill/outputs/2026-09-04/08-34-57/.hydra/config.yaml,/data/achahe/alpamayo-recipes/recipes/alpamayo1_5_distill/training/stitch_2b_mix2bnav_m9w1.0_checkpoint-4689_cam13_nav.log,
/data/achahe/alpamayo-recipes/recipes/alpamayo1_5_distill/training/stitch_2b_mix2bnav_m9w1.0_checkpoint-6252_cam13_nav.json,1000,1000,0,f95d4401b398e6f65b388822bc500b0d2c7454d9e700512f789b6299ce7e7da4,2.5888360825516283,1.171858867837116,included,/data/achahe/alpamayo-recipes/recipes/alpamayo1_5_distill/training/output_kd_2b_mix2bnav_m9w1.0_lcdrive,output_kd_2b_mix2bnav_m9w1.0_lcdrive,/data/achahe/alpamayo-recipes/recipes/alpamayo1_5_distill/training/output_kd_2b_mix2bnav_m9w1.0_lcdrive/checkpoint-6252,True,4.0,action expert,10 (default; verify),alpamayo1_5_distill.data.camera_subset.CameraSubsetPAIDataset,/data/datasets/physical_ai_av/,/data/datasets/physical_ai_av/lcdrive_physicalai_av_manifests/lcdrive_val_mysubset_1k_clip_uuids.txt,/data/datasets/physical_ai_av/lcdrive_physicalai_av_manifests/nav_lcdrive_val_mysubset_1k.json,0-3146,"[1, 3]",annotation anchored,True,True,True,/data/achahe/alpasim/huggingface/hub/models--nvidia--Alpamayo-1.5-10B-A1-format,"{""_target_"": ""alpamayo1_5_distill.models.stitched_model.StitchedAlpamayoR1.from_stitch"", ""alpamayo_config_path"": ""/data/achahe/alpasim/huggingface/hub/models--nvidia--Alpamayo-1.5-10B-A1-format"", ""attn_implementation"": ""sdpa"", ""checkpoint_path"": null, ""layer_mix"": true, ""layer_mix_blocks"": 4, ""layer_mix_expert_layers"": 36, ""layer_mix_gain"": false, ""layer_mix_sharpen"": 0.75, ""teacher_checkpoint_path"": ""/data/achahe/alpasim/huggingface/hub/models--nvidia--Alpamayo-1.5-10B-A1-format"", ""vlm_name_or_path"": ""/data/achahe/alpasim/huggingface/hub/Cosmos-Reason2-2B""}",alpamayo1_5_distill.models.stitched_model.StitchedAlpamayoR1.from_stitch,/home/achahe/alpamayo-recipes/recipes/alpamayo1_5_distill/outputs/2026-09-04/09-31-35/.hydra/config.yaml,/data/achahe/alpamayo-recipes/recipes/alpamayo1_5_distill/training/stitch_2b_mix2bnav_m9w1.0_checkpoint-6252_cam13_nav.log,
/data/achahe/alpamayo-recipes/recipes/alpamayo1_5_distill/training/stitch_2b_mix2bnav_m9w1.0_checkpoint-7815_cam13_nav.json,1000,1000,0,f95d4401b398e6f65b388822bc500b0d2c7454d9e700512f789b6299ce7e7da4,2.4965323809003457,1.066238973543048,included,/data/achahe/alpamayo-recipes/recipes/alpamayo1_5_distill/training/output_kd_2b_mix2bnav_m9w1.0_lcdrive,output_kd_2b_mix2bnav_m9w1.0_lcdrive,/data/achahe/alpamayo-recipes/recipes/alpamayo1_5_distill/training/output_kd_2b_mix2bnav_m9w1.0_lcdrive/checkpoint-7815,True,5.0,action expert,10 (default; verify),alpamayo1_5_distill.data.camera_subset.CameraSubsetPAIDataset,/data/datasets/physical_ai_av/,/data/datasets/physical_ai_av/lcdrive_physicalai_av_manifests/lcdrive_val_mysubset_1k_clip_uuids.txt,/data/datasets/physical_ai_av/lcdrive_physicalai_av_manifests/nav_lcdrive_val_mysubset_1k.json,0-3146,"[1, 3]",annotation anchored,True,True,True,/data/achahe/alpasim/huggingface/hub/models--nvidia--Alpamayo-1.5-10B-A1-format,"{""_target_"": ""alpamayo1_5_distill.models.stitched_model.StitchedAlpamayoR1.from_stitch"", ""alpamayo_config_path"": ""/data/achahe/alpasim/huggingface/hub/models--nvidia--Alpamayo-1.5-10B-A1-format"", ""attn_implementation"": ""sdpa"", ""checkpoint_path"": null, ""layer_mix"": true, ""layer_mix_blocks"": 4, ""layer_mix_expert_layers"": 36, ""layer_mix_gain"": false, ""layer_mix_sharpen"": 0.75, ""teacher_checkpoint_path"": ""/data/achahe/alpasim/huggingface/hub/models--nvidia--Alpamayo-1.5-10B-A1-format"", ""vlm_name_or_path"": ""/data/achahe/alpasim/huggingface/hub/Cosmos-Reason2-2B""}",alpamayo1_5_distill.models.stitched_model.StitchedAlpamayoR1.from_stitch,/home/achahe/alpamayo-recipes/recipes/alpamayo1_5_distill/outputs/2026-09-04/12-32-16/.hydra/config.yaml,/data/achahe/alpamayo-recipes/recipes/alpamayo1_5_distill/training/stitch_2b_mix2bnav_m9w1.0_checkpoint-7815_cam13_nav.log,
/data/achahe/alpamayo-recipes/recipes/alpamayo1_5_distill/training/stitch_2b_mix2bnav_m9w1.0_plr100.0_checkpoint-1563_cam13_nav.json,1000,1000,0,f95d4401b398e6f65b388822bc500b0d2c7454d9e700512f789b6299ce7e7da4,3.56870305654034,1.7812872549500316,included,/data/achahe/alpamayo-recipes/recipes/alpamayo1_5_distill/training/output_kd_2b_mix2bnav_m9w1.0_plr100.0_lcdrive,output_kd_2b_mix2bnav_m9w1.0_plr100.0_lcdrive,/data/achahe/alpamayo-recipes/recipes/alpamayo1_5_distill/training/output_kd_2b_mix2bnav_m9w1.0_plr100.0_lcdrive/checkpoint-1563,True,1.0,action expert,10 (default; verify),alpamayo1_5_distill.data.camera_subset.CameraSubsetPAIDataset,/data/datasets/physical_ai_av/,/data/datasets/physical_ai_av/lcdrive_physicalai_av_manifests/lcdrive_val_mysubset_1k_clip_uuids.txt,/data/datasets/physical_ai_av/lcdrive_physicalai_av_manifests/nav_lcdrive_val_mysubset_1k.json,0-3146,"[1, 3]",annotation anchored,True,True,True,/data/achahe/alpasim/huggingface/hub/models--nvidia--Alpamayo-1.5-10B-A1-format,"{""_target_"": ""alpamayo1_5_distill.models.stitched_model.StitchedAlpamayoR1.from_stitch"", ""alpamayo_config_path"": ""/data/achahe/alpasim/huggingface/hub/models--nvidia--Alpamayo-1.5-10B-A1-format"", ""attn_implementation"": ""sdpa"", ""checkpoint_path"": null, ""layer_mix"": true, ""layer_mix_blocks"": 4, ""layer_mix_expert_layers"": 36, ""layer_mix_gain"": false, ""layer_mix_sharpen"": 0.75, ""teacher_checkpoint_path"": ""/data/achahe/alpasim/huggingface/hub/models--nvidia--Alpamayo-1.5-10B-A1-format"", ""vlm_name_or_path"": ""/data/achahe/alpasim/huggingface/hub/Cosmos-Reason2-2B""}",alpamayo1_5_distill.models.stitched_model.StitchedAlpamayoR1.from_stitch,/home/achahe/alpamayo-recipes/recipes/alpamayo1_5_distill/outputs/2026-09-04/15-52-31/.hydra/config.yaml,/data/achahe/alpamayo-recipes/recipes/alpamayo1_5_distill/training/stitch_2b_mix2bnav_m9w1.0_plr100.0_checkpoint-1563_cam13_nav.log,
/data/achahe/alpamayo-recipes/recipes/alpamayo1_5_distill/training/stitch_2b_mix2bnav_m9w1.0_plr100.0_checkpoint-3126_cam13_nav.json,1000,1000,0,f95d4401b398e6f65b388822bc500b0d2c7454d9e700512f789b6299ce7e7da4,3.23964542160742,1.4542676637656986,included,/data/achahe/alpamayo-recipes/recipes/alpamayo1_5_distill/training/output_kd_2b_mix2bnav_m9w1.0_plr100.0_lcdrive,output_kd_2b_mix2bnav_m9w1.0_plr100.0_lcdrive,/data/achahe/alpamayo-recipes/recipes/alpamayo1_5_distill/training/output_kd_2b_mix2bnav_m9w1.0_plr100.0_lcdrive/checkpoint-3126,True,2.0,action expert,10 (default; verify),alpamayo1_5_distill.data.camera_subset.CameraSubsetPAIDataset,/data/datasets/physical_ai_av/,/data/datasets/physical_ai_av/lcdrive_physicalai_av_manifests/lcdrive_val_mysubset_1k_clip_uuids.txt,/data/datasets/physical_ai_av/lcdrive_physicalai_av_manifests/nav_lcdrive_val_mysubset_1k.json,0-3146,"[1, 3]",annotation anchored,True,True,True,,{},,,/data/achahe/alpamayo-recipes/recipes/alpamayo1_5_distill/training/stitch_2b_mix2bnav_m9w1.0_plr100.0_checkpoint-3126_cam13_nav.log,No matching Hydra config; log metadata used
/data/achahe/alpamayo-recipes/recipes/alpamayo1_5_distill/training/stitch_2b_mix2bnav_m9w1.0_plr100.0_checkpoint-4689_cam13_nav.json,1000,1000,0,f95d4401b398e6f65b388822bc500b0d2c7454d9e700512f789b6299ce7e7da4,2.8419268462192266,1.2289409459261225,included,/data/achahe/alpamayo-recipes/recipes/alpamayo1_5_distill/training/output_kd_2b_mix2bnav_m9w1.0_plr100.0_lcdrive,output_kd_2b_mix2bnav_m9w1.0_plr100.0_lcdrive,/data/achahe/alpamayo-recipes/recipes/alpamayo1_5_distill/training/output_kd_2b_mix2bnav_m9w1.0_plr100.0_lcdrive/checkpoint-4689,True,3.0,action expert,10 (default; verify),alpamayo1_5_distill.data.camera_subset.CameraSubsetPAIDataset,/data/datasets/physical_ai_av/,/data/datasets/physical_ai_av/lcdrive_physicalai_av_manifests/lcdrive_val_mysubset_1k_clip_uuids.txt,/data/datasets/physical_ai_av/lcdrive_physicalai_av_manifests/nav_lcdrive_val_mysubset_1k.json,0-3146,"[1, 3]",annotation anchored,True,True,True,/data/achahe/alpasim/huggingface/hub/models--nvidia--Alpamayo-1.5-10B-A1-format,"{""_target_"": ""alpamayo1_5_distill.models.stitched_model.StitchedAlpamayoR1.from_stitch"", ""alpamayo_config_path"": ""/data/achahe/alpasim/huggingface/hub/models--nvidia--Alpamayo-1.5-10B-A1-format"", ""attn_implementation"": ""sdpa"", ""checkpoint_path"": null, ""layer_mix"": true, ""layer_mix_blocks"": 4, ""layer_mix_expert_layers"": 36, ""layer_mix_gain"": false, ""layer_mix_sharpen"": 0.75, ""teacher_checkpoint_path"": ""/data/achahe/alpasim/huggingface/hub/models--nvidia--Alpamayo-1.5-10B-A1-format"", ""vlm_name_or_path"": ""/data/achahe/alpasim/huggingface/hub/Cosmos-Reason2-2B""}",alpamayo1_5_distill.models.stitched_model.StitchedAlpamayoR1.from_stitch,/home/achahe/alpamayo-recipes/recipes/alpamayo1_5_distill/outputs/2026-09-04/21-25-13/.hydra/config.yaml,/data/achahe/alpamayo-recipes/recipes/alpamayo1_5_distill/training/stitch_2b_mix2bnav_m9w1.0_plr100.0_checkpoint-4689_cam13_nav.log,
/data/achahe/alpamayo-recipes/recipes/alpamayo1_5_distill/training/stitch_2b_mix2bnav_m9w1.0_plr100.0_checkpoint-6252_cam13_nav.json,1000,1000,0,f95d4401b398e6f65b388822bc500b0d2c7454d9e700512f789b6299ce7e7da4,2.648400446347892,1.1830111541490769,included,/data/achahe/alpamayo-recipes/recipes/alpamayo1_5_distill/training/output_kd_2b_mix2bnav_m9w1.0_plr100.0_lcdrive,output_kd_2b_mix2bnav_m9w1.0_plr100.0_lcdrive,/data/achahe/alpamayo-recipes/recipes/alpamayo1_5_distill/training/output_kd_2b_mix2bnav_m9w1.0_plr100.0_lcdrive/checkpoint-6252,True,4.0,action expert,10 (default; verify),alpamayo1_5_distill.data.camera_subset.CameraSubsetPAIDataset,/data/datasets/physical_ai_av/,/data/datasets/physical_ai_av/lcdrive_physicalai_av_manifests/lcdrive_val_mysubset_1k_clip_uuids.txt,/data/datasets/physical_ai_av/lcdrive_physicalai_av_manifests/nav_lcdrive_val_mysubset_1k.json,0-3146,"[1, 3]",annotation anchored,True,True,True,/data/achahe/alpasim/huggingface/hub/models--nvidia--Alpamayo-1.5-10B-A1-format,"{""_target_"": ""alpamayo1_5_distill.models.stitched_model.StitchedAlpamayoR1.from_stitch"", ""alpamayo_config_path"": ""/data/achahe/alpasim/huggingface/hub/models--nvidia--Alpamayo-1.5-10B-A1-format"", ""attn_implementation"": ""sdpa"", ""checkpoint_path"": null, ""layer_mix"": true, ""layer_mix_blocks"": 4, ""layer_mix_expert_layers"": 36, ""layer_mix_gain"": false, ""layer_mix_sharpen"": 0.75, ""teacher_checkpoint_path"": ""/data/achahe/alpasim/huggingface/hub/models--nvidia--Alpamayo-1.5-10B-A1-format"", ""vlm_name_or_path"": ""/data/achahe/alpasim/huggingface/hub/Cosmos-Reason2-2B""}",alpamayo1_5_distill.models.stitched_model.StitchedAlpamayoR1.from_stitch,/home/achahe/alpamayo-recipes/recipes/alpamayo1_5_distill/outputs/2026-09-05/06-29-17/.hydra/config.yaml,/data/achahe/alpamayo-recipes/recipes/alpamayo1_5_distill/training/stitch_2b_mix2bnav_m9w1.0_plr100.0_checkpoint-6252_cam13_nav.log,
/data/achahe/alpamayo-recipes/recipes/alpamayo1_5_distill/training/stitch_2b_mix2bnav_m9w1.0_plr100.0_checkpoint-7815_cam13_nav.json,1000,1000,0,f95d4401b398e6f65b388822bc500b0d2c7454d9e700512f789b6299ce7e7da4,2.5355376404821874,1.0903749087352772,included,/data/achahe/alpamayo-recipes/recipes/alpamayo1_5_distill/training/output_kd_2b_mix2bnav_m9w1.0_plr100.0_lcdrive,output_kd_2b_mix2bnav_m9w1.0_plr100.0_lcdrive,/data/achahe/alpamayo-recipes/recipes/alpamayo1_5_distill/training/output_kd_2b_mix2bnav_m9w1.0_plr100.0_lcdrive/checkpoint-7815,True,5.0,action expert,10 (default; verify),alpamayo1_5_distill.data.camera_subset.CameraSubsetPAIDataset,/data/datasets/physical_ai_av/,/data/datasets/physical_ai_av/lcdrive_physicalai_av_manifests/lcdrive_val_mysubset_1k_clip_uuids.txt,/data/datasets/physical_ai_av/lcdrive_physicalai_av_manifests/nav_lcdrive_val_mysubset_1k.json,0-3146,"[1, 3]",annotation anchored,True,True,True,/data/achahe/alpasim/huggingface/hub/models--nvidia--Alpamayo-1.5-10B-A1-format,"{""_target_"": ""alpamayo1_5_distill.models.stitched_model.StitchedAlpamayoR1.from_stitch"", ""alpamayo_config_path"": ""/data/achahe/alpasim/huggingface/hub/models--nvidia--Alpamayo-1.5-10B-A1-format"", ""attn_implementation"": ""sdpa"", ""checkpoint_path"": null, ""layer_mix"": true, ""layer_mix_blocks"": 4, ""layer_mix_expert_layers"": 36, ""layer_mix_gain"": false, ""layer_mix_sharpen"": 0.75, ""teacher_checkpoint_path"": ""/data/achahe/alpasim/huggingface/hub/models--nvidia--Alpamayo-1.5-10B-A1-format"", ""vlm_name_or_path"": ""/data/achahe/alpasim/huggingface/hub/Cosmos-Reason2-2B""}",alpamayo1_5_distill.models.stitched_model.StitchedAlpamayoR1.from_stitch,/home/achahe/alpamayo-recipes/recipes/alpamayo1_5_distill/outputs/2026-09-05/06-29-16/.hydra/config.yaml,/data/achahe/alpamayo-recipes/recipes/alpamayo1_5_distill/training/stitch_2b_mix2bnav_m9w1.0_plr100.0_checkpoint-7815_cam13_nav.log,
/data/achahe/alpamayo-recipes/recipes/alpamayo1_5_distill/training/stitch_2b_mixpin2bnav_m9w1.0_plr100.0_checkpoint-1563_cam13_nav.json,1000,1000,0,f95d4401b398e6f65b388822bc500b0d2c7454d9e700512f789b6299ce7e7da4,3.671236033072695,1.8372665709080174,included,/data/achahe/alpamayo-recipes/recipes/alpamayo1_5_distill/training/output_kd_2b_mixpin2bnav_m9w1.0_plr100.0_lcdrive,output_kd_2b_mixpin2bnav_m9w1.0_plr100.0_lcdrive,/data/achahe/alpamayo-recipes/recipes/alpamayo1_5_distill/training/output_kd_2b_mixpin2bnav_m9w1.0_plr100.0_lcdrive/checkpoint-1563,True,1.0,action expert,10 (default; verify),alpamayo1_5_distill.data.camera_subset.CameraSubsetPAIDataset,/data/datasets/physical_ai_av/,/data/datasets/physical_ai_av/lcdrive_physicalai_av_manifests/lcdrive_val_mysubset_1k_clip_uuids.txt,/data/datasets/physical_ai_av/lcdrive_physicalai_av_manifests/nav_lcdrive_val_mysubset_1k.json,0-3146,"[1, 3]",annotation anchored,True,True,True,/data/achahe/alpasim/huggingface/hub/models--nvidia--Alpamayo-1.5-10B-A1-format,"{""_target_"": ""alpamayo1_5_distill.models.stitched_model.StitchedAlpamayoR1.from_stitch"", ""alpamayo_config_path"": ""/data/achahe/alpasim/huggingface/hub/models--nvidia--Alpamayo-1.5-10B-A1-format"", ""attn_implementation"": ""sdpa"", ""checkpoint_path"": null, ""layer_mix"": true, ""layer_mix_blocks"": 2, ""layer_mix_expert_layers"": 36, ""layer_mix_gain"": false, ""layer_mix_pin_head"": 4, ""layer_mix_pin_tail"": 2, ""layer_mix_sharpen"": 0.75, ""teacher_checkpoint_path"": ""/data/achahe/alpasim/huggingface/hub/models--nvidia--Alpamayo-1.5-10B-A1-format"", ""vlm_name_or_path"": ""/data/achahe/alpasim/huggingface/hub/Cosmos-Reason2-2B""}",alpamayo1_5_distill.models.stitched_model.StitchedAlpamayoR1.from_stitch,/home/achahe/alpamayo-recipes/recipes/alpamayo1_5_distill/outputs/2026-09-05/02-26-20/.hydra/config.yaml,/data/achahe/alpamayo-recipes/recipes/alpamayo1_5_distill/training/stitch_2b_mixpin2bnav_m9w1.0_plr100.0_checkpoint-1563_cam13_nav.log,
/data/achahe/alpamayo-recipes/recipes/alpamayo1_5_distill/training/stitch_2b_mixpin2bnav_m9w1.0_plr100.0_checkpoint-3126_cam13_nav.json,1000,1000,0,f95d4401b398e6f65b388822bc500b0d2c7454d9e700512f789b6299ce7e7da4,3.2081648085415364,1.458947609580122,included,/data/achahe/alpamayo-recipes/recipes/alpamayo1_5_distill/training/output_kd_2b_mixpin2bnav_m9w1.0_plr100.0_lcdrive,output_kd_2b_mixpin2bnav_m9w1.0_plr100.0_lcdrive,/data/achahe/alpamayo-recipes/recipes/alpamayo1_5_distill/training/output_kd_2b_mixpin2bnav_m9w1.0_plr100.0_lcdrive/checkpoint-3126,True,2.0,action expert,10 (default; verify),alpamayo1_5_distill.data.camera_subset.CameraSubsetPAIDataset,/data/datasets/physical_ai_av/,/data/datasets/physical_ai_av/lcdrive_physicalai_av_manifests/lcdrive_val_mysubset_1k_clip_uuids.txt,/data/datasets/physical_ai_av/lcdrive_physicalai_av_manifests/nav_lcdrive_val_mysubset_1k.json,0-3146,"[1, 3]",annotation anchored,True,True,True,/data/achahe/alpasim/huggingface/hub/models--nvidia--Alpamayo-1.5-10B-A1-format,"{""_target_"": ""alpamayo1_5_distill.models.stitched_model.StitchedAlpamayoR1.from_stitch"", ""alpamayo_config_path"": ""/data/achahe/alpasim/huggingface/hub/models--nvidia--Alpamayo-1.5-10B-A1-format"", ""attn_implementation"": ""sdpa"", ""checkpoint_path"": null, ""layer_mix"": true, ""layer_mix_blocks"": 2, ""layer_mix_expert_layers"": 36, ""layer_mix_gain"": false, ""layer_mix_pin_head"": 4, ""layer_mix_pin_tail"": 2, ""layer_mix_sharpen"": 0.75, ""teacher_checkpoint_path"": ""/data/achahe/alpasim/huggingface/hub/models--nvidia--Alpamayo-1.5-10B-A1-format"", ""vlm_name_or_path"": ""/data/achahe/alpasim/huggingface/hub/Cosmos-Reason2-2B""}",alpamayo1_5_distill.models.stitched_model.StitchedAlpamayoR1.from_stitch,/home/achahe/alpamayo-recipes/recipes/alpamayo1_5_distill/outputs/2026-09-05/04-09-40/.hydra/config.yaml,/data/achahe/alpamayo-recipes/recipes/alpamayo1_5_distill/training/stitch_2b_mixpin2bnav_m9w1.0_plr100.0_checkpoint-3126_cam13_nav.log,
/data/achahe/alpamayo-recipes/recipes/alpamayo1_5_distill/training/stitch_2b_mixpin2bnav_m9w1.0_plr100.0_checkpoint-4689_cam13_nav.json,1000,1000,0,f95d4401b398e6f65b388822bc500b0d2c7454d9e700512f789b6299ce7e7da4,2.865688814699184,1.2551891027614475,included,/data/achahe/alpamayo-recipes/recipes/alpamayo1_5_distill/training/output_kd_2b_mixpin2bnav_m9w1.0_plr100.0_lcdrive,output_kd_2b_mixpin2bnav_m9w1.0_plr100.0_lcdrive,/data/achahe/alpamayo-recipes/recipes/alpamayo1_5_distill/training/output_kd_2b_mixpin2bnav_m9w1.0_plr100.0_lcdrive/checkpoint-4689,True,3.0,action expert,10 (default; verify),alpamayo1_5_distill.data.camera_subset.CameraSubsetPAIDataset,/data/datasets/physical_ai_av/,/data/datasets/physical_ai_av/lcdrive_physicalai_av_manifests/lcdrive_val_mysubset_1k_clip_uuids.txt,/data/datasets/physical_ai_av/lcdrive_physicalai_av_manifests/nav_lcdrive_val_mysubset_1k.json,0-3146,"[1, 3]",annotation anchored,True,True,True,/data/achahe/alpasim/huggingface/hub/models--nvidia--Alpamayo-1.5-10B-A1-format,"{""_target_"": ""alpamayo1_5_distill.models.stitched_model.StitchedAlpamayoR1.from_stitch"", ""alpamayo_config_path"": ""/data/achahe/alpasim/huggingface/hub/models--nvidia--Alpamayo-1.5-10B-A1-format"", ""attn_implementation"": ""sdpa"", ""checkpoint_path"": null, ""layer_mix"": true, ""layer_mix_blocks"": 2, ""layer_mix_expert_layers"": 36, ""layer_mix_gain"": false, ""layer_mix_pin_head"": 4, ""layer_mix_pin_tail"": 2, ""layer_mix_sharpen"": 0.75, ""teacher_checkpoint_path"": ""/data/achahe/alpasim/huggingface/hub/models--nvidia--Alpamayo-1.5-10B-A1-format"", ""vlm_name_or_path"": ""/data/achahe/alpasim/huggingface/hub/Cosmos-Reason2-2B""}",alpamayo1_5_distill.models.stitched_model.StitchedAlpamayoR1.from_stitch,/home/achahe/alpamayo-recipes/recipes/alpamayo1_5_distill/outputs/2026-09-05/06-52-57/.hydra/config.yaml,/data/achahe/alpamayo-recipes/recipes/alpamayo1_5_distill/training/stitch_2b_mixpin2bnav_m9w1.0_plr100.0_checkpoint-4689_cam13_nav.log,
/data/achahe/alpamayo-recipes/recipes/alpamayo1_5_distill/training/stitch_2b_mixpin2bnav_m9w1.0_plr100.0_checkpoint-6252_cam13_nav.json,1000,1000,0,f95d4401b398e6f65b388822bc500b0d2c7454d9e700512f789b6299ce7e7da4,2.6486792718071954,1.2018291277664248,included,/data/achahe/alpamayo-recipes/recipes/alpamayo1_5_distill/training/output_kd_2b_mixpin2bnav_m9w1.0_plr100.0_lcdrive,output_kd_2b_mixpin2bnav_m9w1.0_plr100.0_lcdrive,/data/achahe/alpamayo-recipes/recipes/alpamayo1_5_distill/training/output_kd_2b_mixpin2bnav_m9w1.0_plr100.0_lcdrive/checkpoint-6252,True,4.0,action expert,10 (default; verify),alpamayo1_5_distill.data.camera_subset.CameraSubsetPAIDataset,/data/datasets/physical_ai_av/,/data/datasets/physical_ai_av/lcdrive_physicalai_av_manifests/lcdrive_val_mysubset_1k_clip_uuids.txt,/data/datasets/physical_ai_av/lcdrive_physicalai_av_manifests/nav_lcdrive_val_mysubset_1k.json,0-3146,"[1, 3]",annotation anchored,True,True,True,/data/achahe/alpasim/huggingface/hub/models--nvidia--Alpamayo-1.5-10B-A1-format,"{""_target_"": ""alpamayo1_5_distill.models.stitched_model.StitchedAlpamayoR1.from_stitch"", ""alpamayo_config_path"": ""/data/achahe/alpasim/huggingface/hub/models--nvidia--Alpamayo-1.5-10B-A1-format"", ""attn_implementation"": ""sdpa"", ""checkpoint_path"": null, ""layer_mix"": true, ""layer_mix_blocks"": 2, ""layer_mix_expert_layers"": 36, ""layer_mix_gain"": false, ""layer_mix_pin_head"": 4, ""layer_mix_pin_tail"": 2, ""layer_mix_sharpen"": 0.75, ""teacher_checkpoint_path"": ""/data/achahe/alpasim/huggingface/hub/models--nvidia--Alpamayo-1.5-10B-A1-format"", ""vlm_name_or_path"": ""/data/achahe/alpasim/huggingface/hub/Cosmos-Reason2-2B""}",alpamayo1_5_distill.models.stitched_model.StitchedAlpamayoR1.from_stitch,/home/achahe/alpamayo-recipes/recipes/alpamayo1_5_distill/outputs/2026-09-05/22-02-04/.hydra/config.yaml,/data/achahe/alpamayo-recipes/recipes/alpamayo1_5_distill/training/stitch_2b_mixpin2bnav_m9w1.0_plr100.0_checkpoint-6252_cam13_nav.log,
/data/achahe/alpamayo-recipes/recipes/alpamayo1_5_distill/training/stitch_2b_mixpin2bnav_m9w1.0_plr100.0_checkpoint-7815_cam13_nav.json,1000,1000,0,f95d4401b398e6f65b388822bc500b0d2c7454d9e700512f789b6299ce7e7da4,2.5318860077131538,1.0922618153491057,included,/data/achahe/alpamayo-recipes/recipes/alpamayo1_5_distill/training/output_kd_2b_mixpin2bnav_m9w1.0_plr100.0_lcdrive,output_kd_2b_mixpin2bnav_m9w1.0_plr100.0_lcdrive,/data/achahe/alpamayo-recipes/recipes/alpamayo1_5_distill/training/output_kd_2b_mixpin2bnav_m9w1.0_plr100.0_lcdrive/checkpoint-7815,True,5.0,action expert,10 (default; verify),alpamayo1_5_distill.data.camera_subset.CameraSubsetPAIDataset,/data/datasets/physical_ai_av/,/data/datasets/physical_ai_av/lcdrive_physicalai_av_manifests/lcdrive_val_mysubset_1k_clip_uuids.txt,/data/datasets/physical_ai_av/lcdrive_physicalai_av_manifests/nav_lcdrive_val_mysubset_1k.json,0-3146,"[1, 3]",annotation anchored,True,True,True,,{},,,/data/achahe/alpamayo-recipes/recipes/alpamayo1_5_distill/training/stitch_2b_mixpin2bnav_m9w1.0_plr100.0_checkpoint-7815_cam13_nav.log,No matching Hydra config; log metadata used
/data/achahe/alpamayo-recipes/recipes/alpamayo1_5_distill/training/stitch_2b_nav2bmix_m7w1.0_checkpoint-7815_cam13.json,1000,1000,0,f95d4401b398e6f65b388822bc500b0d2c7454d9e700512f789b6299ce7e7da4,5.427471690066159,2.331004840230569,included,/data/achahe/alpamayo-recipes/recipes/alpamayo1_5_distill/training/output_kd_2b_nav2bmix_m7w1.0_lcdrive,output_kd_2b_nav2bmix_m7w1.0_lcdrive,/data/achahe/alpamayo-recipes/recipes/alpamayo1_5_distill/training/output_kd_2b_nav2bmix_m7w1.0_lcdrive/checkpoint-7815,True,5.0,action expert,10 (default; verify),alpamayo1_5_distill.data.camera_subset.CameraSubsetPAIDataset,/data/datasets/physical_ai_av/,/data/datasets/physical_ai_av/lcdrive_physicalai_av_manifests/lcdrive_val_mysubset_1k_clip_uuids.txt,,0-3146,"[1, 3]",default keyframe,False,True,True,/data/achahe/alpasim/huggingface/hub/models--nvidia--Alpamayo-1.5-10B-A1-format,"{""_target_"": ""alpamayo1_5_distill.models.stitched_model.StitchedAlpamayoR1.from_stitch"", ""alpamayo_config_path"": ""/data/achahe/alpasim/huggingface/hub/models--nvidia--Alpamayo-1.5-10B-A1-format"", ""attn_implementation"": ""sdpa"", ""checkpoint_path"": null, ""teacher_checkpoint_path"": ""/data/achahe/alpasim/huggingface/hub/models--nvidia--Alpamayo-1.5-10B-A1-format"", ""vlm_name_or_path"": ""/data/achahe/alpasim/huggingface/hub/Cosmos-Reason2-2B""}",alpamayo1_5_distill.models.stitched_model.StitchedAlpamayoR1.from_stitch,/home/achahe/alpamayo-recipes/recipes/alpamayo1_5_distill/outputs/2026-08-24/10-25-34/.hydra/config.yaml,/data/achahe/alpamayo-recipes/recipes/alpamayo1_5_distill/training/stitch_2b_nav2bmix_m7w1.0_checkpoint-7815_cam13.log,
/data/achahe/alpamayo-recipes/recipes/alpamayo1_5_distill/training/stitch_2b_nav2bmix_m7w1.0_checkpoint-7815_cam13_nav.json,1000,1000,0,f95d4401b398e6f65b388822bc500b0d2c7454d9e700512f789b6299ce7e7da4,5.208697957798838,2.6216019499003886,included,/data/achahe/alpamayo-recipes/recipes/alpamayo1_5_distill/training/output_kd_2b_nav2bmix_m7w1.0_lcdrive,output_kd_2b_nav2bmix_m7w1.0_lcdrive,/data/achahe/alpamayo-recipes/recipes/alpamayo1_5_distill/training/output_kd_2b_nav2bmix_m7w1.0_lcdrive/checkpoint-7815,True,5.0,action expert,10 (default; verify),alpamayo1_5_distill.data.camera_subset.CameraSubsetPAIDataset,/data/datasets/physical_ai_av/,/data/datasets/physical_ai_av/lcdrive_physicalai_av_manifests/lcdrive_val_mysubset_1k_clip_uuids.txt,/data/datasets/physical_ai_av/lcdrive_physicalai_av_manifests/nav_lcdrive_val_mysubset_1k.json,0-3146,"[1, 3]",annotation anchored,True,True,True,/data/achahe/alpasim/huggingface/hub/models--nvidia--Alpamayo-1.5-10B-A1-format,"{""_target_"": ""alpamayo1_5_distill.models.stitched_model.StitchedAlpamayoR1.from_stitch"", ""alpamayo_config_path"": ""/data/achahe/alpasim/huggingface/hub/models--nvidia--Alpamayo-1.5-10B-A1-format"", ""attn_implementation"": ""sdpa"", ""checkpoint_path"": null, ""teacher_checkpoint_path"": ""/data/achahe/alpasim/huggingface/hub/models--nvidia--Alpamayo-1.5-10B-A1-format"", ""vlm_name_or_path"": ""/data/achahe/alpasim/huggingface/hub/Cosmos-Reason2-2B""}",alpamayo1_5_distill.models.stitched_model.StitchedAlpamayoR1.from_stitch,/home/achahe/alpamayo-recipes/recipes/alpamayo1_5_distill/outputs/2026-08-24/11-01-42/.hydra/config.yaml,/data/achahe/alpamayo-recipes/recipes/alpamayo1_5_distill/training/stitch_2b_nav2bmix_m7w1.0_checkpoint-7815_cam13_nav.log,4 historical configs reference result; latest plus log used
/data/achahe/alpamayo-recipes/recipes/alpamayo1_5_distill/training/stitch_2b_nav2bmix_m7w1.0_checkpoint-7815_cam13_nonav.json,1000,1000,0,f95d4401b398e6f65b388822bc500b0d2c7454d9e700512f789b6299ce7e7da4,5.575708651155233,2.792706143666059,included,/data/achahe/alpamayo-recipes/recipes/alpamayo1_5_distill/training/output_kd_2b_nav2bmix_m7w1.0_lcdrive,output_kd_2b_nav2bmix_m7w1.0_lcdrive,/data/achahe/alpamayo-recipes/recipes/alpamayo1_5_distill/training/output_kd_2b_nav2bmix_m7w1.0_lcdrive/checkpoint-7815,True,5.0,action expert,10 (default; verify),alpamayo1_5_distill.data.camera_subset.CameraSubsetPAIDataset,/data/datasets/physical_ai_av/,/data/datasets/physical_ai_av/lcdrive_physicalai_av_manifests/lcdrive_val_mysubset_1k_clip_uuids.txt,/data/datasets/physical_ai_av/lcdrive_physicalai_av_manifests/nav_lcdrive_val_mysubset_1k_nonav.json,0-3146,"[1, 3]",annotation anchored,True,True,True,/data/achahe/alpasim/huggingface/hub/models--nvidia--Alpamayo-1.5-10B-A1-format,"{""_target_"": ""alpamayo1_5_distill.models.stitched_model.StitchedAlpamayoR1.from_stitch"", ""alpamayo_config_path"": ""/data/achahe/alpasim/huggingface/hub/models--nvidia--Alpamayo-1.5-10B-A1-format"", ""attn_implementation"": ""sdpa"", ""checkpoint_path"": null, ""teacher_checkpoint_path"": ""/data/achahe/alpasim/huggingface/hub/models--nvidia--Alpamayo-1.5-10B-A1-format"", ""vlm_name_or_path"": ""/data/achahe/alpasim/huggingface/hub/Cosmos-Reason2-2B""}",alpamayo1_5_distill.models.stitched_model.StitchedAlpamayoR1.from_stitch,/home/achahe/alpamayo-recipes/recipes/alpamayo1_5_distill/outputs/2026-08-24/11-02-46/.hydra/config.yaml,/data/achahe/alpamayo-recipes/recipes/alpamayo1_5_distill/training/stitch_2b_nav2bmix_m7w1.0_checkpoint-7815_cam13_nonav.log,
/data/achahe/alpamayo-recipes/recipes/alpamayo1_5_distill/training/stitch_2b_nav2bmix_m7w1.0_e5_clean_maskfix_checkpoint-1563_cam13_nav_trajnpz.json,1000,1000,0,f95d4401b398e6f65b388822bc500b0d2c7454d9e700512f789b6299ce7e7da4,4.069652546949684,1.936700821518898,included,/data/achahe/alpamayo-recipes/recipes/alpamayo1_5_distill/training/output_kd_2b_nav2bmix_m7w1.0_e5_clean_maskfix_lcdrive,output_kd_2b_nav2bmix_m7w1.0_e5_clean_maskfix_lcdrive,/data/achahe/alpamayo-recipes/recipes/alpamayo1_5_distill/training/output_kd_2b_nav2bmix_m7w1.0_e5_clean_maskfix_lcdrive/checkpoint-1563,True,1.0,action expert,10 (default; verify),alpamayo1_5_distill.data.camera_subset.CameraSubsetPAIDataset,/data/datasets/physical_ai_av/,/data/datasets/physical_ai_av/lcdrive_physicalai_av_manifests/lcdrive_val_mysubset_1k_clip_uuids.txt,/data/datasets/physical_ai_av/lcdrive_physicalai_av_manifests/nav_lcdrive_val_mysubset_1k.json,0-3146,"[1, 3]",annotation anchored,True,True,True,/data/achahe/alpasim/huggingface/hub/models--nvidia--Alpamayo-1.5-10B-A1-format,"{""_target_"": ""alpamayo1_5_distill.models.stitched_model.StitchedAlpamayoR1.from_stitch"", ""alpamayo_config_path"": ""/data/achahe/alpasim/huggingface/hub/models--nvidia--Alpamayo-1.5-10B-A1-format"", ""attn_implementation"": ""sdpa"", ""checkpoint_path"": null, ""teacher_checkpoint_path"": ""/data/achahe/alpasim/huggingface/hub/models--nvidia--Alpamayo-1.5-10B-A1-format"", ""vlm_name_or_path"": ""/data/achahe/alpasim/huggingface/hub/Cosmos-Reason2-2B""}",alpamayo1_5_distill.models.stitched_model.StitchedAlpamayoR1.from_stitch,/home/achahe/alpamayo-recipes/recipes/alpamayo1_5_distill/outputs/2026-08-26/17-44-23/.hydra/config.yaml,/data/achahe/alpamayo-recipes/recipes/alpamayo1_5_distill/training/stitch_2b_nav2bmix_m7w1.0_e5_clean_maskfix_checkpoint-1563_cam13_nav_trajnpz.log,
/data/achahe/alpamayo-recipes/recipes/alpamayo1_5_distill/training/stitch_2b_nav2bmix_m7w1.0_e5_clean_maskfix_checkpoint-3126_cam13_nav_trajnpz.json,1000,1000,0,f95d4401b398e6f65b388822bc500b0d2c7454d9e700512f789b6299ce7e7da4,4.281870140519924,2.1170968432901427,included,/data/achahe/alpamayo-recipes/recipes/alpamayo1_5_distill/training/output_kd_2b_nav2bmix_m7w1.0_e5_clean_maskfix_lcdrive,output_kd_2b_nav2bmix_m7w1.0_e5_clean_maskfix_lcdrive,/data/achahe/alpamayo-recipes/recipes/alpamayo1_5_distill/training/output_kd_2b_nav2bmix_m7w1.0_e5_clean_maskfix_lcdrive/checkpoint-3126,True,2.0,action expert,10 (default; verify),alpamayo1_5_distill.data.camera_subset.CameraSubsetPAIDataset,/data/datasets/physical_ai_av/,/data/datasets/physical_ai_av/lcdrive_physicalai_av_manifests/lcdrive_val_mysubset_1k_clip_uuids.txt,/data/datasets/physical_ai_av/lcdrive_physicalai_av_manifests/nav_lcdrive_val_mysubset_1k.json,0-3146,"[1, 3]",annotation anchored,True,True,True,/data/achahe/alpasim/huggingface/hub/models--nvidia--Alpamayo-1.5-10B-A1-format,"{""_target_"": ""alpamayo1_5_distill.models.stitched_model.StitchedAlpamayoR1.from_stitch"", ""alpamayo_config_path"": ""/data/achahe/alpasim/huggingface/hub/models--nvidia--Alpamayo-1.5-10B-A1-format"", ""attn_implementation"": ""sdpa"", ""checkpoint_path"": null, ""teacher_checkpoint_path"": ""/data/achahe/alpasim/huggingface/hub/models--nvidia--Alpamayo-1.5-10B-A1-format"", ""vlm_name_or_path"": ""/data/achahe/alpasim/huggingface/hub/Cosmos-Reason2-2B""}",alpamayo1_5_distill.models.stitched_model.StitchedAlpamayoR1.from_stitch,/home/achahe/alpamayo-recipes/recipes/alpamayo1_5_distill/outputs/2026-08-26/18-43-48/.hydra/config.yaml,/data/achahe/alpamayo-recipes/recipes/alpamayo1_5_distill/training/stitch_2b_nav2bmix_m7w1.0_e5_clean_maskfix_checkpoint-3126_cam13_nav_trajnpz.log,
/data/achahe/alpamayo-recipes/recipes/alpamayo1_5_distill/training/stitch_2b_nav2bmix_m7w1.0_e5_clean_maskfix_checkpoint-4689_cam13_nav.json,1000,1000,0,f95d4401b398e6f65b388822bc500b0d2c7454d9e700512f789b6299ce7e7da4,3.264865556307137,1.4621097362739965,included,/data/achahe/alpamayo-recipes/recipes/alpamayo1_5_distill/training/output_kd_2b_nav2bmix_m7w1.0_e5_clean_maskfix_lcdrive,output_kd_2b_nav2bmix_m7w1.0_e5_clean_maskfix_lcdrive,/data/achahe/alpamayo-recipes/recipes/alpamayo1_5_distill/training/output_kd_2b_nav2bmix_m7w1.0_e5_clean_maskfix_lcdrive/checkpoint-4689,True,3.0,action expert,10 (default; verify),alpamayo1_5_distill.data.camera_subset.CameraSubsetPAIDataset,/data/datasets/physical_ai_av/,/data/datasets/physical_ai_av/lcdrive_physicalai_av_manifests/lcdrive_val_mysubset_1k_clip_uuids.txt,/data/datasets/physical_ai_av/lcdrive_physicalai_av_manifests/nav_lcdrive_val_mysubset_1k.json,0-3146,"[1, 3]",annotation anchored,True,True,True,/data/achahe/alpasim/huggingface/hub/models--nvidia--Alpamayo-1.5-10B-A1-format,"{""_target_"": ""alpamayo1_5_distill.models.stitched_model.StitchedAlpamayoR1.from_stitch"", ""alpamayo_config_path"": ""/data/achahe/alpasim/huggingface/hub/models--nvidia--Alpamayo-1.5-10B-A1-format"", ""attn_implementation"": ""sdpa"", ""checkpoint_path"": null, ""teacher_checkpoint_path"": ""/data/achahe/alpasim/huggingface/hub/models--nvidia--Alpamayo-1.5-10B-A1-format"", ""vlm_name_or_path"": ""/data/achahe/alpasim/huggingface/hub/Cosmos-Reason2-2B""}",alpamayo1_5_distill.models.stitched_model.StitchedAlpamayoR1.from_stitch,/home/achahe/alpamayo-recipes/recipes/alpamayo1_5_distill/outputs/2026-08-26/09-56-41/.hydra/config.yaml,/data/achahe/alpamayo-recipes/recipes/alpamayo1_5_distill/training/stitch_2b_nav2bmix_m7w1.0_e5_clean_maskfix_checkpoint-4689_cam13_nav.log,
/data/achahe/alpamayo-recipes/recipes/alpamayo1_5_distill/training/stitch_2b_nav2bmix_m7w1.0_e5_clean_maskfix_checkpoint-4689_cam13_nav_trajnpz.json,1000,1000,0,f95d4401b398e6f65b388822bc500b0d2c7454d9e700512f789b6299ce7e7da4,3.264865556307137,1.4621097362739965,included,/data/achahe/alpamayo-recipes/recipes/alpamayo1_5_distill/training/output_kd_2b_nav2bmix_m7w1.0_e5_clean_maskfix_lcdrive,output_kd_2b_nav2bmix_m7w1.0_e5_clean_maskfix_lcdrive,/data/achahe/alpamayo-recipes/recipes/alpamayo1_5_distill/training/output_kd_2b_nav2bmix_m7w1.0_e5_clean_maskfix_lcdrive/checkpoint-4689,True,3.0,action expert,10 (default; verify),alpamayo1_5_distill.data.camera_subset.CameraSubsetPAIDataset,/data/datasets/physical_ai_av/,/data/datasets/physical_ai_av/lcdrive_physicalai_av_manifests/lcdrive_val_mysubset_1k_clip_uuids.txt,/data/datasets/physical_ai_av/lcdrive_physicalai_av_manifests/nav_lcdrive_val_mysubset_1k.json,0-3146,"[1, 3]",annotation anchored,True,True,True,/data/achahe/alpasim/huggingface/hub/models--nvidia--Alpamayo-1.5-10B-A1-format,"{""_target_"": ""alpamayo1_5_distill.models.stitched_model.StitchedAlpamayoR1.from_stitch"", ""alpamayo_config_path"": ""/data/achahe/alpasim/huggingface/hub/models--nvidia--Alpamayo-1.5-10B-A1-format"", ""attn_implementation"": ""sdpa"", ""checkpoint_path"": null, ""teacher_checkpoint_path"": ""/data/achahe/alpasim/huggingface/hub/models--nvidia--Alpamayo-1.5-10B-A1-format"", ""vlm_name_or_path"": ""/data/achahe/alpasim/huggingface/hub/Cosmos-Reason2-2B""}",alpamayo1_5_distill.models.stitched_model.StitchedAlpamayoR1.from_stitch,/home/achahe/alpamayo-recipes/recipes/alpamayo1_5_distill/outputs/2026-08-26/18-01-35/.hydra/config.yaml,/data/achahe/alpamayo-recipes/recipes/alpamayo1_5_distill/training/stitch_2b_nav2bmix_m7w1.0_e5_clean_maskfix_checkpoint-4689_cam13_nav_trajnpz.log,
/data/achahe/alpamayo-recipes/recipes/alpamayo1_5_distill/training/stitch_2b_nav2bmix_m7w1.0_e5_clean_maskfix_checkpoint-6252_cam13_nav_trajnpz.json,1000,1000,0,f95d4401b398e6f65b388822bc500b0d2c7454d9e700512f789b6299ce7e7da4,3.3064110360424968,1.5768683006688953,included,/data/achahe/alpamayo-recipes/recipes/alpamayo1_5_distill/training/output_kd_2b_nav2bmix_m7w1.0_e5_clean_maskfix_lcdrive,output_kd_2b_nav2bmix_m7w1.0_e5_clean_maskfix_lcdrive,/data/achahe/alpamayo-recipes/recipes/alpamayo1_5_distill/training/output_kd_2b_nav2bmix_m7w1.0_e5_clean_maskfix_lcdrive/checkpoint-6252,True,4.0,action expert,10 (default; verify),alpamayo1_5_distill.data.camera_subset.CameraSubsetPAIDataset,/data/datasets/physical_ai_av/,/data/datasets/physical_ai_av/lcdrive_physicalai_av_manifests/lcdrive_val_mysubset_1k_clip_uuids.txt,/data/datasets/physical_ai_av/lcdrive_physicalai_av_manifests/nav_lcdrive_val_mysubset_1k.json,0-3146,"[1, 3]",annotation anchored,True,True,True,/data/achahe/alpasim/huggingface/hub/models--nvidia--Alpamayo-1.5-10B-A1-format,"{""_target_"": ""alpamayo1_5_distill.models.stitched_model.StitchedAlpamayoR1.from_stitch"", ""alpamayo_config_path"": ""/data/achahe/alpasim/huggingface/hub/models--nvidia--Alpamayo-1.5-10B-A1-format"", ""attn_implementation"": ""sdpa"", ""checkpoint_path"": null, ""teacher_checkpoint_path"": ""/data/achahe/alpasim/huggingface/hub/models--nvidia--Alpamayo-1.5-10B-A1-format"", ""vlm_name_or_path"": ""/data/achahe/alpasim/huggingface/hub/Cosmos-Reason2-2B""}",alpamayo1_5_distill.models.stitched_model.StitchedAlpamayoR1.from_stitch,/home/achahe/alpamayo-recipes/recipes/alpamayo1_5_distill/outputs/2026-08-26/18-43-47/.hydra/config.yaml,/data/achahe/alpamayo-recipes/recipes/alpamayo1_5_distill/training/stitch_2b_nav2bmix_m7w1.0_e5_clean_maskfix_checkpoint-6252_cam13_nav_trajnpz.log,
/data/achahe/alpamayo-recipes/recipes/alpamayo1_5_distill/training/stitch_2b_nav2bmix_m7w1.0_e5_clean_maskfix_checkpoint-7815_cam13_nav.json,1000,1000,0,f95d4401b398e6f65b388822bc500b0d2c7454d9e700512f789b6299ce7e7da4,3.2644590765349566,1.5029770635217428,included,/data/achahe/alpamayo-recipes/recipes/alpamayo1_5_distill/training/output_kd_2b_nav2bmix_m7w1.0_e5_clean_maskfix_lcdrive,output_kd_2b_nav2bmix_m7w1.0_e5_clean_maskfix_lcdrive,/data/achahe/alpamayo-recipes/recipes/alpamayo1_5_distill/training/output_kd_2b_nav2bmix_m7w1.0_e5_clean_maskfix_lcdrive/checkpoint-7815,True,5.0,action expert,10 (default; verify),alpamayo1_5_distill.data.camera_subset.CameraSubsetPAIDataset,/data/datasets/physical_ai_av/,/data/datasets/physical_ai_av/lcdrive_physicalai_av_manifests/lcdrive_val_mysubset_1k_clip_uuids.txt,/data/datasets/physical_ai_av/lcdrive_physicalai_av_manifests/nav_lcdrive_val_mysubset_1k.json,0-3146,"[1, 3]",annotation anchored,True,True,True,/data/achahe/alpasim/huggingface/hub/models--nvidia--Alpamayo-1.5-10B-A1-format,"{""_target_"": ""alpamayo1_5_distill.models.stitched_model.StitchedAlpamayoR1.from_stitch"", ""alpamayo_config_path"": ""/data/achahe/alpasim/huggingface/hub/models--nvidia--Alpamayo-1.5-10B-A1-format"", ""attn_implementation"": ""sdpa"", ""checkpoint_path"": null, ""teacher_checkpoint_path"": ""/data/achahe/alpasim/huggingface/hub/models--nvidia--Alpamayo-1.5-10B-A1-format"", ""vlm_name_or_path"": ""/data/achahe/alpasim/huggingface/hub/Cosmos-Reason2-2B""}",alpamayo1_5_distill.models.stitched_model.StitchedAlpamayoR1.from_stitch,/home/achahe/alpamayo-recipes/recipes/alpamayo1_5_distill/outputs/2026-08-26/17-15-53/.hydra/config.yaml,/data/achahe/alpamayo-recipes/recipes/alpamayo1_5_distill/training/stitch_2b_nav2bmix_m7w1.0_e5_clean_maskfix_checkpoint-7815_cam13_nav.log,
/data/achahe/alpamayo-recipes/recipes/alpamayo1_5_distill/training/stitch_2b_nav2bmix_m7w1.0_e5_clean_maskfix_checkpoint-7815_cam13_nav_trajnpz.json,1000,1000,0,f95d4401b398e6f65b388822bc500b0d2c7454d9e700512f789b6299ce7e7da4,3.2644590765349566,1.5029770635217428,included,/data/achahe/alpamayo-recipes/recipes/alpamayo1_5_distill/training/output_kd_2b_nav2bmix_m7w1.0_e5_clean_maskfix_lcdrive,output_kd_2b_nav2bmix_m7w1.0_e5_clean_maskfix_lcdrive,/data/achahe/alpamayo-recipes/recipes/alpamayo1_5_distill/training/output_kd_2b_nav2bmix_m7w1.0_e5_clean_maskfix_lcdrive/checkpoint-7815,True,5.0,action expert,10 (default; verify),alpamayo1_5_distill.data.camera_subset.CameraSubsetPAIDataset,/data/datasets/physical_ai_av/,/data/datasets/physical_ai_av/lcdrive_physicalai_av_manifests/lcdrive_val_mysubset_1k_clip_uuids.txt,/data/datasets/physical_ai_av/lcdrive_physicalai_av_manifests/nav_lcdrive_val_mysubset_1k.json,0-3146,"[1, 3]",annotation anchored,True,True,True,/data/achahe/alpasim/huggingface/hub/models--nvidia--Alpamayo-1.5-10B-A1-format,"{""_target_"": ""alpamayo1_5_distill.models.stitched_model.StitchedAlpamayoR1.from_stitch"", ""alpamayo_config_path"": ""/data/achahe/alpasim/huggingface/hub/models--nvidia--Alpamayo-1.5-10B-A1-format"", ""attn_implementation"": ""sdpa"", ""checkpoint_path"": null, ""teacher_checkpoint_path"": ""/data/achahe/alpasim/huggingface/hub/models--nvidia--Alpamayo-1.5-10B-A1-format"", ""vlm_name_or_path"": ""/data/achahe/alpasim/huggingface/hub/Cosmos-Reason2-2B""}",alpamayo1_5_distill.models.stitched_model.StitchedAlpamayoR1.from_stitch,/home/achahe/alpamayo-recipes/recipes/alpamayo1_5_distill/outputs/2026-08-26/18-19-03/.hydra/config.yaml,/data/achahe/alpamayo-recipes/recipes/alpamayo1_5_distill/training/stitch_2b_nav2bmix_m7w1.0_e5_clean_maskfix_checkpoint-7815_cam13_nav_trajnpz.log,
/data/achahe/alpamayo-recipes/recipes/alpamayo1_5_distill/training/stitch_2b_nav2bmix_m7w1.0_e6_efficient_checkpoint-9378_cam13_nav.json,1000,1000,0,f95d4401b398e6f65b388822bc500b0d2c7454d9e700512f789b6299ce7e7da4,3.6168511486370116,1.7894350883681327,included,/data/achahe/alpamayo-recipes/recipes/alpamayo1_5_distill/training/output_kd_2b_nav2bmix_m7w1.0_e6_efficient_lcdrive,output_kd_2b_nav2bmix_m7w1.0_e6_efficient_lcdrive,/data/achahe/alpamayo-recipes/recipes/alpamayo1_5_distill/training/output_kd_2b_nav2bmix_m7w1.0_e6_efficient_lcdrive/checkpoint-9378,True,6.0,action expert,10 (default; verify),alpamayo1_5_distill.data.camera_subset.CameraSubsetPAIDataset,/data/datasets/physical_ai_av/,/data/datasets/physical_ai_av/lcdrive_physicalai_av_manifests/lcdrive_val_mysubset_1k_clip_uuids.txt,/data/datasets/physical_ai_av/lcdrive_physicalai_av_manifests/nav_lcdrive_val_mysubset_1k.json,0-3146,"[1, 3]",annotation anchored,True,True,True,/data/achahe/alpasim/huggingface/hub/models--nvidia--Alpamayo-1.5-10B-A1-format,"{""_target_"": ""alpamayo1_5_distill.models.stitched_model.StitchedAlpamayoR1.from_stitch"", ""alpamayo_config_path"": ""/data/achahe/alpasim/huggingface/hub/models--nvidia--Alpamayo-1.5-10B-A1-format"", ""attn_implementation"": ""sdpa"", ""checkpoint_path"": null, ""teacher_checkpoint_path"": ""/data/achahe/alpasim/huggingface/hub/models--nvidia--Alpamayo-1.5-10B-A1-format"", ""vlm_name_or_path"": ""/data/achahe/alpasim/huggingface/hub/Cosmos-Reason2-2B""}",alpamayo1_5_distill.models.stitched_model.StitchedAlpamayoR1.from_stitch,/home/achahe/alpamayo-recipes/recipes/alpamayo1_5_distill/outputs/2026-08-25/19-07-44/.hydra/config.yaml,/data/achahe/alpamayo-recipes/recipes/alpamayo1_5_distill/training/stitch_2b_nav2bmix_m7w1.0_e6_efficient_checkpoint-9378_cam13_nav.log,
/data/achahe/alpamayo-recipes/recipes/alpamayo1_5_distill/training/stitch_4b_blockonly_checkpoint-1598.json,1000,1000,0,f95d4401b398e6f65b388822bc500b0d2c7454d9e700512f789b6299ce7e7da4,3.5823699957467614,2.0292862611226736,included,/data/achahe/alpamayo-recipes/recipes/alpamayo1_5_distill/training/output_kd_4b_blockonly_lcdrive,output_kd_4b_blockonly_lcdrive,/data/achahe/alpamayo-recipes/recipes/alpamayo1_5_distill/training/output_kd_4b_blockonly_lcdrive/checkpoint-1598,True,1.0,action expert,10 (default; verify),alpamayo.data.pai.PAIDataset,/data/datasets/physical_ai_av/,/data/datasets/physical_ai_av/lcdrive_physicalai_av_manifests/lcdrive_val_mysubset_1k_clip_uuids.txt,,0-3146,"[0, 1, 2, 3]",default keyframe,False,True,True,/data/achahe/alpasim/huggingface/hub/models--nvidia--Alpamayo-1.5-10B-A1-format,"{""_target_"": ""alpamayo1_5_distill.models.stitched_model.StitchedAlpamayoR1.from_stitch"", ""alpamayo_config_path"": ""/data/achahe/alpasim/huggingface/hub/models--nvidia--Alpamayo-1.5-10B-A1-format"", ""attn_implementation"": ""sdpa"", ""checkpoint_path"": null, ""teacher_checkpoint_path"": ""/data/achahe/alpasim/huggingface/hub/models--nvidia--Alpamayo-1.5-10B-A1-format"", ""vlm_name_or_path"": ""/data/achahe/alpasim/huggingface/hub/models--Qwen--Qwen3-VL-4B-Instruct/snapshots/ebb281ec70b05090aa6165b016eac8ec08e71b17""}",alpamayo1_5_distill.models.stitched_model.StitchedAlpamayoR1.from_stitch,/home/achahe/alpamayo-recipes/recipes/alpamayo1_5_distill/outputs/2026-08-11/10-45-00/.hydra/config.yaml,/data/achahe/alpamayo-recipes/recipes/alpamayo1_5_distill/training/stitch_4b_blockonly_checkpoint-1598.log,
/data/achahe/alpamayo-recipes/recipes/alpamayo1_5_distill/training/stitch_4b_blockonly_e3_checkpoint-3196.json,1000,1000,0,f95d4401b398e6f65b388822bc500b0d2c7454d9e700512f789b6299ce7e7da4,3.0922166608348487,1.7005963256619872,included,/data/achahe/alpamayo-recipes/recipes/alpamayo1_5_distill/training/output_kd_4b_blockonly_e3_lcdrive,output_kd_4b_blockonly_e3_lcdrive,/data/achahe/alpamayo-recipes/recipes/alpamayo1_5_distill/training/output_kd_4b_blockonly_e3_lcdrive/checkpoint-3196,True,2.0,action expert,10 (default; verify),alpamayo.data.pai.PAIDataset,/data/datasets/physical_ai_av/,/data/datasets/physical_ai_av/lcdrive_physicalai_av_manifests/lcdrive_val_mysubset_1k_clip_uuids.txt,,0-3146,"[0, 1, 2, 3]",default keyframe,False,True,True,/data/achahe/alpasim/huggingface/hub/models--nvidia--Alpamayo-1.5-10B-A1-format,"{""_target_"": ""alpamayo1_5_distill.models.stitched_model.StitchedAlpamayoR1.from_stitch"", ""alpamayo_config_path"": ""/data/achahe/alpasim/huggingface/hub/models--nvidia--Alpamayo-1.5-10B-A1-format"", ""attn_implementation"": ""sdpa"", ""checkpoint_path"": null, ""teacher_checkpoint_path"": ""/data/achahe/alpasim/huggingface/hub/models--nvidia--Alpamayo-1.5-10B-A1-format"", ""vlm_name_or_path"": ""/data/achahe/alpasim/huggingface/hub/models--Qwen--Qwen3-VL-4B-Instruct/snapshots/ebb281ec70b05090aa6165b016eac8ec08e71b17""}",alpamayo1_5_distill.models.stitched_model.StitchedAlpamayoR1.from_stitch,/home/achahe/alpamayo-recipes/recipes/alpamayo1_5_distill/outputs/2026-08-13/09-35-41/.hydra/config.yaml,/data/achahe/alpamayo-recipes/recipes/alpamayo1_5_distill/training/stitch_4b_blockonly_e3_checkpoint-3196.log,
/data/achahe/alpamayo-recipes/recipes/alpamayo1_5_distill/training/stitch_4b_blockonly_e3_checkpoint-4794.json,1000,1000,0,f95d4401b398e6f65b388822bc500b0d2c7454d9e700512f789b6299ce7e7da4,3.0033266622126105,1.6575876882188023,included,/data/achahe/alpamayo-recipes/recipes/alpamayo1_5_distill/training/output_kd_4b_blockonly_e3_lcdrive,output_kd_4b_blockonly_e3_lcdrive,/data/achahe/alpamayo-recipes/recipes/alpamayo1_5_distill/training/output_kd_4b_blockonly_e3_lcdrive/checkpoint-4794,True,3.0,action expert,10 (default; verify),alpamayo.data.pai.PAIDataset,/data/datasets/physical_ai_av/,/data/datasets/physical_ai_av/lcdrive_physicalai_av_manifests/lcdrive_val_mysubset_1k_clip_uuids.txt,,0-3146,"[0, 1, 2, 3]",default keyframe,False,True,True,/data/achahe/alpasim/huggingface/hub/models--nvidia--Alpamayo-1.5-10B-A1-format,"{""_target_"": ""alpamayo1_5_distill.models.stitched_model.StitchedAlpamayoR1.from_stitch"", ""alpamayo_config_path"": ""/data/achahe/alpasim/huggingface/hub/models--nvidia--Alpamayo-1.5-10B-A1-format"", ""attn_implementation"": ""sdpa"", ""checkpoint_path"": null, ""teacher_checkpoint_path"": ""/data/achahe/alpasim/huggingface/hub/models--nvidia--Alpamayo-1.5-10B-A1-format"", ""vlm_name_or_path"": ""/data/achahe/alpasim/huggingface/hub/models--Qwen--Qwen3-VL-4B-Instruct/snapshots/ebb281ec70b05090aa6165b016eac8ec08e71b17""}",alpamayo1_5_distill.models.stitched_model.StitchedAlpamayoR1.from_stitch,/home/achahe/alpamayo-recipes/recipes/alpamayo1_5_distill/outputs/2026-08-13/11-31-10/.hydra/config.yaml,/data/achahe/alpamayo-recipes/recipes/alpamayo1_5_distill/training/stitch_4b_blockonly_e3_checkpoint-4794.log,
/data/achahe/alpamayo-recipes/recipes/alpamayo1_5_distill/training/stitch_4b_blockrandt_checkpoint-1598.json,1000,1000,0,f95d4401b398e6f65b388822bc500b0d2c7454d9e700512f789b6299ce7e7da4,3.400492214228958,1.9517681449614466,included,/data/achahe/alpamayo-recipes/recipes/alpamayo1_5_distill/training/output_kd_4b_blockrandt_lcdrive,output_kd_4b_blockrandt_lcdrive,/data/achahe/alpamayo-recipes/recipes/alpamayo1_5_distill/training/output_kd_4b_blockrandt_lcdrive/checkpoint-1598,True,1.0,action expert,10 (default; verify),alpamayo.data.pai.PAIDataset,/data/datasets/physical_ai_av/,/data/datasets/physical_ai_av/lcdrive_physicalai_av_manifests/lcdrive_val_mysubset_1k_clip_uuids.txt,,0-3146,"[0, 1, 2, 3]",default keyframe,False,True,True,/data/achahe/alpasim/huggingface/hub/models--nvidia--Alpamayo-1.5-10B-A1-format,"{""_target_"": ""alpamayo1_5_distill.models.stitched_model.StitchedAlpamayoR1.from_stitch"", ""alpamayo_config_path"": ""/data/achahe/alpasim/huggingface/hub/models--nvidia--Alpamayo-1.5-10B-A1-format"", ""attn_implementation"": ""sdpa"", ""checkpoint_path"": null, ""teacher_checkpoint_path"": ""/data/achahe/alpasim/huggingface/hub/models--nvidia--Alpamayo-1.5-10B-A1-format"", ""vlm_name_or_path"": ""/data/achahe/alpasim/huggingface/hub/models--Qwen--Qwen3-VL-4B-Instruct/snapshots/ebb281ec70b05090aa6165b016eac8ec08e71b17""}",alpamayo1_5_distill.models.stitched_model.StitchedAlpamayoR1.from_stitch,/home/achahe/alpamayo-recipes/recipes/alpamayo1_5_distill/outputs/2026-08-14/09-34-46/.hydra/config.yaml,/data/achahe/alpamayo-recipes/recipes/alpamayo1_5_distill/training/stitch_4b_blockrandt_checkpoint-1598.log,
/data/achahe/alpamayo-recipes/recipes/alpamayo1_5_distill/training/stitch_4b_blockrandt_e3_checkpoint-3196.json,1000,1000,0,f95d4401b398e6f65b388822bc500b0d2c7454d9e700512f789b6299ce7e7da4,3.0356802730932833,1.6641671112719922,included,/data/achahe/alpamayo-recipes/recipes/alpamayo1_5_distill/training/output_kd_4b_blockrandt_e3_lcdrive,output_kd_4b_blockrandt_e3_lcdrive,/data/achahe/alpamayo-recipes/recipes/alpamayo1_5_distill/training/output_kd_4b_blockrandt_e3_lcdrive/checkpoint-3196,True,2.0,action expert,10 (default; verify),alpamayo.data.pai.PAIDataset,/data/datasets/physical_ai_av/,/data/datasets/physical_ai_av/lcdrive_physicalai_av_manifests/lcdrive_val_mysubset_1k_clip_uuids.txt,,0-3146,"[0, 1, 2, 3]",default keyframe,False,True,True,/data/achahe/alpasim/huggingface/hub/models--nvidia--Alpamayo-1.5-10B-A1-format,"{""_target_"": ""alpamayo1_5_distill.models.stitched_model.StitchedAlpamayoR1.from_stitch"", ""alpamayo_config_path"": ""/data/achahe/alpasim/huggingface/hub/models--nvidia--Alpamayo-1.5-10B-A1-format"", ""attn_implementation"": ""sdpa"", ""checkpoint_path"": null, ""teacher_checkpoint_path"": ""/data/achahe/alpasim/huggingface/hub/models--nvidia--Alpamayo-1.5-10B-A1-format"", ""vlm_name_or_path"": ""/data/achahe/alpasim/huggingface/hub/models--Qwen--Qwen3-VL-4B-Instruct/snapshots/ebb281ec70b05090aa6165b016eac8ec08e71b17""}",alpamayo1_5_distill.models.stitched_model.StitchedAlpamayoR1.from_stitch,/home/achahe/alpamayo-recipes/recipes/alpamayo1_5_distill/outputs/2026-08-15/17-39-51/.hydra/config.yaml,/data/achahe/alpamayo-recipes/recipes/alpamayo1_5_distill/training/stitch_4b_blockrandt_e3_checkpoint-3196.log,
/data/achahe/alpamayo-recipes/recipes/alpamayo1_5_distill/training/stitch_4b_blockrandt_e3_checkpoint-4794.json,1000,1000,0,f95d4401b398e6f65b388822bc500b0d2c7454d9e700512f789b6299ce7e7da4,2.9884542831871657,1.6008219254789875,included,/data/achahe/alpamayo-recipes/recipes/alpamayo1_5_distill/training/output_kd_4b_blockrandt_e3_lcdrive,output_kd_4b_blockrandt_e3_lcdrive,/data/achahe/alpamayo-recipes/recipes/alpamayo1_5_distill/training/output_kd_4b_blockrandt_e3_lcdrive/checkpoint-4794,True,3.0,action expert,10 (default; verify),alpamayo.data.pai.PAIDataset,/data/datasets/physical_ai_av/,/data/datasets/physical_ai_av/lcdrive_physicalai_av_manifests/lcdrive_val_mysubset_1k_clip_uuids.txt,,0-3146,"[0, 1, 2, 3]",default keyframe,False,True,True,/data/achahe/alpasim/huggingface/hub/models--nvidia--Alpamayo-1.5-10B-A1-format,"{""_target_"": ""alpamayo1_5_distill.models.stitched_model.StitchedAlpamayoR1.from_stitch"", ""alpamayo_config_path"": ""/data/achahe/alpasim/huggingface/hub/models--nvidia--Alpamayo-1.5-10B-A1-format"", ""attn_implementation"": ""sdpa"", ""checkpoint_path"": null, ""teacher_checkpoint_path"": ""/data/achahe/alpasim/huggingface/hub/models--nvidia--Alpamayo-1.5-10B-A1-format"", ""vlm_name_or_path"": ""/data/achahe/alpasim/huggingface/hub/models--Qwen--Qwen3-VL-4B-Instruct/snapshots/ebb281ec70b05090aa6165b016eac8ec08e71b17""}",alpamayo1_5_distill.models.stitched_model.StitchedAlpamayoR1.from_stitch,/home/achahe/alpamayo-recipes/recipes/alpamayo1_5_distill/outputs/2026-08-15/17-13-58/.hydra/config.yaml,/data/achahe/alpamayo-recipes/recipes/alpamayo1_5_distill/training/stitch_4b_blockrandt_e3_checkpoint-4794.log,
/data/achahe/alpamayo-recipes/recipes/alpamayo1_5_distill/training/stitch_4b_ce.json,1000,1000,0,f95d4401b398e6f65b388822bc500b0d2c7454d9e700512f789b6299ce7e7da4,12.550047946002334,6.994815539162606,included,/data/achahe/alpamayo-recipes/recipes/alpamayo1_5_distill/training/output_kd_4b_ce_lcdrive,output_kd_4b_ce_lcdrive,/data/achahe/alpamayo-recipes/recipes/alpamayo1_5_distill/training/output_kd_4b_ce_lcdrive/checkpoint-1598,True,1.0,action expert,10 (default; verify),alpamayo.data.pai.PAIDataset,/data/datasets/physical_ai_av/,/data/datasets/physical_ai_av/lcdrive_physicalai_av_manifests/lcdrive_val_mysubset_1k_clip_uuids.txt,,0-3146,"[0, 1, 2, 3]",default keyframe,False,True,True,,{},,,/data/achahe/alpamayo-recipes/recipes/alpamayo1_5_distill/training/stitch_4b_ce.log,No matching Hydra config; log metadata used
/data/achahe/alpamayo-recipes/recipes/alpamayo1_5_distill/training/stitch_4b_cekv.json,1000,1000,0,f95d4401b398e6f65b388822bc500b0d2c7454d9e700512f789b6299ce7e7da4,4.909976363960654,2.7601063879132273,included,/data/achahe/alpamayo-recipes/recipes/alpamayo1_5_distill/training/output_kd_4b_cekv_lcdrive,output_kd_4b_cekv_lcdrive,/data/achahe/alpamayo-recipes/recipes/alpamayo1_5_distill/training/output_kd_4b_cekv_lcdrive/checkpoint-1598,True,1.0,action expert,10 (default; verify),alpamayo.data.pai.PAIDataset,/data/datasets/physical_ai_av/,/data/datasets/physical_ai_av/lcdrive_physicalai_av_manifests/lcdrive_val_mysubset_1k_clip_uuids.txt,,0-3146,"[0, 1, 2, 3]",default keyframe,False,True,True,,{},,,/data/achahe/alpamayo-recipes/recipes/alpamayo1_5_distill/training/stitch_4b_cekv.log,No matching Hydra config; log metadata used
/data/achahe/alpamayo-recipes/recipes/alpamayo1_5_distill/training/stitch_4b_eos_checkpoint-1598.json,1000,1000,0,f95d4401b398e6f65b388822bc500b0d2c7454d9e700512f789b6299ce7e7da4,2.5840352153037673,1.4044096086304634,included,/data/achahe/alpamayo-recipes/recipes/alpamayo1_5_distill/training/output_expert_on_student_lcdrive,output_expert_on_student_lcdrive,/data/achahe/alpamayo-recipes/recipes/alpamayo1_5_distill/training/output_expert_on_student_lcdrive/checkpoint-1598,True,1.0,action expert,10 (default; verify),alpamayo.data.pai.PAIDataset,/data/datasets/physical_ai_av/,/data/datasets/physical_ai_av/lcdrive_physicalai_av_manifests/lcdrive_val_mysubset_1k_clip_uuids.txt,,0-3146,"[0, 1, 2, 3]",default keyframe,False,True,True,/data/achahe/alpamayo-recipes/recipes/alpamayo1_5_distill/training/output_expert_on_student_lcdrive/checkpoint-1598,"{""_target_"": ""alpamayo1_5_distill.models.stitched_model.StitchedAlpamayoR1.from_stitch"", ""alpamayo_config_path"": ""/data/achahe/alpasim/huggingface/hub/models--nvidia--Alpamayo-1.5-10B-A1-format"", ""attn_implementation"": ""sdpa"", ""checkpoint_path"": ""/data/achahe/alpamayo-recipes/recipes/alpamayo1_5_distill/training/output_expert_on_student_lcdrive/checkpoint-1598"", ""teacher_checkpoint_path"": ""/data/achahe/alpamayo-recipes/recipes/alpamayo1_5_distill/training/output_expert_on_student_lcdrive/checkpoint-1598"", ""vlm_name_or_path"": ""/data/achahe/alpasim/huggingface/hub/models--Qwen--Qwen3-VL-4B-Instruct/snapshots/ebb281ec70b05090aa6165b016eac8ec08e71b17""}",alpamayo1_5_distill.models.stitched_model.StitchedAlpamayoR1.from_stitch,/home/achahe/alpamayo-recipes/recipes/alpamayo1_5_distill/outputs/2026-08-17/09-33-31/.hydra/config.yaml,/data/achahe/alpamayo-recipes/recipes/alpamayo1_5_distill/training/stitch_4b_eos_checkpoint-1598.log,
/data/achahe/alpamayo-recipes/recipes/alpamayo1_5_distill/training/stitch_4b_eos_checkpoint-500.json,1000,1000,0,f95d4401b398e6f65b388822bc500b0d2c7454d9e700512f789b6299ce7e7da4,2.65010809508292,1.4279143734290265,excluded: checkpoint below one epoch,/data/achahe/alpamayo-recipes/recipes/alpamayo1_5_distill/training/output_expert_on_student_lcdrive,output_expert_on_student_lcdrive,/data/achahe/alpamayo-recipes/recipes/alpamayo1_5_distill/training/output_expert_on_student_lcdrive/checkpoint-500,True,0.31295639474233256,action expert,10 (default; verify),alpamayo.data.pai.PAIDataset,/data/datasets/physical_ai_av/,/data/datasets/physical_ai_av/lcdrive_physicalai_av_manifests/lcdrive_val_mysubset_1k_clip_uuids.txt,,0-3146,"[0, 1, 2, 3]",default keyframe,False,True,True,/data/achahe/alpamayo-recipes/recipes/alpamayo1_5_distill/training/output_expert_on_student_lcdrive/checkpoint-500,"{""_target_"": ""alpamayo1_5_distill.models.stitched_model.StitchedAlpamayoR1.from_stitch"", ""alpamayo_config_path"": ""/data/achahe/alpasim/huggingface/hub/models--nvidia--Alpamayo-1.5-10B-A1-format"", ""attn_implementation"": ""sdpa"", ""checkpoint_path"": ""/data/achahe/alpamayo-recipes/recipes/alpamayo1_5_distill/training/output_expert_on_student_lcdrive/checkpoint-500"", ""teacher_checkpoint_path"": ""/data/achahe/alpamayo-recipes/recipes/alpamayo1_5_distill/training/output_expert_on_student_lcdrive/checkpoint-500"", ""vlm_name_or_path"": ""/data/achahe/alpasim/huggingface/hub/models--Qwen--Qwen3-VL-4B-Instruct/snapshots/ebb281ec70b05090aa6165b016eac8ec08e71b17""}",alpamayo1_5_distill.models.stitched_model.StitchedAlpamayoR1.from_stitch,/home/achahe/alpamayo-recipes/recipes/alpamayo1_5_distill/outputs/2026-08-16/20-09-21/.hydra/config.yaml,/data/achahe/alpamayo-recipes/recipes/alpamayo1_5_distill/training/stitch_4b_eos_checkpoint-500.log,
/data/achahe/alpamayo-recipes/recipes/alpamayo1_5_distill/training/stitch_4b_kd.json,1000,1000,0,f95d4401b398e6f65b388822bc500b0d2c7454d9e700512f789b6299ce7e7da4,17.42944088340923,11.375046289708465,included,/data/achahe/alpamayo-recipes/recipes/alpamayo1_5_distill/training/output_kd_4b_kd_lcdrive,output_kd_4b_kd_lcdrive,/data/achahe/alpamayo-recipes/recipes/alpamayo1_5_distill/training/output_kd_4b_kd_lcdrive/checkpoint-1598,True,1.0,action expert,10 (default; verify),alpamayo.data.pai.PAIDataset,/data/datasets/physical_ai_av/,/data/datasets/physical_ai_av/lcdrive_physicalai_av_manifests/lcdrive_val_mysubset_1k_clip_uuids.txt,,0-3146,"[0, 1, 2, 3]",default keyframe,False,True,True,,{},,,/data/achahe/alpamayo-recipes/recipes/alpamayo1_5_distill/training/stitch_4b_kd.log,No matching Hydra config; log metadata used
/data/achahe/alpamayo-recipes/recipes/alpamayo1_5_distill/training/stitch_4b_kv.json,1000,1000,0,f95d4401b398e6f65b388822bc500b0d2c7454d9e700512f789b6299ce7e7da4,5.997008165493607,2.9553580623343585,included,/data/achahe/alpamayo-recipes/recipes/alpamayo1_5_distill/training/output_kd_4b_kv_lcdrive,output_kd_4b_kv_lcdrive,/data/achahe/alpamayo-recipes/recipes/alpamayo1_5_distill/training/output_kd_4b_kv_lcdrive/checkpoint-1598,True,1.0,action expert,10 (default; verify),alpamayo.data.pai.PAIDataset,/data/datasets/physical_ai_av/,/data/datasets/physical_ai_av/lcdrive_physicalai_av_manifests/lcdrive_val_mysubset_1k_clip_uuids.txt,,0-3146,"[0, 1, 2, 3]",default keyframe,False,True,True,,{},,,/data/achahe/alpamayo-recipes/recipes/alpamayo1_5_distill/training/stitch_4b_kv.log,No matching Hydra config; log metadata used
/data/achahe/alpamayo-recipes/recipes/alpamayo1_5_distill/training/stitch_4b_kvband_checkpoint-1598.json,1000,1000,0,f95d4401b398e6f65b388822bc500b0d2c7454d9e700512f789b6299ce7e7da4,5.590267908021808,3.176333137879148,included,/data/achahe/alpamayo-recipes/recipes/alpamayo1_5_distill/training/output_kd_4b_kvband_lcdrive,output_kd_4b_kvband_lcdrive,/data/achahe/alpamayo-recipes/recipes/alpamayo1_5_distill/training/output_kd_4b_kvband_lcdrive/checkpoint-1598,True,1.0,action expert,10 (default; verify),alpamayo.data.pai.PAIDataset,/data/datasets/physical_ai_av/,/data/datasets/physical_ai_av/lcdrive_physicalai_av_manifests/lcdrive_val_mysubset_1k_clip_uuids.txt,,0-3146,"[0, 1, 2, 3]",default keyframe,False,True,True,/data/achahe/alpasim/huggingface/hub/models--nvidia--Alpamayo-1.5-10B-A1-format,"{""_target_"": ""alpamayo1_5_distill.models.stitched_model.StitchedAlpamayoR1.from_stitch"", ""alpamayo_config_path"": ""/data/achahe/alpasim/huggingface/hub/models--nvidia--Alpamayo-1.5-10B-A1-format"", ""attn_implementation"": ""sdpa"", ""checkpoint_path"": null, ""teacher_checkpoint_path"": ""/data/achahe/alpasim/huggingface/hub/models--nvidia--Alpamayo-1.5-10B-A1-format"", ""vlm_name_or_path"": ""/data/achahe/alpasim/huggingface/hub/models--Qwen--Qwen3-VL-4B-Instruct/snapshots/ebb281ec70b05090aa6165b016eac8ec08e71b17""}",alpamayo1_5_distill.models.stitched_model.StitchedAlpamayoR1.from_stitch,/home/achahe/alpamayo-recipes/recipes/alpamayo1_5_distill/outputs/2026-08-12/09-40-19/.hydra/config.yaml,/data/achahe/alpamayo-recipes/recipes/alpamayo1_5_distill/training/stitch_4b_kvband_checkpoint-1598.log,
/data/achahe/alpamayo-recipes/recipes/alpamayo1_5_distill/training/stitch_4b_kvonly.json,1000,1000,0,f95d4401b398e6f65b388822bc500b0d2c7454d9e700512f789b6299ce7e7da4,4.10845710690692,2.631254014818929,included,/data/achahe/alpamayo-recipes/recipes/alpamayo1_5_distill/training/output_kd_4b_kvonly_lcdrive,output_kd_4b_kvonly_lcdrive,/data/achahe/alpamayo-recipes/recipes/alpamayo1_5_distill/training/output_kd_4b_kvonly_lcdrive/checkpoint-1598,True,1.0,action expert,10 (default; verify),alpamayo.data.pai.PAIDataset,/data/datasets/physical_ai_av/,/data/datasets/physical_ai_av/lcdrive_physicalai_av_manifests/lcdrive_val_mysubset_1k_clip_uuids.txt,,0-3146,"[0, 1, 2, 3]",default keyframe,False,True,True,,{},,,/data/achahe/alpamayo-recipes/recipes/alpamayo1_5_distill/training/stitch_4b_kvonly.log,No matching Hydra config; log metadata used
/data/achahe/alpamayo-recipes/recipes/alpamayo1_5_distill/training/stitch_4b_kvonly_e3_checkpoint-3196.json,1000,1000,0,f95d4401b398e6f65b388822bc500b0d2c7454d9e700512f789b6299ce7e7da4,3.863282274991274,2.506148798292503,included,/data/achahe/alpamayo-recipes/recipes/alpamayo1_5_distill/training/output_kd_4b_kvonly_e3_lcdrive,output_kd_4b_kvonly_e3_lcdrive,/data/achahe/alpamayo-recipes/recipes/alpamayo1_5_distill/training/output_kd_4b_kvonly_e3_lcdrive/checkpoint-3196,True,2.0,action expert,10 (default; verify),alpamayo.data.pai.PAIDataset,/data/datasets/physical_ai_av/,/data/datasets/physical_ai_av/lcdrive_physicalai_av_manifests/lcdrive_val_mysubset_1k_clip_uuids.txt,,0-3146,"[0, 1, 2, 3]",default keyframe,False,True,True,/data/achahe/alpasim/huggingface/hub/models--nvidia--Alpamayo-1.5-10B-A1-format,"{""_target_"": ""alpamayo1_5_distill.models.stitched_model.StitchedAlpamayoR1.from_stitch"", ""alpamayo_config_path"": ""/data/achahe/alpasim/huggingface/hub/models--nvidia--Alpamayo-1.5-10B-A1-format"", ""attn_implementation"": ""sdpa"", ""checkpoint_path"": null, ""teacher_checkpoint_path"": ""/data/achahe/alpasim/huggingface/hub/models--nvidia--Alpamayo-1.5-10B-A1-format"", ""vlm_name_or_path"": ""/data/achahe/alpasim/huggingface/hub/models--Qwen--Qwen3-VL-4B-Instruct/snapshots/ebb281ec70b05090aa6165b016eac8ec08e71b17""}",alpamayo1_5_distill.models.stitched_model.StitchedAlpamayoR1.from_stitch,/home/achahe/alpamayo-recipes/recipes/alpamayo1_5_distill/outputs/2026-08-10/09-43-25/.hydra/config.yaml,/data/achahe/alpamayo-recipes/recipes/alpamayo1_5_distill/training/stitch_4b_kvonly_e3_checkpoint-3196.log,
/data/achahe/alpamayo-recipes/recipes/alpamayo1_5_distill/training/stitch_4b_kvonly_e3_checkpoint-4794.json,1000,1000,0,f95d4401b398e6f65b388822bc500b0d2c7454d9e700512f789b6299ce7e7da4,3.817578096419573,2.409784581475891,included,/data/achahe/alpamayo-recipes/recipes/alpamayo1_5_distill/training/output_kd_4b_kvonly_e3_lcdrive,output_kd_4b_kvonly_e3_lcdrive,/data/achahe/alpamayo-recipes/recipes/alpamayo1_5_distill/training/output_kd_4b_kvonly_e3_lcdrive/checkpoint-4794,True,3.0,action expert,10 (default; verify),alpamayo.data.pai.PAIDataset,/data/datasets/physical_ai_av/,/data/datasets/physical_ai_av/lcdrive_physicalai_av_manifests/lcdrive_val_mysubset_1k_clip_uuids.txt,,0-3146,"[0, 1, 2, 3]",default keyframe,False,True,True,/data/achahe/alpasim/huggingface/hub/models--nvidia--Alpamayo-1.5-10B-A1-format,"{""_target_"": ""alpamayo1_5_distill.models.stitched_model.StitchedAlpamayoR1.from_stitch"", ""alpamayo_config_path"": ""/data/achahe/alpasim/huggingface/hub/models--nvidia--Alpamayo-1.5-10B-A1-format"", ""attn_implementation"": ""sdpa"", ""checkpoint_path"": null, ""teacher_checkpoint_path"": ""/data/achahe/alpasim/huggingface/hub/models--nvidia--Alpamayo-1.5-10B-A1-format"", ""vlm_name_or_path"": ""/data/achahe/alpasim/huggingface/hub/models--Qwen--Qwen3-VL-4B-Instruct/snapshots/ebb281ec70b05090aa6165b016eac8ec08e71b17""}",alpamayo1_5_distill.models.stitched_model.StitchedAlpamayoR1.from_stitch,/home/achahe/alpamayo-recipes/recipes/alpamayo1_5_distill/outputs/2026-08-10/16-57-20/.hydra/config.yaml,/data/achahe/alpamayo-recipes/recipes/alpamayo1_5_distill/training/stitch_4b_kvonly_e3_checkpoint-4794.log,
/data/achahe/alpamayo-recipes/recipes/alpamayo1_5_distill/training/stitch_4b_teacher.json,1000,1000,0,f95d4401b398e6f65b388822bc500b0d2c7454d9e700512f789b6299ce7e7da4,1.3039026168977725,0.5776174540146894,teacher / baseline reference,,,/data/achahe/alpasim/huggingface/hub/models--nvidia--Alpamayo-1.5-10B-A1-format,True,,action expert,10 (default; verify),alpamayo.data.pai.PAIDataset,/data/datasets/physical_ai_av/,/data/datasets/physical_ai_av/lcdrive_physicalai_av_manifests/lcdrive_val_mysubset_1k_clip_uuids.txt,,0-3146,"[0, 1, 2, 3]",default keyframe,False,True,True,/data/achahe/alpasim/huggingface/hub/models--nvidia--Alpamayo-1.5-10B-A1-format,"{""_target_"": ""alpamayo1_5_distill.models.stitched_model.StitchedAlpamayoR1.from_teacher"", ""alpamayo_config_path"": ""/data/achahe/alpasim/huggingface/hub/models--nvidia--Alpamayo-1.5-10B-A1-format"", ""attn_implementation"": ""sdpa"", ""checkpoint_path"": null, ""teacher_checkpoint_path"": ""/data/achahe/alpasim/huggingface/hub/models--nvidia--Alpamayo-1.5-10B-A1-format"", ""vlm_name_or_path"": ""/data/achahe/alpasim/huggingface/hub/models--nvidia--Cosmos-Reason2-8B/snapshots/a9fae2cf89dc64db96b12860417f0eb403013bb9""}",alpamayo1_5_distill.models.stitched_model.StitchedAlpamayoR1.from_teacher,/home/achahe/alpamayo-recipes/recipes/alpamayo1_5_distill/outputs/2026-08-08/13-47-46/.hydra/config.yaml,/data/achahe/alpamayo-recipes/recipes/alpamayo1_5_distill/training/stitch_4b_teacher.log,
/data/achahe/alpamayo-recipes/recipes/alpamayo1_5_distill/training/stitch_4b_teacher_pruneA.json,1000,1000,0,f95d4401b398e6f65b388822bc500b0d2c7454d9e700512f789b6299ce7e7da4,1.5398271167627535,0.9323113748156465,teacher / baseline reference,,,/data/achahe/alpasim/huggingface/hub/models--nvidia--Alpamayo-1.5-10B-A1-format,True,,action expert,10 (default; verify),alpamayo.data.pai.PAIDataset,/data/datasets/physical_ai_av/,/data/datasets/physical_ai_av/lcdrive_physicalai_av_manifests/lcdrive_val_mysubset_1k_clip_uuids.txt,,0-3146,"[0, 1, 2, 3]",default keyframe,False,True,True,/data/achahe/alpasim/huggingface/hub/models--nvidia--Alpamayo-1.5-10B-A1-format,"{""_target_"": ""alpamayo1_5_distill.models.stitched_model.StitchedAlpamayoR1.from_teacher"", ""alpamayo_config_path"": ""/data/achahe/alpasim/huggingface/hub/models--nvidia--Alpamayo-1.5-10B-A1-format"", ""attn_implementation"": ""sdpa"", ""checkpoint_path"": null, ""teacher_checkpoint_path"": ""/data/achahe/alpasim/huggingface/hub/models--nvidia--Alpamayo-1.5-10B-A1-format"", ""vlm_name_or_path"": ""/data/achahe/alpasim/huggingface/hub/models--nvidia--Cosmos-Reason2-8B/snapshots/a9fae2cf89dc64db96b12860417f0eb403013bb9""}",alpamayo1_5_distill.models.stitched_model.StitchedAlpamayoR1.from_teacher,/home/achahe/alpamayo-recipes/recipes/alpamayo1_5_distill/outputs/2026-08-13/11-04-57/.hydra/config.yaml,/data/achahe/alpamayo-recipes/recipes/alpamayo1_5_distill/training/stitch_4b_teacher_pruneA.log,2 historical configs reference result; latest plus log used
/data/achahe/alpamayo-recipes/recipes/alpamayo1_5_distill/training/stitch_4b_teacher_pruneB.json,1000,1000,0,f95d4401b398e6f65b388822bc500b0d2c7454d9e700512f789b6299ce7e7da4,1.7015784508688376,0.9306085434271953,teacher / baseline reference,,,/data/achahe/alpasim/huggingface/hub/models--nvidia--Alpamayo-1.5-10B-A1-format,True,,action expert,10 (default; verify),alpamayo.data.pai.PAIDataset,/data/datasets/physical_ai_av/,/data/datasets/physical_ai_av/lcdrive_physicalai_av_manifests/lcdrive_val_mysubset_1k_clip_uuids.txt,,0-3146,"[0, 1, 2, 3]",default keyframe,False,True,True,/data/achahe/alpasim/huggingface/hub/models--nvidia--Alpamayo-1.5-10B-A1-format,"{""_target_"": ""alpamayo1_5_distill.models.stitched_model.StitchedAlpamayoR1.from_teacher"", ""alpamayo_config_path"": ""/data/achahe/alpasim/huggingface/hub/models--nvidia--Alpamayo-1.5-10B-A1-format"", ""attn_implementation"": ""sdpa"", ""checkpoint_path"": null, ""teacher_checkpoint_path"": ""/data/achahe/alpasim/huggingface/hub/models--nvidia--Alpamayo-1.5-10B-A1-format"", ""vlm_name_or_path"": ""/data/achahe/alpasim/huggingface/hub/models--nvidia--Cosmos-Reason2-8B/snapshots/a9fae2cf89dc64db96b12860417f0eb403013bb9""}",alpamayo1_5_distill.models.stitched_model.StitchedAlpamayoR1.from_teacher,/home/achahe/alpamayo-recipes/recipes/alpamayo1_5_distill/outputs/2026-08-13/12-40-01/.hydra/config.yaml,/data/achahe/alpamayo-recipes/recipes/alpamayo1_5_distill/training/stitch_4b_teacher_pruneB.log,
/data/achahe/alpamayo-recipes/recipes/alpamayo1_5_distill/training/stitch_4b_teacher_pruneC.json,1000,1000,0,f95d4401b398e6f65b388822bc500b0d2c7454d9e700512f789b6299ce7e7da4,1.6112286376543343,0.7892746159574017,teacher / baseline reference,,,/data/achahe/alpasim/huggingface/hub/models--nvidia--Alpamayo-1.5-10B-A1-format,True,,action expert,10 (default; verify),alpamayo.data.pai.PAIDataset,/data/datasets/physical_ai_av/,/data/datasets/physical_ai_av/lcdrive_physicalai_av_manifests/lcdrive_val_mysubset_1k_clip_uuids.txt,,0-3146,"[0, 1, 2, 3]",default keyframe,False,True,True,/data/achahe/alpasim/huggingface/hub/models--nvidia--Alpamayo-1.5-10B-A1-format,"{""_target_"": ""alpamayo1_5_distill.models.stitched_model.StitchedAlpamayoR1.from_teacher"", ""alpamayo_config_path"": ""/data/achahe/alpasim/huggingface/hub/models--nvidia--Alpamayo-1.5-10B-A1-format"", ""attn_implementation"": ""sdpa"", ""checkpoint_path"": null, ""teacher_checkpoint_path"": ""/data/achahe/alpasim/huggingface/hub/models--nvidia--Alpamayo-1.5-10B-A1-format"", ""vlm_name_or_path"": ""/data/achahe/alpasim/huggingface/hub/models--nvidia--Cosmos-Reason2-8B/snapshots/a9fae2cf89dc64db96b12860417f0eb403013bb9""}",alpamayo1_5_distill.models.stitched_model.StitchedAlpamayoR1.from_teacher,/home/achahe/alpamayo-recipes/recipes/alpamayo1_5_distill/outputs/2026-08-13/17-26-52/.hydra/config.yaml,/data/achahe/alpamayo-recipes/recipes/alpamayo1_5_distill/training/stitch_4b_teacher_pruneC.log,2 historical configs reference result; latest plus log used
/data/achahe/alpamayo-recipes/recipes/alpamayo1_5_distill/training/stitch_smoke.json,12,12,0,2ecec0e5b26ca79c4e53f730f0409181e87d5e551c4a10a347b64a7222b65f6c,7.508457258343697,5.91961233317852,excluded: smoke / tiny diagnostic eval,/data/achahe/alpamayo-recipes/recipes/alpamayo1_5_distill/training/output_kd_4b_kv_lcdrive,output_kd_4b_kv_lcdrive,/data/achahe/alpamayo-recipes/recipes/alpamayo1_5_distill/training/output_kd_4b_kv_lcdrive/checkpoint-1598,True,1.0,action expert,10 (default; verify),alpamayo.data.pai.PAIDataset,/data/datasets/physical_ai_av/,/data/datasets/physical_ai_av/lcdrive_physicalai_av_manifests/lcdrive_val_mysubset_1k_clip_uuids.txt,,0-3146,"[0, 1, 2, 3]",default keyframe,False,True,True,/data/achahe/alpasim/huggingface/hub/models--nvidia--Alpamayo-1.5-10B-A1-format,"{""_target_"": ""alpamayo1_5_distill.models.stitched_model.StitchedAlpamayoR1.from_stitch"", ""alpamayo_config_path"": ""/data/achahe/alpasim/huggingface/hub/models--nvidia--Alpamayo-1.5-10B-A1-format"", ""attn_implementation"": ""sdpa"", ""checkpoint_path"": null, ""teacher_checkpoint_path"": ""/data/achahe/alpasim/huggingface/hub/models--nvidia--Alpamayo-1.5-10B-A1-format"", ""vlm_name_or_path"": ""/data/achahe/alpasim/huggingface/hub/models--Qwen--Qwen3-VL-4B-Instruct/snapshots/ebb281ec70b05090aa6165b016eac8ec08e71b17""}",alpamayo1_5_distill.models.stitched_model.StitchedAlpamayoR1.from_stitch,/home/achahe/alpamayo-recipes/recipes/alpamayo1_5_distill/outputs/2026-08-08/13-31-26/.hydra/config.yaml,/data/achahe/alpamayo-recipes/recipes/alpamayo1_5_distill/training/stitch_smoke.log,6 historical configs reference result; latest plus log used
/data/achahe/alpamayo-recipes/recipes/alpamayo1_5_distill/training/stitch_teacher_smoke.json,12,12,0,2ecec0e5b26ca79c4e53f730f0409181e87d5e551c4a10a347b64a7222b65f6c,1.3334944079009194,0.7381407685267428,excluded: smoke / tiny diagnostic eval,,,/data/achahe/alpasim/huggingface/hub/models--nvidia--Alpamayo-1.5-10B-A1-format,True,,action expert,10 (default; verify),alpamayo.data.pai.PAIDataset,/data/datasets/physical_ai_av/,/data/datasets/physical_ai_av/lcdrive_physicalai_av_manifests/lcdrive_val_mysubset_1k_clip_uuids.txt,,0-3146,"[0, 1, 2, 3]",default keyframe,False,True,True,/data/achahe/alpasim/huggingface/hub/models--nvidia--Alpamayo-1.5-10B-A1-format,"{""_target_"": ""alpamayo1_5_distill.models.stitched_model.StitchedAlpamayoR1.from_teacher"", ""alpamayo_config_path"": ""/data/achahe/alpasim/huggingface/hub/models--nvidia--Alpamayo-1.5-10B-A1-format"", ""attn_implementation"": ""sdpa"", ""checkpoint_path"": null, ""teacher_checkpoint_path"": ""/data/achahe/alpasim/huggingface/hub/models--nvidia--Alpamayo-1.5-10B-A1-format"", ""vlm_name_or_path"": ""/data/achahe/alpasim/huggingface/hub/models--nvidia--Cosmos-Reason2-8B/snapshots/a9fae2cf89dc64db96b12860417f0eb403013bb9""}",alpamayo1_5_distill.models.stitched_model.StitchedAlpamayoR1.from_teacher,/home/achahe/alpamayo-recipes/recipes/alpamayo1_5_distill/outputs/2026-08-08/13-41-51/.hydra/config.yaml,,3 historical configs reference result; latest plus log used
/data/achahe/alpamayo-recipes/recipes/alpamayo1_5_distill/training/structinit_b060_f100_nfe2.json,1000,1000,0,f95d4401b398e6f65b388822bc500b0d2c7454d9e700512f789b6299ce7e7da4,5.66164409956336,3.715572152875364,post-training weight-edit diagnostic,,,/data/achahe/alpamayo-recipes/recipes/alpamayo1_5_distill/training/structinit_variants/b060_f100,True,2.0,action expert,2,alpamayo1_5_distill.data.camera_subset.CameraSubsetPAIDataset,/data/datasets/physical_ai_av/,/data/datasets/physical_ai_av/lcdrive_physicalai_av_manifests/lcdrive_val_mysubset_1k_clip_uuids.txt,/data/datasets/physical_ai_av/lcdrive_physicalai_av_manifests/nav_lcdrive_val_mysubset_1k.json,0-3146,"[1, 3]",annotation anchored,True,True,True,,{},,,/data/achahe/alpamayo-recipes/recipes/alpamayo1_5_distill/training/structinit_b060_f100_nfe2.log,No matching Hydra config; log metadata used
/data/achahe/alpamayo-recipes/recipes/alpamayo1_5_distill/training/structinit_b100_f1000_nfe2.json,1000,1000,0,f95d4401b398e6f65b388822bc500b0d2c7454d9e700512f789b6299ce7e7da4,6.92120720691979,4.705085758365691,post-training weight-edit diagnostic,,,/data/achahe/alpamayo-recipes/recipes/alpamayo1_5_distill/training/structinit_variants/b100_f1000,True,2.0,action expert,2,alpamayo1_5_distill.data.camera_subset.CameraSubsetPAIDataset,/data/datasets/physical_ai_av/,/data/datasets/physical_ai_av/lcdrive_physicalai_av_manifests/lcdrive_val_mysubset_1k_clip_uuids.txt,/data/datasets/physical_ai_av/lcdrive_physicalai_av_manifests/nav_lcdrive_val_mysubset_1k.json,0-3146,"[1, 3]",annotation anchored,True,True,True,/data/achahe/alpamayo-recipes/recipes/alpamayo1_5_distill/training/structinit_variants/b100_f1000,"{""_target_"": ""alpamayo1_5_distill.models.stitched_model.StitchedAlpamayoR1.from_stitch"", ""alpamayo_config_path"": ""/data/achahe/alpasim/huggingface/hub/models--nvidia--Alpamayo-1.5-10B-A1-format"", ""attn_implementation"": ""sdpa"", ""checkpoint_path"": null, ""teacher_checkpoint_path"": ""/data/achahe/alpamayo-recipes/recipes/alpamayo1_5_distill/training/structinit_variants/b100_f1000"", ""vlm_name_or_path"": ""/data/achahe/alpasim/huggingface/hub/Cosmos-Reason2-2B""}",alpamayo1_5_distill.models.stitched_model.StitchedAlpamayoR1.from_stitch,/home/achahe/alpamayo-recipes/recipes/alpamayo1_5_distill/outputs/2026-09-03/10-03-26/.hydra/config.yaml,/data/achahe/alpamayo-recipes/recipes/alpamayo1_5_distill/training/structinit_b100_f1000_nfe2.log,
/data/achahe/alpamayo-recipes/recipes/alpamayo1_5_distill/training/untrainedvlm_cdgt05expert_nfe1.json,1000,1000,0,f95d4401b398e6f65b388822bc500b0d2c7454d9e700512f789b6299ce7e7da4,17.83425378756225,11.490472625941038,included,/data/achahe/alpamayo-recipes/recipes/alpamayo1_5_distill/training/output_cd_eos2b_endpoint_gt05_nav_e2_bs32_20260830,output_cd_eos2b_endpoint_gt05_nav_e2_bs32_20260830,/data/achahe/alpamayo-recipes/recipes/alpamayo1_5_distill/training/output_cd_eos2b_endpoint_gt05_nav_e2_bs32_20260830/checkpoint-3126,True,2.0,action expert,1,alpamayo1_5_distill.data.camera_subset.CameraSubsetPAIDataset,/data/datasets/physical_ai_av/,/data/datasets/physical_ai_av/lcdrive_physicalai_av_manifests/lcdrive_val_mysubset_1k_clip_uuids.txt,/data/datasets/physical_ai_av/lcdrive_physicalai_av_manifests/nav_lcdrive_val_mysubset_1k.json,0-3146,"[1, 3]",annotation anchored,True,True,True,,{},,,/data/achahe/alpamayo-recipes/recipes/alpamayo1_5_distill/training/untrainedvlm_cdgt05expert_nfe1.log,No matching Hydra config; log metadata used
/data/achahe/alpamayo-recipes/recipes/alpamayo1_5_distill/training/untrainedvlm_cdgt05expert_nfe2.json,1000,1000,0,f95d4401b398e6f65b388822bc500b0d2c7454d9e700512f789b6299ce7e7da4,20.368923532038927,16.302175405472518,included,/data/achahe/alpamayo-recipes/recipes/alpamayo1_5_distill/training/output_cd_eos2b_endpoint_gt05_nav_e2_bs32_20260830,output_cd_eos2b_endpoint_gt05_nav_e2_bs32_20260830,/data/achahe/alpamayo-recipes/recipes/alpamayo1_5_distill/training/output_cd_eos2b_endpoint_gt05_nav_e2_bs32_20260830/checkpoint-3126,True,2.0,action expert,2,alpamayo1_5_distill.data.camera_subset.CameraSubsetPAIDataset,/data/datasets/physical_ai_av/,/data/datasets/physical_ai_av/lcdrive_physicalai_av_manifests/lcdrive_val_mysubset_1k_clip_uuids.txt,/data/datasets/physical_ai_av/lcdrive_physicalai_av_manifests/nav_lcdrive_val_mysubset_1k.json,0-3146,"[1, 3]",annotation anchored,True,True,True,/data/achahe/alpamayo-recipes/recipes/alpamayo1_5_distill/training/output_cd_eos2b_endpoint_gt05_nav_e2_bs32_20260830/checkpoint-3126,"{""_target_"": ""alpamayo1_5_distill.models.stitched_model.StitchedAlpamayoR1.from_stitch"", ""alpamayo_config_path"": ""/data/achahe/alpasim/huggingface/hub/models--nvidia--Alpamayo-1.5-10B-A1-format"", ""attn_implementation"": ""sdpa"", ""checkpoint_path"": null, ""teacher_checkpoint_path"": ""/data/achahe/alpamayo-recipes/recipes/alpamayo1_5_distill/training/output_cd_eos2b_endpoint_gt05_nav_e2_bs32_20260830/checkpoint-3126"", ""vlm_name_or_path"": ""/data/achahe/alpasim/huggingface/hub/Cosmos-Reason2-2B""}",alpamayo1_5_distill.models.stitched_model.StitchedAlpamayoR1.from_stitch,/home/achahe/alpamayo-recipes/recipes/alpamayo1_5_distill/outputs/2026-09-02/17-03-38/.hydra/config.yaml,/data/achahe/alpamayo-recipes/recipes/alpamayo1_5_distill/training/untrainedvlm_cdgt05expert_nfe2.log,
