run_dir,epoch,global_step,state_path,config_source,notes,run_id,status,family,loss_config,objective,model_target,vlm,initial_checkpoint,resume_from,learning_rate,lr_multipliers,dataset_class,dataset_root,clip_filter,annotations,chunks,cameras,timing,route_in_prompt,camera_ids,frame_numbers,eval_count
/data/achahe/alpamayo-recipes/recipes/alpamayo1_5_distill/training/.stale_noaux_T2_cancelled382,0,0,,/data/achahe/alpamayo-recipes/recipes/alpamayo1_5_distill/training/.stale_noaux_T2_cancelled382/config.yaml,,.stale_noaux_T2_cancelled382,excluded: below one epoch / no completion evidence,KAVA latent-slot distillation and controls,"{""kava"": {""jacobi_iters"": 2, ""kv_align"": ""projector"", ""kv_layer_map"": null, ""kv_layerwise_std"": true, ""kv_loss_type"": ""l1"", ""kv_loss_weight"": 0.0, ""num_slots"": 8, ""slot_init"": ""vocab"", ""slot_init_cot_text"": ""${data.train_dataset.kv_cache_root}"", ""slot_init_std"": 0.02, ""teacher_layers"": 36}, ""latent_cosine_weight"": 0.1, ""latent_loss_weight"": 0.0}","CE + 0*latent + 0*KV; M=8, T=2, l1",alpamayo1_5_distill.models.kava_model.KaVaReasoningVLA.from_pretrained_vlm,/data/achahe/alpasim/huggingface/hub/Cosmos-Reason2-2B,/data/achahe/alpamayo-recipes/recipes/alpamayo1_5_sft/training/output_stage1_cosmos2b_lcdrive/checkpoint-3597,,1e-05,"{""vlm.model.visual"": 0.1, ""latent_proj"": 10.0, ""kv_projector"": 5.0, ""slot_embeddings"": 10.0, ""jacobi_proj"": 5.0}",alpamayo1_5_distill.data.kava_dataset.KaVaPAIDataset,/data/datasets/physical_ai_av/,/data/datasets/physical_ai_av/lcdrive_physicalai_av_manifests/lcdrive_train_clip_uuids.txt,,0-3146,"[0, 1, 2, 3]",default keyframe,False,False,False,0
/data/achahe/alpamayo-recipes/recipes/alpamayo1_5_distill/training/.stale_noaux_T2_nccl383,0,0,,/data/achahe/alpamayo-recipes/recipes/alpamayo1_5_distill/training/.stale_noaux_T2_nccl383/config.yaml,,.stale_noaux_T2_nccl383,excluded: below one epoch / no completion evidence,KAVA latent-slot distillation and controls,"{""kava"": {""jacobi_iters"": 2, ""kv_align"": ""projector"", ""kv_layer_map"": null, ""kv_layerwise_std"": true, ""kv_loss_type"": ""l1"", ""kv_loss_weight"": 0.0, ""num_slots"": 8, ""slot_init"": ""vocab"", ""slot_init_cot_text"": ""${data.train_dataset.kv_cache_root}"", ""slot_init_std"": 0.02, ""teacher_layers"": 36}, ""latent_cosine_weight"": 0.1, ""latent_loss_weight"": 0.0}","CE + 0*latent + 0*KV; M=8, T=2, l1",alpamayo1_5_distill.models.kava_model.KaVaReasoningVLA.from_pretrained_vlm,/data/achahe/alpasim/huggingface/hub/Cosmos-Reason2-2B,/data/achahe/alpamayo-recipes/recipes/alpamayo1_5_sft/training/output_stage1_cosmos2b_lcdrive/checkpoint-3597,,1e-05,"{""vlm.model.visual"": 0.1, ""latent_proj"": 10.0, ""kv_projector"": 5.0, ""slot_embeddings"": 10.0, ""jacobi_proj"": 5.0}",alpamayo1_5_distill.data.kava_dataset.KaVaPAIDataset,/data/datasets/physical_ai_av/,/data/datasets/physical_ai_av/lcdrive_physicalai_av_manifests/lcdrive_train_clip_uuids.txt,,0-3146,"[0, 1, 2, 3]",default keyframe,False,False,False,0
/data/achahe/alpamayo-recipes/recipes/alpamayo1_5_distill/training/.stale_noaux_T2_nccl384,0,0,,/data/achahe/alpamayo-recipes/recipes/alpamayo1_5_distill/training/.stale_noaux_T2_nccl384/config.yaml,,.stale_noaux_T2_nccl384,excluded: below one epoch / no completion evidence,KAVA latent-slot distillation and controls,"{""kava"": {""jacobi_iters"": 2, ""kv_align"": ""projector"", ""kv_layer_map"": null, ""kv_layerwise_std"": true, ""kv_loss_type"": ""l1"", ""kv_loss_weight"": 0.0, ""num_slots"": 8, ""slot_init"": ""vocab"", ""slot_init_cot_text"": ""${data.train_dataset.kv_cache_root}"", ""slot_init_std"": 0.02, ""teacher_layers"": 36}, ""latent_cosine_weight"": 0.1, ""latent_loss_weight"": 0.0}","CE + 0*latent + 0*KV; M=8, T=2, l1",alpamayo1_5_distill.models.kava_model.KaVaReasoningVLA.from_pretrained_vlm,/data/achahe/alpasim/huggingface/hub/Cosmos-Reason2-2B,/data/achahe/alpamayo-recipes/recipes/alpamayo1_5_sft/training/output_stage1_cosmos2b_lcdrive/checkpoint-3597,,1e-05,"{""vlm.model.visual"": 0.1, ""latent_proj"": 10.0, ""kv_projector"": 5.0, ""slot_embeddings"": 10.0, ""jacobi_proj"": 5.0}",alpamayo1_5_distill.data.kava_dataset.KaVaPAIDataset,/data/datasets/physical_ai_av/,/data/datasets/physical_ai_av/lcdrive_physicalai_av_manifests/lcdrive_train_clip_uuids.txt,,0-3146,"[0, 1, 2, 3]",default keyframe,False,False,False,0
/data/achahe/alpamayo-recipes/recipes/alpamayo1_5_distill/training/b2c_smoke,0,0,,/data/achahe/alpamayo-recipes/recipes/alpamayo1_5_distill/training/b2c_smoke/config.yaml,,b2c_smoke,excluded: below one epoch / no completion evidence,VLM cache / block / field distillation and CE controls,"{""kd"": {""block_timestep"": ""beta"", ""block_weight"": 1.0, ""ce_weight"": 0.0, ""kd_temperature"": 1.0, ""kd_weight"": 0.0, ""kv_align"": ""direct"", ""kv_layerwise_std"": true, ""kv_loss_type"": ""l1"", ""kv_weight"": 0.0, ""log_kv_regions"": true}}","1*block; t=beta, span=1",alpamayo1_5_distill.models.kd_model.KDReasoningVLA.from_pretrained_vlm,/data/achahe/alpasim/huggingface/hub/Cosmos-Reason2-2B,,,1e-05,{},alpamayo1_5_distill.data.camera_subset.CameraSubsetPAIDataset,/data/datasets/physical_ai_av/,/data/datasets/physical_ai_av/lcdrive_physicalai_av_manifests/lcdrive_train_clip_uuids.txt,,0-120,"[1, 3]",default keyframe,False,True,True,0
/data/achahe/alpamayo-recipes/recipes/alpamayo1_5_distill/training/block2b_piprobe,0,0,,/data/achahe/alpamayo-recipes/recipes/alpamayo1_5_distill/training/block2b_piprobe/config.yaml,,block2b_piprobe,excluded: below one epoch / no completion evidence,VLM cache / block / field distillation and CE controls,"{""kd"": {""block_timestep"": ""beta"", ""block_weight"": 1.0, ""ce_weight"": 0.0, ""kd_temperature"": 1.0, ""kd_weight"": 0.0, ""kv_align"": ""direct"", ""kv_layerwise_std"": true, ""kv_loss_type"": ""l1"", ""kv_weight"": 0.0, ""log_kv_regions"": true}}","1*block; t=beta, span=1",alpamayo1_5_distill.models.kd_model.KDReasoningVLA.from_pretrained_vlm,/data/achahe/alpasim/huggingface/hub/Cosmos-Reason2-2B,,,1e-05,"{""vlm.model.visual"": 0.1}",alpamayo.data.pai.PAIDataset,/data/datasets/physical_ai_av/,/data/datasets/physical_ai_av/lcdrive_physicalai_av_manifests/lcdrive_train_clip_uuids.txt,,0-120,"[0, 1, 2, 3]",default keyframe,False,True,True,0
/data/achahe/alpamayo-recipes/recipes/alpamayo1_5_distill/training/block2b_smoke,0,0,,/data/achahe/alpamayo-recipes/recipes/alpamayo1_5_distill/training/block2b_smoke/config.yaml,,block2b_smoke,excluded: below one epoch / no completion evidence,VLM cache / block / field distillation and CE controls,"{""kd"": {""block_timestep"": ""beta"", ""block_weight"": 1.0, ""ce_weight"": 0.0, ""kd_temperature"": 1.0, ""kd_weight"": 0.0, ""kv_align"": ""direct"", ""kv_layerwise_std"": true, ""kv_loss_type"": ""l1"", ""kv_weight"": 0.0, ""log_kv_regions"": true}}","1*block; t=beta, span=1",alpamayo1_5_distill.models.kd_model.KDReasoningVLA.from_pretrained_vlm,/data/achahe/alpasim/huggingface/hub/Cosmos-Reason2-2B,,,1e-05,"{""vlm.model.visual"": 0.1}",alpamayo.data.pai.PAIDataset,/data/datasets/physical_ai_av/,/data/datasets/physical_ai_av/lcdrive_physicalai_av_manifests/lcdrive_train_clip_uuids.txt,,0-120,"[0, 1, 2, 3]",default keyframe,False,True,True,0
/data/achahe/alpamayo-recipes/recipes/alpamayo1_5_distill/training/blockfield_ck3500,0,0,,/data/achahe/alpamayo-recipes/recipes/alpamayo1_5_distill/training/blockfield_ck3500/config.yaml,,blockfield_ck3500,excluded: below one epoch / no completion evidence,VLM cache / block / field distillation and CE controls,"{""kd"": {""block_timestep"": ""beta"", ""block_weight"": 1.0, ""ce_weight"": 0.0, ""field_weight"": 1.0, ""kd_temperature"": 1.0, ""kd_weight"": 0.0, ""kv_align"": ""direct"", ""kv_layerwise_std"": true, ""kv_loss_type"": ""l1"", ""kv_weight"": 0.0, ""log_kv_regions"": true}}","1*block + 1*field; t=beta, span=1",alpamayo1_5_distill.models.kd_model.KDReasoningVLA.from_pretrained_vlm,/data/achahe/alpasim/huggingface/hub/Cosmos-Reason2-2B,/data/achahe/alpamayo-recipes/recipes/alpamayo1_5_distill/training/output_kd_2b_block2b_lcdrive/checkpoint-3500,,1e-05,"{""vlm.model.visual"": 0.1}",alpamayo.data.pai.PAIDataset,/data/datasets/physical_ai_av/,/data/datasets/physical_ai_av/lcdrive_physicalai_av_manifests/lcdrive_train_clip_uuids.txt,,0-120,"[0, 1, 2, 3]",default keyframe,False,True,True,0
/data/achahe/alpamayo-recipes/recipes/alpamayo1_5_distill/training/blockfield_smoke,0,0,,/data/achahe/alpamayo-recipes/recipes/alpamayo1_5_distill/training/blockfield_smoke/config.yaml,,blockfield_smoke,excluded: below one epoch / no completion evidence,VLM cache / block / field distillation and CE controls,"{""kd"": {""block_timestep"": ""beta"", ""block_weight"": 1.0, ""ce_weight"": 0.0, ""field_weight"": 1.0, ""kd_temperature"": 1.0, ""kd_weight"": 0.0, ""kv_align"": ""direct"", ""kv_layerwise_std"": true, ""kv_loss_type"": ""l1"", ""kv_weight"": 0.0, ""log_kv_regions"": true}}","1*block + 1*field; t=beta, span=1",alpamayo1_5_distill.models.kd_model.KDReasoningVLA.from_pretrained_vlm,/data/achahe/alpasim/huggingface/hub/Cosmos-Reason2-2B,,,1e-05,"{""vlm.model.visual"": 0.1}",alpamayo.data.pai.PAIDataset,/data/datasets/physical_ai_av/,/data/datasets/physical_ai_av/lcdrive_physicalai_av_manifests/lcdrive_train_clip_uuids.txt,,0-120,"[0, 1, 2, 3]",default keyframe,False,True,True,0
/data/achahe/alpamayo-recipes/recipes/alpamayo1_5_distill/training/blockfr_smoke,0,0,,/data/achahe/alpamayo-recipes/recipes/alpamayo1_5_distill/training/blockfr_smoke/config.yaml,,blockfr_smoke,excluded: below one epoch / no completion evidence,VLM cache / block / field distillation and CE controls,"{""kd"": {""block_freerun_weight"": 1.0, ""block_timestep"": ""beta"", ""block_weight"": 1.0, ""ce_weight"": 0.0, ""kd_temperature"": 1.0, ""kd_weight"": 0.0, ""kv_align"": ""direct"", ""kv_layerwise_std"": true, ""kv_loss_type"": ""l1"", ""kv_weight"": 0.0, ""log_kv_regions"": true}}","1*block; t=beta, span=1",alpamayo1_5_distill.models.kd_model.KDReasoningVLA.from_pretrained_vlm,/data/achahe/alpasim/huggingface/hub/models--Qwen--Qwen3-VL-4B-Instruct/snapshots/ebb281ec70b05090aa6165b016eac8ec08e71b17,/data/achahe/alpamayo-recipes/recipes/alpamayo1_5_distill/training/output_kd_4b_blockrandt_e3_lcdrive/checkpoint-4794,,1e-05,"{""vlm.model.visual"": 0.1}",alpamayo.data.pai.PAIDataset,/data/datasets/physical_ai_av/,/data/datasets/physical_ai_av/lcdrive_physicalai_av_manifests/lcdrive_train_clip_uuids.txt,,0-120,"[0, 1, 2, 3]",default keyframe,False,True,True,0
/data/achahe/alpamayo-recipes/recipes/alpamayo1_5_distill/training/blockfr_smoke2,0,0,,/data/achahe/alpamayo-recipes/recipes/alpamayo1_5_distill/training/blockfr_smoke2/config.yaml,,blockfr_smoke2,excluded: below one epoch / no completion evidence,VLM cache / block / field distillation and CE controls,"{""kd"": {""block_freerun_layers"": 12, ""block_freerun_weight"": 1.0, ""block_timestep"": ""beta"", ""block_weight"": 1.0, ""ce_weight"": 0.0, ""kd_temperature"": 1.0, ""kd_weight"": 0.0, ""kv_align"": ""direct"", ""kv_layerwise_std"": true, ""kv_loss_type"": ""l1"", ""kv_weight"": 0.0, ""log_kv_regions"": true}}","1*block; t=beta, span=1",alpamayo1_5_distill.models.kd_model.KDReasoningVLA.from_pretrained_vlm,/data/achahe/alpasim/huggingface/hub/models--Qwen--Qwen3-VL-4B-Instruct/snapshots/ebb281ec70b05090aa6165b016eac8ec08e71b17,/data/achahe/alpamayo-recipes/recipes/alpamayo1_5_distill/training/output_kd_4b_blockrandt_e3_lcdrive/checkpoint-4794,,1e-05,"{""vlm.model.visual"": 0.1}",alpamayo.data.pai.PAIDataset,/data/datasets/physical_ai_av/,/data/datasets/physical_ai_av/lcdrive_physicalai_av_manifests/lcdrive_train_clip_uuids.txt,,0-120,"[0, 1, 2, 3]",default keyframe,False,True,True,0
/data/achahe/alpamayo-recipes/recipes/alpamayo1_5_distill/training/blockfr_smoke3,0,0,,/data/achahe/alpamayo-recipes/recipes/alpamayo1_5_distill/training/blockfr_smoke3/config.yaml,,blockfr_smoke3,excluded: below one epoch / no completion evidence,VLM cache / block / field distillation and CE controls,"{""kd"": {""block_freerun_layers"": 0, ""block_freerun_weight"": 1.0, ""block_timestep"": ""beta"", ""block_weight"": 1.0, ""ce_weight"": 0.0, ""kd_temperature"": 1.0, ""kd_weight"": 0.0, ""kv_align"": ""direct"", ""kv_layerwise_std"": true, ""kv_loss_type"": ""l1"", ""kv_weight"": 0.0, ""log_kv_regions"": true}}","1*block; t=beta, span=1",alpamayo1_5_distill.models.kd_model.KDReasoningVLA.from_pretrained_vlm,/data/achahe/alpasim/huggingface/hub/models--Qwen--Qwen3-VL-4B-Instruct/snapshots/ebb281ec70b05090aa6165b016eac8ec08e71b17,/data/achahe/alpamayo-recipes/recipes/alpamayo1_5_distill/training/output_kd_4b_blockrandt_e3_lcdrive/checkpoint-4794,,1e-05,"{""vlm.model.visual"": 0.1}",alpamayo.data.pai.PAIDataset,/data/datasets/physical_ai_av/,/data/datasets/physical_ai_av/lcdrive_physicalai_av_manifests/lcdrive_train_clip_uuids.txt,,0-120,"[0, 1, 2, 3]",default keyframe,False,True,True,0
/data/achahe/alpamayo-recipes/recipes/alpamayo1_5_distill/training/blockfr_smoke4,0,0,,/data/achahe/alpamayo-recipes/recipes/alpamayo1_5_distill/training/blockfr_smoke4/config.yaml,,blockfr_smoke4,excluded: below one epoch / no completion evidence,VLM cache / block / field distillation and CE controls,"{""kd"": {""block_freerun_layers"": 0, ""block_freerun_weight"": 1.0, ""block_timestep"": ""beta"", ""block_weight"": 1.0, ""ce_weight"": 0.0, ""kd_temperature"": 1.0, ""kd_weight"": 0.0, ""kv_align"": ""direct"", ""kv_layerwise_std"": true, ""kv_loss_type"": ""l1"", ""kv_weight"": 0.0, ""log_kv_regions"": true}}","1*block; t=beta, span=1",alpamayo1_5_distill.models.kd_model.KDReasoningVLA.from_pretrained_vlm,/data/achahe/alpasim/huggingface/hub/models--Qwen--Qwen3-VL-4B-Instruct/snapshots/ebb281ec70b05090aa6165b016eac8ec08e71b17,/data/achahe/alpamayo-recipes/recipes/alpamayo1_5_distill/training/output_kd_4b_blockrandt_e3_lcdrive/checkpoint-4794,,1e-05,"{""vlm.model.visual"": 0.1}",alpamayo.data.pai.PAIDataset,/data/datasets/physical_ai_av/,/data/datasets/physical_ai_av/lcdrive_physicalai_av_manifests/lcdrive_train_clip_uuids.txt,,0-120,"[0, 1, 2, 3]",default keyframe,False,True,True,0
/data/achahe/alpamayo-recipes/recipes/alpamayo1_5_distill/training/expert_on_student_bs2,0,0,,/data/achahe/alpamayo-recipes/recipes/alpamayo1_5_distill/training/expert_on_student_bs2/config.yaml,,expert_on_student_bs2,excluded: below one epoch / no completion evidence,Expert-on-student / supervised controls,"{""cotrain_vlm"": false}",Supervised action flow matching; VLM frozen (EoS control),alpamayo1_5_distill.models.stitched_model.TrainableStitchedAlpamayoR1.from_student,/data/achahe/alpasim/huggingface/hub/models--Qwen--Qwen3-VL-4B-Instruct/snapshots/ebb281ec70b05090aa6165b016eac8ec08e71b17,/data/achahe/alpamayo-recipes/recipes/alpamayo1_5_distill/training/output_kd_4b_blockrandt_e3_lcdrive/checkpoint-4794,,2e-05,{},alpamayo.data.pai.PAIDataset,/data/datasets/physical_ai_av/,/data/datasets/physical_ai_av/lcdrive_physicalai_av_manifests/lcdrive_train_clip_uuids.txt,,0-120,"[0, 1, 2, 3]",default keyframe,False,True,True,0
/data/achahe/alpamayo-recipes/recipes/alpamayo1_5_distill/training/expert_on_student_bs4,0,0,,/data/achahe/alpamayo-recipes/recipes/alpamayo1_5_distill/training/expert_on_student_bs4/config.yaml,,expert_on_student_bs4,excluded: below one epoch / no completion evidence,Expert-on-student / supervised controls,"{""cotrain_vlm"": false}",Supervised action flow matching; VLM frozen (EoS control),alpamayo1_5_distill.models.stitched_model.TrainableStitchedAlpamayoR1.from_student,/data/achahe/alpasim/huggingface/hub/models--Qwen--Qwen3-VL-4B-Instruct/snapshots/ebb281ec70b05090aa6165b016eac8ec08e71b17,/data/achahe/alpamayo-recipes/recipes/alpamayo1_5_distill/training/output_kd_4b_blockrandt_e3_lcdrive/checkpoint-4794,,2e-05,{},alpamayo.data.pai.PAIDataset,/data/datasets/physical_ai_av/,/data/datasets/physical_ai_av/lcdrive_physicalai_av_manifests/lcdrive_train_clip_uuids.txt,,0-120,"[0, 1, 2, 3]",default keyframe,False,True,True,0
/data/achahe/alpamayo-recipes/recipes/alpamayo1_5_distill/training/expert_on_student_smoke,0,0,,/data/achahe/alpamayo-recipes/recipes/alpamayo1_5_distill/training/expert_on_student_smoke/config.yaml,,expert_on_student_smoke,excluded: below one epoch / no completion evidence,Expert-on-student / supervised controls,"{""cotrain_vlm"": false}",Supervised action flow matching; VLM frozen (EoS control),alpamayo1_5_distill.models.stitched_model.TrainableStitchedAlpamayoR1.from_student,/data/achahe/alpasim/huggingface/hub/models--Qwen--Qwen3-VL-4B-Instruct/snapshots/ebb281ec70b05090aa6165b016eac8ec08e71b17,/data/achahe/alpamayo-recipes/recipes/alpamayo1_5_distill/training/output_kd_4b_blockrandt_e3_lcdrive/checkpoint-4794,,2e-05,{},alpamayo.data.pai.PAIDataset,/data/datasets/physical_ai_av/,/data/datasets/physical_ai_av/lcdrive_physicalai_av_manifests/lcdrive_train_clip_uuids.txt,,0-120,"[0, 1, 2, 3]",default keyframe,False,True,True,0
/data/achahe/alpamayo-recipes/recipes/alpamayo1_5_distill/training/freerun_probe,0,0,,/data/achahe/alpamayo-recipes/recipes/alpamayo1_5_distill/training/freerun_probe/config.yaml,,freerun_probe,excluded: below one epoch / no completion evidence,VLM cache / block / field distillation and CE controls,"{""kd"": {""block_timestep"": ""beta"", ""block_weight"": 1.0, ""ce_weight"": 0.0, ""kd_temperature"": 1.0, ""kd_weight"": 0.0, ""kv_align"": ""direct"", ""kv_layerwise_std"": true, ""kv_loss_type"": ""l1"", ""kv_weight"": 0.0, ""log_kv_regions"": true}}","1*block; t=beta, span=1",alpamayo1_5_distill.models.kd_model.KDReasoningVLA.from_pretrained_vlm,/data/achahe/alpasim/huggingface/hub/models--Qwen--Qwen3-VL-4B-Instruct/snapshots/ebb281ec70b05090aa6165b016eac8ec08e71b17,/data/achahe/alpamayo-recipes/recipes/alpamayo1_5_distill/training/output_kd_4b_blockrandt_e3_lcdrive/checkpoint-4794,,1e-12,"{""vlm.model.visual"": 0.1}",alpamayo.data.pai.PAIDataset,/data/datasets/physical_ai_av/,/data/datasets/physical_ai_av/lcdrive_physicalai_av_manifests/lcdrive_train_clip_uuids.txt,,0-3146,"[0, 1, 2, 3]",default keyframe,False,True,True,0
/data/achahe/alpamayo-recipes/recipes/alpamayo1_5_distill/training/lrtest_1e-4,0,0,,/data/achahe/alpamayo-recipes/recipes/alpamayo1_5_distill/training/lrtest_1e-4/config.yaml,,lrtest_1e-4,excluded: below one epoch / no completion evidence,VLM cache / block / field distillation and CE controls,"{""kd"": {""block_timestep"": ""beta"", ""block_weight"": 1.0, ""ce_weight"": 0.0, ""kd_temperature"": 1.0, ""kd_weight"": 0.0, ""kv_align"": ""direct"", ""kv_layerwise_std"": true, ""kv_loss_type"": ""l1"", ""kv_weight"": 0.0, ""log_kv_regions"": true}}","1*block; t=beta, span=1",alpamayo1_5_distill.models.kd_model.KDReasoningVLA.from_pretrained_vlm,/data/achahe/alpasim/huggingface/hub/Cosmos-Reason2-2B,/data/achahe/alpamayo-recipes/recipes/alpamayo1_5_distill/training/output_kd_2b_block2b_lcdrive/checkpoint-3500,,0.0001,"{""vlm.model.visual"": 0.1}",alpamayo.data.pai.PAIDataset,/data/datasets/physical_ai_av/,/data/datasets/physical_ai_av/lcdrive_physicalai_av_manifests/lcdrive_train_clip_uuids.txt,,0-3146,"[0, 1, 2, 3]",default keyframe,False,True,True,0
/data/achahe/alpamayo-recipes/recipes/alpamayo1_5_distill/training/lrtest_5e-5,0,0,,/data/achahe/alpamayo-recipes/recipes/alpamayo1_5_distill/training/lrtest_5e-5/config.yaml,,lrtest_5e-5,excluded: below one epoch / no completion evidence,VLM cache / block / field distillation and CE controls,"{""kd"": {""block_timestep"": ""beta"", ""block_weight"": 1.0, ""ce_weight"": 0.0, ""kd_temperature"": 1.0, ""kd_weight"": 0.0, ""kv_align"": ""direct"", ""kv_layerwise_std"": true, ""kv_loss_type"": ""l1"", ""kv_weight"": 0.0, ""log_kv_regions"": true}}","1*block; t=beta, span=1",alpamayo1_5_distill.models.kd_model.KDReasoningVLA.from_pretrained_vlm,/data/achahe/alpasim/huggingface/hub/Cosmos-Reason2-2B,/data/achahe/alpamayo-recipes/recipes/alpamayo1_5_distill/training/output_kd_2b_block2b_lcdrive/checkpoint-3500,,5e-05,"{""vlm.model.visual"": 0.1}",alpamayo.data.pai.PAIDataset,/data/datasets/physical_ai_av/,/data/datasets/physical_ai_av/lcdrive_physicalai_av_manifests/lcdrive_train_clip_uuids.txt,,0-3146,"[0, 1, 2, 3]",default keyframe,False,True,True,0
/data/achahe/alpamayo-recipes/recipes/alpamayo1_5_distill/training/output_cd_eos2b_endpoint_gt01_nav_e2_bs32_20260830,2.0,3126,/data/achahe/alpamayo-recipes/recipes/alpamayo1_5_distill/training/output_cd_eos2b_endpoint_gt01_nav_e2_bs32_20260830/checkpoint-3126/trainer_state.json,/data/achahe/alpamayo-recipes/recipes/alpamayo1_5_distill/training/output_cd_eos2b_endpoint_gt01_nav_e2_bs32_20260830/config.yaml,,output_cd_eos2b_endpoint_gt01_nav_e2_bs32_20260830,included,Consistency / endpoint distillation,"{""cd"": {""cd_weight"": 0.0, ""m_rungs"": 10, ""metric"": ""mse"", ""normalizer"": 1.0, ""student_prune_layers"": null, ""teacher_num_layers"": 28, ""teacher_source"": ""cached_full"", ""x0_gt_normalizer"": 1.0, ""x0_gt_weight"": 0.1, ""x0_source"": ""gt"", ""x0_teacher_weight"": 1.0}, ""cotrain_vlm"": false, ""stop_grad_from_vlm"": true}",0*CD + 1*teacher endpoint + 0.1*GT endpoint; teacher=cached_full,alpamayo1_5_distill.models.consistency_expert.ConsistencyExpertVLA.from_eos_checkpoint,/data/achahe/alpasim/huggingface/hub/Cosmos-Reason2-2B,/data/achahe/alpamayo-recipes/recipes/alpamayo1_5_distill/training/output_eos_2b_nav_e3_clean_maskfix_e2_lcdrive/checkpoint-4168,,2e-05,{},alpamayo1_5_distill.data.camera_subset.CameraSubsetPAIDataset,/data/datasets/physical_ai_av/,/data/datasets/physical_ai_av/lcdrive_physicalai_av_manifests/lcdrive_train_clip_uuids.txt,/data/datasets/physical_ai_av/lcdrive_physicalai_av_manifests/nav_lcdrive_train_anchors_50k_turnpreserved.json,0-3146,"[1, 3]",annotation anchored,True,True,True,2
/data/achahe/alpamayo-recipes/recipes/alpamayo1_5_distill/training/output_cd_eos2b_endpoint_gt03_nav_e2_bs32_20260830,2.0,3126,/data/achahe/alpamayo-recipes/recipes/alpamayo1_5_distill/training/output_cd_eos2b_endpoint_gt03_nav_e2_bs32_20260830/checkpoint-3126/trainer_state.json,/data/achahe/alpamayo-recipes/recipes/alpamayo1_5_distill/training/output_cd_eos2b_endpoint_gt03_nav_e2_bs32_20260830/config.yaml,,output_cd_eos2b_endpoint_gt03_nav_e2_bs32_20260830,included,Consistency / endpoint distillation,"{""cd"": {""cd_weight"": 0.0, ""m_rungs"": 10, ""metric"": ""mse"", ""normalizer"": 1.0, ""student_prune_layers"": null, ""teacher_num_layers"": 28, ""teacher_source"": ""cached_full"", ""x0_gt_normalizer"": 1.0, ""x0_gt_weight"": 0.3, ""x0_source"": ""gt"", ""x0_teacher_weight"": 1.0}, ""cotrain_vlm"": false, ""stop_grad_from_vlm"": true}",0*CD + 1*teacher endpoint + 0.3*GT endpoint; teacher=cached_full,alpamayo1_5_distill.models.consistency_expert.ConsistencyExpertVLA.from_eos_checkpoint,/data/achahe/alpasim/huggingface/hub/Cosmos-Reason2-2B,/data/achahe/alpamayo-recipes/recipes/alpamayo1_5_distill/training/output_eos_2b_nav_e3_clean_maskfix_e2_lcdrive/checkpoint-4168,,2e-05,{},alpamayo1_5_distill.data.camera_subset.CameraSubsetPAIDataset,/data/datasets/physical_ai_av/,/data/datasets/physical_ai_av/lcdrive_physicalai_av_manifests/lcdrive_train_clip_uuids.txt,/data/datasets/physical_ai_av/lcdrive_physicalai_av_manifests/nav_lcdrive_train_anchors_50k_turnpreserved.json,0-3146,"[1, 3]",annotation anchored,True,True,True,2
/data/achahe/alpamayo-recipes/recipes/alpamayo1_5_distill/training/output_cd_eos2b_endpoint_gt05_nav_e2_bs32_20260830,3.0,4689,/data/achahe/alpamayo-recipes/recipes/alpamayo1_5_distill/training/output_cd_eos2b_endpoint_gt05_nav_e2_bs32_20260830/checkpoint-4689/trainer_state.json,/data/achahe/alpamayo-recipes/recipes/alpamayo1_5_distill/training/output_cd_eos2b_endpoint_gt05_nav_e2_bs32_20260830/config.yaml,,output_cd_eos2b_endpoint_gt05_nav_e2_bs32_20260830,included,Consistency / endpoint distillation,"{""cd"": {""cd_weight"": 0.0, ""m_rungs"": 10, ""metric"": ""mse"", ""normalizer"": 1.0, ""student_prune_layers"": null, ""teacher_num_layers"": 28, ""teacher_source"": ""cached_full"", ""x0_gt_normalizer"": 1.0, ""x0_gt_weight"": 0.5, ""x0_source"": ""gt"", ""x0_teacher_weight"": 1.0}, ""cotrain_vlm"": false, ""stop_grad_from_vlm"": true}",0*CD + 1*teacher endpoint + 0.5*GT endpoint; teacher=cached_full,alpamayo1_5_distill.models.consistency_expert.ConsistencyExpertVLA.from_eos_checkpoint,/data/achahe/alpasim/huggingface/hub/Cosmos-Reason2-2B,/data/achahe/alpamayo-recipes/recipes/alpamayo1_5_distill/training/output_eos_2b_nav_e3_clean_maskfix_e2_lcdrive/checkpoint-4168,/data/achahe/alpamayo-recipes/recipes/alpamayo1_5_distill/training/output_cd_eos2b_endpoint_gt05_nav_e2_bs32_20260830/checkpoint-3126,2e-05,{},alpamayo1_5_distill.data.camera_subset.CameraSubsetPAIDataset,/data/datasets/physical_ai_av/,/data/datasets/physical_ai_av/lcdrive_physicalai_av_manifests/lcdrive_train_clip_uuids.txt,/data/datasets/physical_ai_av/lcdrive_physicalai_av_manifests/nav_lcdrive_train_anchors_50k_turnpreserved.json,0-3146,"[1, 3]",annotation anchored,True,True,True,7
/data/achahe/alpamayo-recipes/recipes/alpamayo1_5_distill/training/output_cd_eos2b_endpoint_gt05_term03_nav_e2_bs32_20260831,2.0,3126,/data/achahe/alpamayo-recipes/recipes/alpamayo1_5_distill/training/output_cd_eos2b_endpoint_gt05_term03_nav_e2_bs32_20260831/checkpoint-3126/trainer_state.json,/data/achahe/alpamayo-recipes/recipes/alpamayo1_5_distill/training/output_cd_eos2b_endpoint_gt05_term03_nav_e2_bs32_20260831/config.yaml,,output_cd_eos2b_endpoint_gt05_term03_nav_e2_bs32_20260831,included,Consistency / endpoint distillation,"{""cd"": {""cd_weight"": 0.0, ""m_rungs"": 10, ""metric"": ""mse"", ""normalizer"": 1.0, ""student_prune_layers"": null, ""teacher_num_layers"": 28, ""teacher_source"": ""cached_full"", ""terminal_rung_frac"": 0.3, ""x0_gt_normalizer"": 1.0, ""x0_gt_weight"": 0.5, ""x0_source"": ""gt"", ""x0_teacher_weight"": 1.0}, ""cotrain_vlm"": false, ""stop_grad_from_vlm"": true}",0*CD + 1*teacher endpoint + 0.5*GT endpoint; teacher=cached_full; terminal fraction=0.3,alpamayo1_5_distill.models.consistency_expert.ConsistencyExpertVLA.from_eos_checkpoint,/data/achahe/alpasim/huggingface/hub/Cosmos-Reason2-2B,/data/achahe/alpamayo-recipes/recipes/alpamayo1_5_distill/training/output_eos_2b_nav_e3_clean_maskfix_e2_lcdrive/checkpoint-4168,,2e-05,{},alpamayo1_5_distill.data.camera_subset.CameraSubsetPAIDataset,/data/datasets/physical_ai_av/,/data/datasets/physical_ai_av/lcdrive_physicalai_av_manifests/lcdrive_train_clip_uuids.txt,/data/datasets/physical_ai_av/lcdrive_physicalai_av_manifests/nav_lcdrive_train_anchors_50k_turnpreserved.json,0-3146,"[1, 3]",annotation anchored,True,True,True,2
/data/achahe/alpamayo-recipes/recipes/alpamayo1_5_distill/training/output_cd_eos2b_endpoint_gt05_term06_nav_e2_bs32_20260831,2.0,3126,/data/achahe/alpamayo-recipes/recipes/alpamayo1_5_distill/training/output_cd_eos2b_endpoint_gt05_term06_nav_e2_bs32_20260831/checkpoint-3126/trainer_state.json,/data/achahe/alpamayo-recipes/recipes/alpamayo1_5_distill/training/output_cd_eos2b_endpoint_gt05_term06_nav_e2_bs32_20260831/config.yaml,,output_cd_eos2b_endpoint_gt05_term06_nav_e2_bs32_20260831,included,Consistency / endpoint distillation,"{""cd"": {""cd_weight"": 0.0, ""m_rungs"": 10, ""metric"": ""mse"", ""normalizer"": 1.0, ""student_prune_layers"": null, ""teacher_num_layers"": 28, ""teacher_source"": ""cached_full"", ""terminal_rung_frac"": 0.6, ""x0_gt_normalizer"": 1.0, ""x0_gt_weight"": 0.5, ""x0_source"": ""gt"", ""x0_teacher_weight"": 1.0}, ""cotrain_vlm"": false, ""stop_grad_from_vlm"": true}",0*CD + 1*teacher endpoint + 0.5*GT endpoint; teacher=cached_full; terminal fraction=0.6,alpamayo1_5_distill.models.consistency_expert.ConsistencyExpertVLA.from_eos_checkpoint,/data/achahe/alpasim/huggingface/hub/Cosmos-Reason2-2B,/data/achahe/alpamayo-recipes/recipes/alpamayo1_5_distill/training/output_eos_2b_nav_e3_clean_maskfix_e2_lcdrive/checkpoint-4168,,2e-05,{},alpamayo1_5_distill.data.camera_subset.CameraSubsetPAIDataset,/data/datasets/physical_ai_av/,/data/datasets/physical_ai_av/lcdrive_physicalai_av_manifests/lcdrive_train_clip_uuids.txt,/data/datasets/physical_ai_av/lcdrive_physicalai_av_manifests/nav_lcdrive_train_anchors_50k_turnpreserved.json,0-3146,"[1, 3]",annotation anchored,True,True,True,2
/data/achahe/alpamayo-recipes/recipes/alpamayo1_5_distill/training/output_cd_eos2b_endpoint_gt10_nav_e2_bs32_20260830,2.0,3126,/data/achahe/alpamayo-recipes/recipes/alpamayo1_5_distill/training/output_cd_eos2b_endpoint_gt10_nav_e2_bs32_20260830/checkpoint-3126/trainer_state.json,/data/achahe/alpamayo-recipes/recipes/alpamayo1_5_distill/training/output_cd_eos2b_endpoint_gt10_nav_e2_bs32_20260830/config.yaml,,output_cd_eos2b_endpoint_gt10_nav_e2_bs32_20260830,included,Consistency / endpoint distillation,"{""cd"": {""cd_weight"": 0.0, ""m_rungs"": 10, ""metric"": ""mse"", ""normalizer"": 1.0, ""student_prune_layers"": null, ""teacher_num_layers"": 28, ""teacher_source"": ""cached_full"", ""x0_gt_normalizer"": 1.0, ""x0_gt_weight"": 1.0, ""x0_source"": ""gt"", ""x0_teacher_weight"": 1.0}, ""cotrain_vlm"": false, ""stop_grad_from_vlm"": true}",0*CD + 1*teacher endpoint + 1*GT endpoint; teacher=cached_full,alpamayo1_5_distill.models.consistency_expert.ConsistencyExpertVLA.from_eos_checkpoint,/data/achahe/alpasim/huggingface/hub/Cosmos-Reason2-2B,/data/achahe/alpamayo-recipes/recipes/alpamayo1_5_distill/training/output_eos_2b_nav_e3_clean_maskfix_e2_lcdrive/checkpoint-4168,,2e-05,{},alpamayo1_5_distill.data.camera_subset.CameraSubsetPAIDataset,/data/datasets/physical_ai_av/,/data/datasets/physical_ai_av/lcdrive_physicalai_av_manifests/lcdrive_train_clip_uuids.txt,/data/datasets/physical_ai_av/lcdrive_physicalai_av_manifests/nav_lcdrive_train_anchors_50k_turnpreserved.json,0-3146,"[1, 3]",annotation anchored,True,True,True,3
/data/achahe/alpamayo-recipes/recipes/alpamayo1_5_distill/training/output_cd_eos2b_fullteacher_cache_smoke_20260828,0,0,,/data/achahe/alpamayo-recipes/recipes/alpamayo1_5_distill/training/output_cd_eos2b_fullteacher_cache_smoke_20260828/config.yaml,,output_cd_eos2b_fullteacher_cache_smoke_20260828,excluded: below one epoch / no completion evidence,Consistency / endpoint distillation,"{""cd"": {""cd_weight"": 1.0, ""m_rungs"": 10, ""metric"": ""mse"", ""normalizer"": 1.0, ""student_prune_layers"": null, ""teacher_num_layers"": 28, ""teacher_source"": ""cached_full"", ""x0_gt_normalizer"": 1.0, ""x0_gt_weight"": 0.1, ""x0_source"": ""gt""}, ""cotrain_vlm"": false, ""stop_grad_from_vlm"": true}",1*CD + 0*teacher endpoint + 0.1*GT endpoint; teacher=cached_full,alpamayo1_5_distill.models.consistency_expert.ConsistencyExpertVLA.from_eos_checkpoint,/data/achahe/alpasim/huggingface/hub/Cosmos-Reason2-2B,/data/achahe/alpamayo-recipes/recipes/alpamayo1_5_distill/training/output_eos_2b_nav_e3_clean_maskfix_e2_lcdrive/checkpoint-4168,,2e-05,{},alpamayo1_5_distill.data.camera_subset.CameraSubsetPAIDataset,/data/datasets/physical_ai_av/,/data/datasets/physical_ai_av/lcdrive_physicalai_av_manifests/lcdrive_train_clip_uuids.txt,/data/datasets/physical_ai_av/lcdrive_physicalai_av_manifests/nav_lcdrive_train_anchors_50k_turnpreserved.json,0-3146,"[1, 3]",annotation anchored,True,True,True,0
/data/achahe/alpamayo-recipes/recipes/alpamayo1_5_distill/training/output_cd_eos2b_fullteacher_cache_x0gtw0.1_nav_e2_bs32_20260828,2.0,3126,/data/achahe/alpamayo-recipes/recipes/alpamayo1_5_distill/training/output_cd_eos2b_fullteacher_cache_x0gtw0.1_nav_e2_bs32_20260828/checkpoint-3126/trainer_state.json,/data/achahe/alpamayo-recipes/recipes/alpamayo1_5_distill/training/cdftcache_591.out,Training settings recovered from completed training log,output_cd_eos2b_fullteacher_cache_x0gtw0.1_nav_e2_bs32_20260828,included,Consistency / endpoint distillation,"{""cd"": {""cd_weight"": 1.0, ""m_rungs"": 10, ""metric"": ""mse"", ""normalizer"": 1.0, ""student_prune_layers"": null, ""teacher_num_layers"": 28, ""teacher_source"": ""cached_full"", ""x0_gt_normalizer"": 1.0, ""x0_gt_weight"": 0.1, ""x0_source"": ""gt""}, ""cotrain_vlm"": false, ""stop_grad_from_vlm"": true}",1*CD + 0*teacher endpoint + 0.1*GT endpoint; teacher=cached_full,alpamayo1_5_distill.models.consistency_expert.ConsistencyExpertVLA.from_eos_checkpoint,/data/achahe/alpasim/huggingface/hub/Cosmos-Reason2-2B,/data/achahe/alpamayo-recipes/recipes/alpamayo1_5_distill/training/output_eos_2b_nav_e3_clean_maskfix_e2_lcdrive/checkpoint-4168,,2e-05,{},alpamayo1_5_distill.data.camera_subset.CameraSubsetPAIDataset,/data/datasets/physical_ai_av/,/data/datasets/physical_ai_av/lcdrive_physicalai_av_manifests/lcdrive_train_clip_uuids.txt,/data/datasets/physical_ai_av/lcdrive_physicalai_av_manifests/nav_lcdrive_train_anchors_50k_turnpreserved.json,0-3146,"[1, 3]",annotation anchored,True,True,True,4
/data/achahe/alpamayo-recipes/recipes/alpamayo1_5_distill/training/output_cd_eos2b_fullteacher_endpoint_nav_e2_bs32_20260829,2.0,3126,/data/achahe/alpamayo-recipes/recipes/alpamayo1_5_distill/training/output_cd_eos2b_fullteacher_endpoint_nav_e2_bs32_20260829/checkpoint-3126/trainer_state.json,/data/achahe/alpamayo-recipes/recipes/alpamayo1_5_distill/training/output_cd_eos2b_fullteacher_endpoint_nav_e2_bs32_20260829/config.yaml,,output_cd_eos2b_fullteacher_endpoint_nav_e2_bs32_20260829,included,Consistency / endpoint distillation,"{""cd"": {""cd_weight"": 0.0, ""m_rungs"": 10, ""metric"": ""mse"", ""normalizer"": 1.0, ""student_prune_layers"": null, ""teacher_num_layers"": 28, ""teacher_source"": ""cached_full"", ""x0_gt_normalizer"": 1.0, ""x0_gt_weight"": 1.0, ""x0_source"": ""teacher""}, ""cotrain_vlm"": false, ""stop_grad_from_vlm"": true}",0*CD + 1*teacher endpoint + 0*GT endpoint; teacher=cached_full,alpamayo1_5_distill.models.consistency_expert.ConsistencyExpertVLA.from_eos_checkpoint,/data/achahe/alpasim/huggingface/hub/Cosmos-Reason2-2B,/data/achahe/alpamayo-recipes/recipes/alpamayo1_5_distill/training/output_eos_2b_nav_e3_clean_maskfix_e2_lcdrive/checkpoint-4168,,2e-05,{},alpamayo1_5_distill.data.camera_subset.CameraSubsetPAIDataset,/data/datasets/physical_ai_av/,/data/datasets/physical_ai_av/lcdrive_physicalai_av_manifests/lcdrive_train_clip_uuids.txt,/data/datasets/physical_ai_av/lcdrive_physicalai_av_manifests/nav_lcdrive_train_anchors_50k_turnpreserved.json,0-3146,"[1, 3]",annotation anchored,True,True,True,4
/data/achahe/alpamayo-recipes/recipes/alpamayo1_5_distill/training/output_cd_eos2b_mix_endpoint_gt03_nav_e2,2.0,3126,/data/achahe/alpamayo-recipes/recipes/alpamayo1_5_distill/training/output_cd_eos2b_mix_endpoint_gt03_nav_e2/checkpoint-3126/trainer_state.json,/data/achahe/alpamayo-recipes/recipes/alpamayo1_5_distill/training/cdeos2b_630.out,Training settings recovered from completed training log,output_cd_eos2b_mix_endpoint_gt03_nav_e2,included,Consistency / endpoint distillation,"{""cd"": {""cd_weight"": 0.0, ""layer_mix"": true, ""layer_mix_blocks"": 4, ""layer_mix_gain"": false, ""layer_mix_sharpen"": 0.75, ""m_rungs"": 10, ""metric"": ""mse"", ""normalizer"": 1.0, ""student_prune_layers"": null, ""teacher_num_layers"": 36, ""teacher_source"": ""cached_full"", ""x0_gt_normalizer"": 1.0, ""x0_gt_weight"": 0.3, ""x0_source"": ""gt"", ""x0_teacher_weight"": 1.0}, ""cotrain_vlm"": false, ""stop_grad_from_vlm"": true}",0*CD + 1*teacher endpoint + 0.3*GT endpoint; teacher=cached_full,alpamayo1_5_distill.models.consistency_expert.ConsistencyExpertVLA.from_eos_checkpoint,/data/achahe/alpasim/huggingface/hub/Cosmos-Reason2-2B,/data/achahe/alpamayo-recipes/recipes/alpamayo1_5_distill/training/output_eos_2b_mix_nav_lcdrive/checkpoint-4168,,2e-05,{},alpamayo1_5_distill.data.camera_subset.CameraSubsetPAIDataset,/data/datasets/physical_ai_av/,/data/datasets/physical_ai_av/lcdrive_physicalai_av_manifests/lcdrive_train_clip_uuids.txt,/data/datasets/physical_ai_av/lcdrive_physicalai_av_manifests/nav_lcdrive_train_anchors_50k_turnpreserved.json,0-3146,"[1, 3]",annotation anchored,True,True,True,2
/data/achahe/alpamayo-recipes/recipes/alpamayo1_5_distill/training/output_cd_eos2b_nav_e2_bs32_20260827,2.0,3126,/data/achahe/alpamayo-recipes/recipes/alpamayo1_5_distill/training/output_cd_eos2b_nav_e2_bs32_20260827/checkpoint-3126/trainer_state.json,/data/achahe/alpamayo-recipes/recipes/alpamayo1_5_distill/training/cdeos2b_573.out,Training settings recovered from completed training log,output_cd_eos2b_nav_e2_bs32_20260827,included,Consistency / endpoint distillation,"{""cd"": {""cd_weight"": 1.0, ""m_rungs"": 10, ""metric"": ""mse"", ""normalizer"": 1.0, ""student_prune_layers"": null, ""teacher_num_layers"": 28, ""x0_source"": ""gt""}, ""cotrain_vlm"": false, ""stop_grad_from_vlm"": true}",1*CD + 0*teacher endpoint + 0*GT endpoint; teacher=online/self,alpamayo1_5_distill.models.consistency_expert.ConsistencyExpertVLA.from_eos_checkpoint,/data/achahe/alpasim/huggingface/hub/Cosmos-Reason2-2B,/data/achahe/alpamayo-recipes/recipes/alpamayo1_5_distill/training/output_eos_2b_nav_e3_clean_maskfix_e2_lcdrive/checkpoint-4168,,2e-05,{},alpamayo1_5_distill.data.camera_subset.CameraSubsetPAIDataset,/data/datasets/physical_ai_av/,/data/datasets/physical_ai_av/lcdrive_physicalai_av_manifests/lcdrive_train_clip_uuids.txt,/data/datasets/physical_ai_av/lcdrive_physicalai_av_manifests/nav_lcdrive_train_anchors_50k_turnpreserved.json,0-3146,"[1, 3]",annotation anchored,True,True,True,2
/data/achahe/alpamayo-recipes/recipes/alpamayo1_5_distill/training/output_cd_eos2b_smoke2_20260827,0,0,,/data/achahe/alpamayo-recipes/recipes/alpamayo1_5_distill/training/output_cd_eos2b_smoke2_20260827/config.yaml,,output_cd_eos2b_smoke2_20260827,excluded: below one epoch / no completion evidence,Consistency / endpoint distillation,"{""cd"": {""cd_weight"": 1.0, ""m_rungs"": 10, ""metric"": ""mse"", ""normalizer"": 1.0, ""student_prune_layers"": null, ""teacher_num_layers"": 28, ""x0_source"": ""gt""}, ""cotrain_vlm"": false, ""stop_grad_from_vlm"": true}",1*CD + 0*teacher endpoint + 0*GT endpoint; teacher=online/self,alpamayo1_5_distill.models.consistency_expert.ConsistencyExpertVLA.from_eos_checkpoint,/data/achahe/alpasim/huggingface/hub/Cosmos-Reason2-2B,/data/achahe/alpamayo-recipes/recipes/alpamayo1_5_distill/training/output_eos_2b_nav_e3_clean_maskfix_e2_lcdrive/checkpoint-4168,,2e-05,{},alpamayo1_5_distill.data.camera_subset.CameraSubsetPAIDataset,/data/datasets/physical_ai_av/,/data/datasets/physical_ai_av/lcdrive_physicalai_av_manifests/lcdrive_train_clip_uuids.txt,/data/datasets/physical_ai_av/lcdrive_physicalai_av_manifests/nav_lcdrive_train_anchors_50k_turnpreserved.json,0-120,"[1, 3]",annotation anchored,True,True,True,0
/data/achahe/alpamayo-recipes/recipes/alpamayo1_5_distill/training/output_cd_eos2b_x0gtw0.1_nav_e2_bs32_20260827,2.0,3126,/data/achahe/alpamayo-recipes/recipes/alpamayo1_5_distill/training/output_cd_eos2b_x0gtw0.1_nav_e2_bs32_20260827/checkpoint-3126/trainer_state.json,/data/achahe/alpamayo-recipes/recipes/alpamayo1_5_distill/training/cdeos2b_580.out,Training settings recovered from completed training log,output_cd_eos2b_x0gtw0.1_nav_e2_bs32_20260827,included,Consistency / endpoint distillation,"{""cd"": {""cd_weight"": 1.0, ""m_rungs"": 10, ""metric"": ""mse"", ""normalizer"": 1.0, ""student_prune_layers"": null, ""teacher_num_layers"": 28, ""x0_gt_normalizer"": 1.0, ""x0_gt_weight"": 0.1, ""x0_source"": ""gt""}, ""cotrain_vlm"": false, ""stop_grad_from_vlm"": true}",1*CD + 0*teacher endpoint + 0.1*GT endpoint; teacher=online/self,alpamayo1_5_distill.models.consistency_expert.ConsistencyExpertVLA.from_eos_checkpoint,/data/achahe/alpasim/huggingface/hub/Cosmos-Reason2-2B,/data/achahe/alpamayo-recipes/recipes/alpamayo1_5_distill/training/output_eos_2b_nav_e3_clean_maskfix_e2_lcdrive/checkpoint-4168,,2e-05,{},alpamayo1_5_distill.data.camera_subset.CameraSubsetPAIDataset,/data/datasets/physical_ai_av/,/data/datasets/physical_ai_av/lcdrive_physicalai_av_manifests/lcdrive_train_clip_uuids.txt,/data/datasets/physical_ai_av/lcdrive_physicalai_av_manifests/nav_lcdrive_train_anchors_50k_turnpreserved.json,0-3146,"[1, 3]",annotation anchored,True,True,True,4
/data/achahe/alpamayo-recipes/recipes/alpamayo1_5_distill/training/output_cd_eos2b_x0gtw0.1_smoke_20260827,0,0,,/data/achahe/alpamayo-recipes/recipes/alpamayo1_5_distill/training/output_cd_eos2b_x0gtw0.1_smoke_20260827/config.yaml,,output_cd_eos2b_x0gtw0.1_smoke_20260827,excluded: below one epoch / no completion evidence,Consistency / endpoint distillation,"{""cd"": {""cd_weight"": 1.0, ""m_rungs"": 10, ""metric"": ""mse"", ""normalizer"": 1.0, ""student_prune_layers"": null, ""teacher_num_layers"": 28, ""x0_gt_normalizer"": 1.0, ""x0_gt_weight"": 0.1, ""x0_source"": ""gt""}, ""cotrain_vlm"": false, ""stop_grad_from_vlm"": true}",1*CD + 0*teacher endpoint + 0.1*GT endpoint; teacher=online/self,alpamayo1_5_distill.models.consistency_expert.ConsistencyExpertVLA.from_eos_checkpoint,/data/achahe/alpasim/huggingface/hub/Cosmos-Reason2-2B,/data/achahe/alpamayo-recipes/recipes/alpamayo1_5_distill/training/output_eos_2b_nav_e3_clean_maskfix_e2_lcdrive/checkpoint-4168,,2e-05,{},alpamayo1_5_distill.data.camera_subset.CameraSubsetPAIDataset,/data/datasets/physical_ai_av/,/data/datasets/physical_ai_av/lcdrive_physicalai_av_manifests/lcdrive_train_clip_uuids.txt,/data/datasets/physical_ai_av/lcdrive_physicalai_av_manifests/nav_lcdrive_train_anchors_50k_turnpreserved.json,0-120,"[1, 3]",annotation anchored,True,True,True,0
/data/achahe/alpamayo-recipes/recipes/alpamayo1_5_distill/training/output_cd_eos2b_x0gtw1.0_smoke_20260827,0,0,,/data/achahe/alpamayo-recipes/recipes/alpamayo1_5_distill/training/output_cd_eos2b_x0gtw1.0_smoke_20260827/config.yaml,,output_cd_eos2b_x0gtw1.0_smoke_20260827,excluded: below one epoch / no completion evidence,Consistency / endpoint distillation,"{""cd"": {""cd_weight"": 1.0, ""m_rungs"": 10, ""metric"": ""mse"", ""normalizer"": 1.0, ""student_prune_layers"": null, ""teacher_num_layers"": 28, ""x0_gt_normalizer"": 1.0, ""x0_gt_weight"": 1.0, ""x0_source"": ""gt""}, ""cotrain_vlm"": false, ""stop_grad_from_vlm"": true}",1*CD + 0*teacher endpoint + 1*GT endpoint; teacher=online/self,alpamayo1_5_distill.models.consistency_expert.ConsistencyExpertVLA.from_eos_checkpoint,/data/achahe/alpasim/huggingface/hub/Cosmos-Reason2-2B,/data/achahe/alpamayo-recipes/recipes/alpamayo1_5_distill/training/output_eos_2b_nav_e3_clean_maskfix_e2_lcdrive/checkpoint-4168,,2e-05,{},alpamayo1_5_distill.data.camera_subset.CameraSubsetPAIDataset,/data/datasets/physical_ai_av/,/data/datasets/physical_ai_av/lcdrive_physicalai_av_manifests/lcdrive_train_clip_uuids.txt,/data/datasets/physical_ai_av/lcdrive_physicalai_av_manifests/nav_lcdrive_train_anchors_50k_turnpreserved.json,0-120,"[1, 3]",annotation anchored,True,True,True,0
/data/achahe/alpamayo-recipes/recipes/alpamayo1_5_distill/training/output_cd_expert_10b_lcdrive,0,0,,/data/achahe/alpamayo-recipes/recipes/alpamayo1_5_distill/training/output_cd_expert_10b_lcdrive/config.yaml,,output_cd_expert_10b_lcdrive,excluded: below one epoch / no completion evidence,Consistency / endpoint distillation,"{""cd"": {""cd_weight"": 1.0, ""m_rungs"": 10, ""metric"": ""mse"", ""normalizer"": 1.0, ""x0_source"": ""gt""}, ""cotrain_vlm"": false}",1*CD + 0*teacher endpoint + 0*GT endpoint; teacher=online/self,alpamayo1_5_distill.models.consistency_expert.ConsistencyExpertVLA.from_pretrained,,,,2e-05,{},alpamayo.data.pai.PAIDataset,/data/datasets/physical_ai_av/,/data/datasets/physical_ai_av/lcdrive_physicalai_av_manifests/lcdrive_train_clip_uuids.txt,,0-3146,"[0, 1, 2, 3]",default keyframe,False,True,True,0
/data/achahe/alpamayo-recipes/recipes/alpamayo1_5_distill/training/output_cd_expert_2cam_nav_lcdrive,1.0,2084,/data/achahe/alpamayo-recipes/recipes/alpamayo1_5_distill/training/output_cd_expert_2cam_nav_lcdrive/checkpoint-2084/trainer_state.json,/data/achahe/alpamayo-recipes/recipes/alpamayo1_5_distill/training/cd_529.out,Training settings recovered from completed training log,output_cd_expert_2cam_nav_lcdrive,included,Consistency / endpoint distillation,"{""cd"": {""cd_weight"": 1.0, ""m_rungs"": 10, ""metric"": ""mse"", ""normalizer"": 1.0, ""x0_source"": ""gt""}, ""cotrain_vlm"": false}",1*CD + 0*teacher endpoint + 0*GT endpoint; teacher=online/self,alpamayo1_5_distill.models.consistency_expert.ConsistencyExpertVLA.from_pretrained,,,,2e-05,{},alpamayo1_5_distill.data.camera_subset.CameraSubsetPAIDataset,/data/datasets/physical_ai_av/,/data/datasets/physical_ai_av/lcdrive_physicalai_av_manifests/lcdrive_train_clip_uuids.txt,/data/datasets/physical_ai_av/lcdrive_physicalai_av_manifests/nav_lcdrive_train_anchors_50k_turnpreserved.json,0-3146,"[1, 3]",annotation anchored,True,True,True,5
/data/achahe/alpamayo-recipes/recipes/alpamayo1_5_distill/training/output_cd_expert_2cam_nav_lcdrive_fixed_20260825,0,0,,/data/achahe/alpamayo-recipes/recipes/alpamayo1_5_distill/training/output_cd_expert_2cam_nav_lcdrive_fixed_20260825/config.yaml,,output_cd_expert_2cam_nav_lcdrive_fixed_20260825,excluded: below one epoch / no completion evidence,Consistency / endpoint distillation,"{""cd"": {""cd_weight"": 1.0, ""m_rungs"": 10, ""metric"": ""mse"", ""normalizer"": 1.0, ""x0_source"": ""gt""}, ""cotrain_vlm"": false}",1*CD + 0*teacher endpoint + 0*GT endpoint; teacher=online/self,alpamayo1_5_distill.models.consistency_expert.ConsistencyExpertVLA.from_pretrained,,,,2e-05,{},alpamayo1_5_distill.data.camera_subset.CameraSubsetPAIDataset,/data/datasets/physical_ai_av/,/data/datasets/physical_ai_av/lcdrive_physicalai_av_manifests/lcdrive_train_clip_uuids.txt,/data/datasets/physical_ai_av/lcdrive_physicalai_av_manifests/nav_lcdrive_train_anchors_50k_turnpreserved.json,0-3146,"[1, 3]",annotation anchored,True,True,True,0
/data/achahe/alpamayo-recipes/recipes/alpamayo1_5_distill/training/output_cd_expert_2cam_nav_lcdrive_fixed_20260825_bs32,1.0,1563,/data/achahe/alpamayo-recipes/recipes/alpamayo1_5_distill/training/output_cd_expert_2cam_nav_lcdrive_fixed_20260825_bs32/checkpoint-1563/trainer_state.json,/data/achahe/alpamayo-recipes/recipes/alpamayo1_5_distill/training/cd_540.out,Training settings recovered from completed training log,output_cd_expert_2cam_nav_lcdrive_fixed_20260825_bs32,included,Consistency / endpoint distillation,"{""cd"": {""cd_weight"": 1.0, ""m_rungs"": 10, ""metric"": ""mse"", ""normalizer"": 1.0, ""x0_source"": ""gt""}, ""cotrain_vlm"": false}",1*CD + 0*teacher endpoint + 0*GT endpoint; teacher=online/self,alpamayo1_5_distill.models.consistency_expert.ConsistencyExpertVLA.from_pretrained,,,,2e-05,{},alpamayo1_5_distill.data.camera_subset.CameraSubsetPAIDataset,/data/datasets/physical_ai_av/,/data/datasets/physical_ai_av/lcdrive_physicalai_av_manifests/lcdrive_train_clip_uuids.txt,/data/datasets/physical_ai_av/lcdrive_physicalai_av_manifests/nav_lcdrive_train_anchors_50k_turnpreserved.json,0-3146,"[1, 3]",annotation anchored,True,True,True,2
/data/achahe/alpamayo-recipes/recipes/alpamayo1_5_distill/training/output_cd_expert_2cam_nav_lcdrive_fixed_20260825_bs32_stage2,1.0,1563,/data/achahe/alpamayo-recipes/recipes/alpamayo1_5_distill/training/output_cd_expert_2cam_nav_lcdrive_fixed_20260825_bs32_stage2/checkpoint-1563/trainer_state.json,/data/achahe/alpamayo-recipes/recipes/alpamayo1_5_distill/training/cd_544.out,Training settings recovered from completed training log,output_cd_expert_2cam_nav_lcdrive_fixed_20260825_bs32_stage2,included,Consistency / endpoint distillation,"{""cd"": {""cd_weight"": 1.0, ""m_rungs"": 10, ""metric"": ""mse"", ""normalizer"": 1.0, ""x0_source"": ""gt""}, ""cotrain_vlm"": false}",1*CD + 0*teacher endpoint + 0*GT endpoint; teacher=online/self,alpamayo1_5_distill.models.consistency_expert.ConsistencyExpertVLA.from_pretrained,,,,5e-06,{},alpamayo1_5_distill.data.camera_subset.CameraSubsetPAIDataset,/data/datasets/physical_ai_av/,/data/datasets/physical_ai_av/lcdrive_physicalai_av_manifests/lcdrive_train_clip_uuids.txt,/data/datasets/physical_ai_av/lcdrive_physicalai_av_manifests/nav_lcdrive_train_anchors_50k_turnpreserved.json,0-3146,"[1, 3]",annotation anchored,True,True,True,4
/data/achahe/alpamayo-recipes/recipes/alpamayo1_5_distill/training/output_cd_expert_pruned28_2cam_nav_lcdrive_bs32_e2_20260826,2.0,3126,/data/achahe/alpamayo-recipes/recipes/alpamayo1_5_distill/training/output_cd_expert_pruned28_2cam_nav_lcdrive_bs32_e2_20260826/checkpoint-3126/trainer_state.json,/data/achahe/alpamayo-recipes/recipes/alpamayo1_5_distill/training/cdpruned_552.out,Training settings recovered from completed training log,output_cd_expert_pruned28_2cam_nav_lcdrive_bs32_e2_20260826,included,Consistency / endpoint distillation,"{""cd"": {""cd_weight"": 1.0, ""m_rungs"": 10, ""metric"": ""mse"", ""normalizer"": 1.0, ""student_prune_layers"": [4, 10, 13, 15, 19, 25, 27, 34], ""teacher_num_layers"": 36, ""x0_source"": ""gt""}, ""cotrain_vlm"": false}",1*CD + 0*teacher endpoint + 0*GT endpoint; teacher=online/self,alpamayo1_5_distill.models.consistency_expert.ConsistencyExpertVLA.from_pretrained,,,,2e-05,{},alpamayo1_5_distill.data.camera_subset.CameraSubsetPAIDataset,/data/datasets/physical_ai_av/,/data/datasets/physical_ai_av/lcdrive_physicalai_av_manifests/lcdrive_train_clip_uuids.txt,/data/datasets/physical_ai_av/lcdrive_physicalai_av_manifests/nav_lcdrive_train_anchors_50k_turnpreserved.json,0-3146,"[1, 3]",annotation anchored,True,True,True,6
/data/achahe/alpamayo-recipes/recipes/alpamayo1_5_distill/training/output_eos_2b_lcdrive,1.0,1598,/data/achahe/alpamayo-recipes/recipes/alpamayo1_5_distill/training/output_eos_2b_lcdrive/checkpoint-1598/trainer_state.json,/data/achahe/alpamayo-recipes/recipes/alpamayo1_5_distill/training/output_eos_2b_lcdrive/config.yaml,,output_eos_2b_lcdrive,included,Expert-on-student / supervised controls,"{""cotrain_vlm"": false}",Supervised action flow matching; VLM frozen (EoS control),alpamayo1_5_distill.models.stitched_model.TrainableStitchedAlpamayoR1.from_student,/data/achahe/alpasim/huggingface/hub/Cosmos-Reason2-2B,/data/achahe/alpamayo-recipes/recipes/alpamayo1_5_distill/training/output_kd_2b_block2b_lcdrive/checkpoint-3500,,2e-05,{},alpamayo.data.pai.PAIDataset,/data/datasets/physical_ai_av/,/data/datasets/physical_ai_av/lcdrive_physicalai_av_manifests/lcdrive_train_clip_uuids.txt,,0-3146,"[0, 1, 2, 3]",default keyframe,False,True,True,6
/data/achahe/alpamayo-recipes/recipes/alpamayo1_5_distill/training/output_eos_2b_mix_nav_lcdrive,5.0,10420,/data/achahe/alpamayo-recipes/recipes/alpamayo1_5_distill/training/output_eos_2b_mix_nav_lcdrive/checkpoint-10420/trainer_state.json,/data/achahe/alpamayo-recipes/recipes/alpamayo1_5_distill/training/eostrain_619.out,Training settings recovered from completed training log,output_eos_2b_mix_nav_lcdrive,included,Expert-on-student / supervised controls,"{""cotrain_vlm"": false}",Supervised action flow matching; VLM frozen (EoS control),alpamayo1_5_distill.models.stitched_model.TrainableStitchedAlpamayoR1.from_student,/data/achahe/alpasim/huggingface/hub/Cosmos-Reason2-2B,/data/achahe/alpamayo-recipes/recipes/alpamayo1_5_distill/training/output_kd_2b_mix2bnav_m9w1.0_lcdrive/checkpoint-7815,,2e-05,{},alpamayo1_5_distill.data.camera_subset.CameraSubsetPAIDataset,/data/datasets/physical_ai_av/,/data/datasets/physical_ai_av/lcdrive_physicalai_av_manifests/lcdrive_train_clip_uuids.txt,/data/datasets/physical_ai_av/lcdrive_physicalai_av_manifests/nav_lcdrive_train_anchors_50k_turnpreserved.json,0-3146,"[1, 3]",annotation anchored,True,True,True,4
/data/achahe/alpamayo-recipes/recipes/alpamayo1_5_distill/training/output_eos_2b_nav_e3_clean_maskfix_e2_lcdrive,2.0,4168,/data/achahe/alpamayo-recipes/recipes/alpamayo1_5_distill/training/output_eos_2b_nav_e3_clean_maskfix_e2_lcdrive/checkpoint-4168/trainer_state.json,/data/achahe/alpamayo-recipes/recipes/alpamayo1_5_distill/training/eostrain_559.out,Training settings recovered from completed training log,output_eos_2b_nav_e3_clean_maskfix_e2_lcdrive,included,Expert-on-student / supervised controls,"{""cotrain_vlm"": false}",Supervised action flow matching; VLM frozen (EoS control),alpamayo1_5_distill.models.stitched_model.TrainableStitchedAlpamayoR1.from_student,/data/achahe/alpasim/huggingface/hub/Cosmos-Reason2-2B,/data/achahe/alpamayo-recipes/recipes/alpamayo1_5_distill/training/output_kd_2b_nav2bmix_m7w1.0_e5_clean_maskfix_lcdrive/checkpoint-4689,,2e-05,{},alpamayo1_5_distill.data.camera_subset.CameraSubsetPAIDataset,/data/datasets/physical_ai_av/,/data/datasets/physical_ai_av/lcdrive_physicalai_av_manifests/lcdrive_train_clip_uuids.txt,/data/datasets/physical_ai_av/lcdrive_physicalai_av_manifests/nav_lcdrive_train_anchors_50k_turnpreserved.json,0-3146,"[1, 3]",annotation anchored,True,True,True,4
/data/achahe/alpamayo-recipes/recipes/alpamayo1_5_distill/training/output_eos_2b_nav_lcdrive,5.0,7815,/data/achahe/alpamayo-recipes/recipes/alpamayo1_5_distill/training/output_eos_2b_nav_lcdrive/checkpoint-7815/trainer_state.json,/data/achahe/alpamayo-recipes/recipes/alpamayo1_5_distill/training/eostrain_525.out,Training settings recovered from completed training log,output_eos_2b_nav_lcdrive,included,Expert-on-student / supervised controls,"{""cotrain_vlm"": false}",Supervised action flow matching; VLM frozen (EoS control),alpamayo1_5_distill.models.stitched_model.TrainableStitchedAlpamayoR1.from_student,/data/achahe/alpasim/huggingface/hub/Cosmos-Reason2-2B,/data/achahe/alpamayo-recipes/recipes/alpamayo1_5_distill/training/output_kd_2b_nav2bmix_m7w1.0_lcdrive/checkpoint-7815,,2e-05,{},alpamayo1_5_distill.data.camera_subset.CameraSubsetPAIDataset,/data/datasets/physical_ai_av/,/data/datasets/physical_ai_av/lcdrive_physicalai_av_manifests/lcdrive_train_clip_uuids.txt,/data/datasets/physical_ai_av/lcdrive_physicalai_av_manifests/nav_lcdrive_train_anchors_50k_turnpreserved.json,0-3146,"[1, 3]",annotation anchored,True,True,True,3
/data/achahe/alpamayo-recipes/recipes/alpamayo1_5_distill/training/output_expert_on_student_lcdrive,1.0,1598,/data/achahe/alpamayo-recipes/recipes/alpamayo1_5_distill/training/output_expert_on_student_lcdrive/checkpoint-1598/trainer_state.json,/data/achahe/alpamayo-recipes/recipes/alpamayo1_5_distill/training/output_expert_on_student_lcdrive/config.yaml,,output_expert_on_student_lcdrive,included,Expert-on-student / supervised controls,"{""cotrain_vlm"": false}",Supervised action flow matching; VLM frozen (EoS control),alpamayo1_5_distill.models.stitched_model.TrainableStitchedAlpamayoR1.from_student,/data/achahe/alpasim/huggingface/hub/models--Qwen--Qwen3-VL-4B-Instruct/snapshots/ebb281ec70b05090aa6165b016eac8ec08e71b17,/data/achahe/alpamayo-recipes/recipes/alpamayo1_5_distill/training/output_kd_4b_blockrandt_e3_lcdrive/checkpoint-4794,,2e-05,{},alpamayo.data.pai.PAIDataset,/data/datasets/physical_ai_av/,/data/datasets/physical_ai_av/lcdrive_physicalai_av_manifests/lcdrive_train_clip_uuids.txt,,0-3146,"[0, 1, 2, 3]",default keyframe,False,True,True,5
/data/achahe/alpamayo-recipes/recipes/alpamayo1_5_distill/training/output_kava_T2_bs2_lcdrive,0,0,,/data/achahe/alpamayo-recipes/recipes/alpamayo1_5_distill/training/output_kava_T2_bs2_lcdrive/config.yaml,,output_kava_T2_bs2_lcdrive,excluded: below one epoch / no completion evidence,KAVA latent-slot distillation and controls,"{""kava"": {""jacobi_iters"": 2, ""kv_align"": ""projector"", ""kv_layer_map"": null, ""kv_layerwise_std"": true, ""kv_loss_type"": ""l1"", ""kv_loss_weight"": 1.0, ""num_slots"": 8, ""slot_init"": ""vocab"", ""slot_init_cot_text"": ""${data.train_dataset.kv_cache_root}"", ""slot_init_std"": 0.02, ""teacher_layers"": 36}, ""latent_cosine_weight"": 0.1, ""latent_loss_weight"": 0.0}","CE + 0*latent + 1*KV; M=8, T=2, l1",alpamayo1_5_distill.models.kava_model.KaVaReasoningVLA.from_pretrained_vlm,/data/achahe/alpasim/huggingface/hub/Cosmos-Reason2-2B,/data/achahe/alpamayo-recipes/recipes/alpamayo1_5_sft/training/output_stage1_cosmos2b_lcdrive/checkpoint-3597,,1e-05,"{""vlm.model.visual"": 0.1, ""latent_proj"": 10.0, ""kv_projector"": 5.0, ""slot_embeddings"": 10.0, ""jacobi_proj"": 5.0}",alpamayo1_5_distill.data.kava_dataset.KaVaPAIDataset,/data/datasets/physical_ai_av/,/data/datasets/physical_ai_av/lcdrive_physicalai_av_manifests/lcdrive_train_clip_uuids.txt,,0-120,"[0, 1, 2, 3]",default keyframe,False,False,False,0
/data/achahe/alpamayo-recipes/recipes/alpamayo1_5_distill/training/output_kava_T2_bs48_lcdrive,1.0,799,/data/achahe/alpamayo-recipes/recipes/alpamayo1_5_distill/training/output_kava_T2_bs48_lcdrive/checkpoint-799/trainer_state.json,/data/achahe/alpamayo-recipes/recipes/alpamayo1_5_distill/training/kavatrain_380.out,Training settings recovered from completed training log,output_kava_T2_bs48_lcdrive,included,KAVA latent-slot distillation and controls,"{""kava"": {""jacobi_iters"": 2, ""kv_align"": ""projector"", ""kv_layer_map"": null, ""kv_layerwise_std"": true, ""kv_loss_type"": ""l1"", ""kv_loss_weight"": 1.0, ""num_slots"": 8, ""slot_init"": ""vocab"", ""slot_init_cot_text"": ""/data/achahe/alpamayo-recipes/recipes/alpamayo1_5_distill/training/teacher_kv_lcdrive"", ""slot_init_std"": 0.02, ""teacher_layers"": 36}, ""latent_cosine_weight"": 0.1, ""latent_loss_weight"": 0.0}","CE + 0*latent + 1*KV; M=8, T=2, l1",alpamayo1_5_distill.models.kava_model.KaVaReasoningVLA.from_pretrained_vlm,/data/achahe/alpasim/huggingface/hub/Cosmos-Reason2-2B,/data/achahe/alpamayo-recipes/recipes/alpamayo1_5_sft/training/output_stage1_cosmos2b_lcdrive/checkpoint-3597,,1e-05,"{""vlm.model.visual"": 0.1, ""latent_proj"": 10.0, ""kv_projector"": 5.0, ""slot_embeddings"": 10.0, ""jacobi_proj"": 5.0}",alpamayo1_5_distill.data.kava_dataset.KaVaPAIDataset,/data/datasets/physical_ai_av/,/data/datasets/physical_ai_av/lcdrive_physicalai_av_manifests/lcdrive_train_clip_uuids.txt,,0-3146,"[0, 1, 2, 3]",default keyframe,False,False,False,2
/data/achahe/alpamayo-recipes/recipes/alpamayo1_5_distill/training/output_kava_T2_bs4_lcdrive,0,0,,/data/achahe/alpamayo-recipes/recipes/alpamayo1_5_distill/training/output_kava_T2_bs4_lcdrive/config.yaml,,output_kava_T2_bs4_lcdrive,excluded: below one epoch / no completion evidence,KAVA latent-slot distillation and controls,"{""kava"": {""jacobi_iters"": 2, ""kv_align"": ""projector"", ""kv_layer_map"": null, ""kv_layerwise_std"": true, ""kv_loss_type"": ""l1"", ""kv_loss_weight"": 1.0, ""num_slots"": 8, ""slot_init"": ""vocab"", ""slot_init_cot_text"": ""${data.train_dataset.kv_cache_root}"", ""slot_init_std"": 0.02, ""teacher_layers"": 36}, ""latent_cosine_weight"": 0.1, ""latent_loss_weight"": 0.0}","CE + 0*latent + 1*KV; M=8, T=2, l1",alpamayo1_5_distill.models.kava_model.KaVaReasoningVLA.from_pretrained_vlm,/data/achahe/alpasim/huggingface/hub/Cosmos-Reason2-2B,/data/achahe/alpamayo-recipes/recipes/alpamayo1_5_sft/training/output_stage1_cosmos2b_lcdrive/checkpoint-3597,,1e-05,"{""vlm.model.visual"": 0.1, ""latent_proj"": 10.0, ""kv_projector"": 5.0, ""slot_embeddings"": 10.0, ""jacobi_proj"": 5.0}",alpamayo1_5_distill.data.kava_dataset.KaVaPAIDataset,/data/datasets/physical_ai_av/,/data/datasets/physical_ai_av/lcdrive_physicalai_av_manifests/lcdrive_train_clip_uuids.txt,,0-120,"[0, 1, 2, 3]",default keyframe,False,False,False,0
/data/achahe/alpamayo-recipes/recipes/alpamayo1_5_distill/training/output_kava_noaux_T2_bs48_lcdrive,1.0,799,/data/achahe/alpamayo-recipes/recipes/alpamayo1_5_distill/training/output_kava_noaux_T2_bs48_lcdrive/checkpoint-799/trainer_state.json,/data/achahe/alpamayo-recipes/recipes/alpamayo1_5_distill/training/kavatrain_385.out,Training settings recovered from completed training log,output_kava_noaux_T2_bs48_lcdrive,included,KAVA latent-slot distillation and controls,"{""kava"": {""jacobi_iters"": 2, ""kv_align"": ""projector"", ""kv_layer_map"": null, ""kv_layerwise_std"": true, ""kv_loss_type"": ""l1"", ""kv_loss_weight"": 0.0, ""num_slots"": 8, ""slot_init"": ""vocab"", ""slot_init_cot_text"": ""/data/achahe/alpamayo-recipes/recipes/alpamayo1_5_distill/training/teacher_kv_lcdrive"", ""slot_init_std"": 0.02, ""teacher_layers"": 36}, ""latent_cosine_weight"": 0.1, ""latent_loss_weight"": 0.0}","CE + 0*latent + 0*KV; M=8, T=2, l1",alpamayo1_5_distill.models.kava_model.KaVaReasoningVLA.from_pretrained_vlm,/data/achahe/alpasim/huggingface/hub/Cosmos-Reason2-2B,/data/achahe/alpamayo-recipes/recipes/alpamayo1_5_sft/training/output_stage1_cosmos2b_lcdrive/checkpoint-3597,,1e-05,"{""vlm.model.visual"": 0.1, ""latent_proj"": 10.0, ""kv_projector"": 5.0, ""slot_embeddings"": 10.0, ""jacobi_proj"": 5.0}",alpamayo1_5_distill.data.kava_dataset.KaVaPAIDataset,/data/datasets/physical_ai_av/,/data/datasets/physical_ai_av/lcdrive_physicalai_av_manifests/lcdrive_train_clip_uuids.txt,,0-3146,"[0, 1, 2, 3]",default keyframe,False,False,False,2
/data/achahe/alpamayo-recipes/recipes/alpamayo1_5_distill/training/output_kd_2b_block2b2cam_lcdrive,3.0,3597,/data/achahe/alpamayo-recipes/recipes/alpamayo1_5_distill/training/output_kd_2b_block2b2cam_lcdrive/checkpoint-3597/trainer_state.json,/data/achahe/alpamayo-recipes/recipes/alpamayo1_5_distill/training/kdtrain_470.out,Training settings recovered from completed training log,output_kd_2b_block2b2cam_lcdrive,included,VLM cache / block / field distillation and CE controls,"{""kd"": {""block_timestep"": ""beta"", ""block_weight"": 1.0, ""ce_weight"": 0.0, ""kd_temperature"": 1.0, ""kd_weight"": 0.0, ""kv_align"": ""direct"", ""kv_layerwise_std"": true, ""kv_loss_type"": ""l1"", ""kv_weight"": 0.0, ""log_kv_regions"": true, ""roll_steps"": 2, ""roll_weight"": 0.01}}","1*block; t=beta, span=1",alpamayo1_5_distill.models.kd_model.KDReasoningVLA.from_pretrained_vlm,/data/achahe/alpasim/huggingface/hub/Cosmos-Reason2-2B,,/data/achahe/alpamayo-recipes/recipes/alpamayo1_5_distill/training/output_kd_2b_block2b2cam_lcdrive/checkpoint-2000,1e-05,{},alpamayo1_5_distill.data.camera_subset.CameraSubsetPAIDataset,/data/datasets/physical_ai_av/,/data/datasets/physical_ai_av/lcdrive_physicalai_av_manifests/lcdrive_train_clip_uuids.txt,,0-3146,"[1, 3]",default keyframe,False,True,True,3
/data/achahe/alpamayo-recipes/recipes/alpamayo1_5_distill/training/output_kd_2b_block2b_lcdrive,2.1902973395931142,3500,/data/achahe/alpamayo-recipes/recipes/alpamayo1_5_distill/training/output_kd_2b_block2b_lcdrive/checkpoint-3500/trainer_state.json,/data/achahe/alpamayo-recipes/recipes/alpamayo1_5_distill/training/output_kd_2b_block2b_lcdrive/config.yaml,,output_kd_2b_block2b_lcdrive,included,VLM cache / block / field distillation and CE controls,"{""kd"": {""block_timestep"": ""beta"", ""block_weight"": 1.0, ""ce_weight"": 0.0, ""kd_temperature"": 1.0, ""kd_weight"": 0.0, ""kv_align"": ""direct"", ""kv_layerwise_std"": true, ""kv_loss_type"": ""l1"", ""kv_weight"": 0.0, ""log_kv_regions"": true}}","1*block; t=beta, span=1",alpamayo1_5_distill.models.kd_model.KDReasoningVLA.from_pretrained_vlm,/data/achahe/alpasim/huggingface/hub/Cosmos-Reason2-2B,,,1e-05,"{""vlm.model.visual"": 0.1}",alpamayo.data.pai.PAIDataset,/data/datasets/physical_ai_av/,/data/datasets/physical_ai_av/lcdrive_physicalai_av_manifests/lcdrive_train_clip_uuids.txt,,0-3146,"[0, 1, 2, 3]",default keyframe,False,True,True,1
/data/achahe/alpamayo-recipes/recipes/alpamayo1_5_distill/training/output_kd_2b_block2bdepth_e2_lcdrive,2.0,2398,/data/achahe/alpamayo-recipes/recipes/alpamayo1_5_distill/training/output_kd_2b_block2bdepth_e2_lcdrive/checkpoint-2398/trainer_state.json,/data/achahe/alpamayo-recipes/recipes/alpamayo1_5_distill/training/kdtrain_489.out,Training settings recovered from completed training log,output_kd_2b_block2bdepth_e2_lcdrive,included,VLM cache / block / field distillation and CE controls,"{""kd"": {""block_layer_weights"": ""ladder"", ""block_norm"": ""teacher"", ""block_span"": 1, ""block_timestep"": ""beta"", ""block_weight"": 1.0, ""ce_weight"": 0.0, ""kd_temperature"": 1.0, ""kd_weight"": 0.0, ""kv_align"": ""direct"", ""kv_layerwise_std"": true, ""kv_loss_type"": ""l1"", ""kv_weight"": 0.0, ""log_kv_regions"": true}}","1*block; t=beta, span=1, block_layer_weights=ladder",alpamayo1_5_distill.models.kd_model.KDReasoningVLA.from_pretrained_vlm,/data/achahe/alpasim/huggingface/hub/Cosmos-Reason2-2B,,/data/achahe/alpamayo-recipes/recipes/alpamayo1_5_distill/training/output_kd_2b_block2bspan_lcdrive/checkpoint-1199,1e-05,{},alpamayo1_5_distill.data.camera_subset.CameraSubsetPAIDataset,/data/datasets/physical_ai_av/,/data/datasets/physical_ai_av/lcdrive_physicalai_av_manifests/lcdrive_train_clip_uuids.txt,,0-3146,"[1, 3]",default keyframe,False,True,True,1
/data/achahe/alpamayo-recipes/recipes/alpamayo1_5_distill/training/output_kd_2b_block2bdepth_ladder_add_e2_lcdrive,2.0,2398,/data/achahe/alpamayo-recipes/recipes/alpamayo1_5_distill/training/output_kd_2b_block2bdepth_ladder_add_e2_lcdrive/checkpoint-2398/trainer_state.json,/data/achahe/alpamayo-recipes/recipes/alpamayo1_5_distill/training/kdtrain_494.out,Training settings recovered from completed training log,output_kd_2b_block2bdepth_ladder_add_e2_lcdrive,included,VLM cache / block / field distillation and CE controls,"{""kd"": {""block_layer_weights"": ""ladder_add"", ""block_norm"": ""teacher"", ""block_span"": 1, ""block_timestep"": ""beta"", ""block_weight"": 1.0, ""ce_weight"": 0.0, ""kd_temperature"": 1.0, ""kd_weight"": 0.0, ""kv_align"": ""direct"", ""kv_layerwise_std"": true, ""kv_loss_type"": ""l1"", ""kv_weight"": 0.0, ""log_kv_regions"": true}}","1*block; t=beta, span=1, block_layer_weights=ladder_add",alpamayo1_5_distill.models.kd_model.KDReasoningVLA.from_pretrained_vlm,/data/achahe/alpasim/huggingface/hub/Cosmos-Reason2-2B,,/data/achahe/alpamayo-recipes/recipes/alpamayo1_5_distill/training/output_kd_2b_block2bspan_lcdrive/checkpoint-1199,1e-05,{},alpamayo1_5_distill.data.camera_subset.CameraSubsetPAIDataset,/data/datasets/physical_ai_av/,/data/datasets/physical_ai_av/lcdrive_physicalai_av_manifests/lcdrive_train_clip_uuids.txt,,0-3146,"[1, 3]",default keyframe,False,True,True,1
/data/achahe/alpamayo-recipes/recipes/alpamayo1_5_distill/training/output_kd_2b_block2bdepth_lcdrive,0,0,,/data/achahe/alpamayo-recipes/recipes/alpamayo1_5_distill/training/output_kd_2b_block2bdepth_lcdrive/config.yaml,,output_kd_2b_block2bdepth_lcdrive,excluded: below one epoch / no completion evidence,VLM cache / block / field distillation and CE controls,"{""kd"": {""block_layer_weights"": ""ladder_add"", ""block_norm"": ""teacher"", ""block_span"": 1, ""block_timestep"": ""beta"", ""block_weight"": 1.0, ""ce_weight"": 0.0, ""kd_temperature"": 1.0, ""kd_weight"": 0.0, ""kv_align"": ""direct"", ""kv_layerwise_std"": true, ""kv_loss_type"": ""l1"", ""kv_weight"": 0.0, ""log_kv_regions"": true}}","1*block; t=beta, span=1, block_layer_weights=ladder_add",alpamayo1_5_distill.models.kd_model.KDReasoningVLA.from_pretrained_vlm,/data/achahe/alpasim/huggingface/hub/Cosmos-Reason2-2B,,,1e-05,{},alpamayo1_5_distill.data.camera_subset.CameraSubsetPAIDataset,/data/datasets/physical_ai_av/,/data/datasets/physical_ai_av/lcdrive_physicalai_av_manifests/lcdrive_train_clip_uuids.txt,,0-120,"[1, 3]",default keyframe,False,True,True,0
/data/achahe/alpamayo-recipes/recipes/alpamayo1_5_distill/training/output_kd_2b_block2bmix_m7w1.0_e3_lcdrive,3.0,3597,/data/achahe/alpamayo-recipes/recipes/alpamayo1_5_distill/training/output_kd_2b_block2bmix_m7w1.0_e3_lcdrive/checkpoint-3597/trainer_state.json,/data/achahe/alpamayo-recipes/recipes/alpamayo1_5_distill/training/kdtrain_497.out,Training settings recovered from completed training log,output_kd_2b_block2bmix_m7w1.0_e3_lcdrive,included,VLM cache / block / field distillation and CE controls,"{""kd"": {""block_norm"": ""teacher"", ""block_span"": 1, ""block_span_mix"": 7, ""block_span_mix_weight"": 1.0, ""block_timestep"": ""beta"", ""block_weight"": 1.0, ""ce_weight"": 0.0, ""kd_temperature"": 1.0, ""kd_weight"": 0.0, ""kv_align"": ""direct"", ""kv_layerwise_std"": true, ""kv_loss_type"": ""l1"", ""kv_weight"": 0.0, ""log_kv_regions"": true}}","1*block; t=beta, span=1, block_span_mix=7, block_span_mix_weight=1.0",alpamayo1_5_distill.models.kd_model.KDReasoningVLA.from_pretrained_vlm,/data/achahe/alpasim/huggingface/hub/Cosmos-Reason2-2B,,/data/achahe/alpamayo-recipes/recipes/alpamayo1_5_distill/training/output_kd_2b_block2bspan_lcdrive/checkpoint-1199,1e-05,{},alpamayo1_5_distill.data.camera_subset.CameraSubsetPAIDataset,/data/datasets/physical_ai_av/,/data/datasets/physical_ai_av/lcdrive_physicalai_av_manifests/lcdrive_train_clip_uuids.txt,,0-3146,"[1, 3]",default keyframe,False,True,True,2
/data/achahe/alpamayo-recipes/recipes/alpamayo1_5_distill/training/output_kd_2b_block2bmix_m7w1.0_lcdrive,0,0,,/data/achahe/alpamayo-recipes/recipes/alpamayo1_5_distill/training/output_kd_2b_block2bmix_m7w1.0_lcdrive/config.yaml,,output_kd_2b_block2bmix_m7w1.0_lcdrive,excluded: below one epoch / no completion evidence,VLM cache / block / field distillation and CE controls,"{""kd"": {""block_norm"": ""teacher"", ""block_span"": 1, ""block_span_mix"": 7, ""block_span_mix_weight"": 1.0, ""block_timestep"": ""beta"", ""block_weight"": 1.0, ""ce_weight"": 0.0, ""kd_temperature"": 1.0, ""kd_weight"": 0.0, ""kv_align"": ""direct"", ""kv_layerwise_std"": true, ""kv_loss_type"": ""l1"", ""kv_weight"": 0.0, ""log_kv_regions"": true}}","1*block; t=beta, span=1, block_span_mix=7, block_span_mix_weight=1.0",alpamayo1_5_distill.models.kd_model.KDReasoningVLA.from_pretrained_vlm,/data/achahe/alpasim/huggingface/hub/Cosmos-Reason2-2B,,,1e-05,{},alpamayo1_5_distill.data.camera_subset.CameraSubsetPAIDataset,/data/datasets/physical_ai_av/,/data/datasets/physical_ai_av/lcdrive_physicalai_av_manifests/lcdrive_train_clip_uuids.txt,,0-120,"[1, 3]",default keyframe,False,True,True,0
/data/achahe/alpamayo-recipes/recipes/alpamayo1_5_distill/training/output_kd_2b_block2bspan_e2_lcdrive,2.0,2398,/data/achahe/alpamayo-recipes/recipes/alpamayo1_5_distill/training/output_kd_2b_block2bspan_e2_lcdrive/checkpoint-2398/trainer_state.json,/data/achahe/alpamayo-recipes/recipes/alpamayo1_5_distill/training/kdtrain_480.out,Training settings recovered from completed training log,output_kd_2b_block2bspan_e2_lcdrive,included,VLM cache / block / field distillation and CE controls,"{""kd"": {""block_norm"": ""teacher"", ""block_span"": 7, ""block_timestep"": ""beta"", ""block_weight"": 1.0, ""ce_weight"": 0.0, ""kd_temperature"": 1.0, ""kd_weight"": 0.0, ""kv_align"": ""direct"", ""kv_layerwise_std"": true, ""kv_loss_type"": ""l1"", ""kv_weight"": 0.0, ""log_kv_regions"": true}}","1*block; t=beta, span=7",alpamayo1_5_distill.models.kd_model.KDReasoningVLA.from_pretrained_vlm,/data/achahe/alpasim/huggingface/hub/Cosmos-Reason2-2B,,/data/achahe/alpamayo-recipes/recipes/alpamayo1_5_distill/training/output_kd_2b_block2bspan_lcdrive/checkpoint-1199,1e-05,{},alpamayo1_5_distill.data.camera_subset.CameraSubsetPAIDataset,/data/datasets/physical_ai_av/,/data/datasets/physical_ai_av/lcdrive_physicalai_av_manifests/lcdrive_train_clip_uuids.txt,,0-3146,"[1, 3]",default keyframe,False,True,True,1
/data/achahe/alpamayo-recipes/recipes/alpamayo1_5_distill/training/output_kd_2b_block2bspan_e3_lcdrive,3.0,3597,/data/achahe/alpamayo-recipes/recipes/alpamayo1_5_distill/training/output_kd_2b_block2bspan_e3_lcdrive/checkpoint-3597/trainer_state.json,/data/achahe/alpamayo-recipes/recipes/alpamayo1_5_distill/training/kdtrain_483.out,Training settings recovered from completed training log,output_kd_2b_block2bspan_e3_lcdrive,included,VLM cache / block / field distillation and CE controls,"{""kd"": {""block_norm"": ""teacher"", ""block_span"": 14, ""block_timestep"": ""beta"", ""block_weight"": 1.0, ""ce_weight"": 0.0, ""kd_temperature"": 1.0, ""kd_weight"": 0.0, ""kv_align"": ""direct"", ""kv_layerwise_std"": true, ""kv_loss_type"": ""l1"", ""kv_weight"": 0.0, ""log_kv_regions"": true}}","1*block; t=beta, span=14",alpamayo1_5_distill.models.kd_model.KDReasoningVLA.from_pretrained_vlm,/data/achahe/alpasim/huggingface/hub/Cosmos-Reason2-2B,,/data/achahe/alpamayo-recipes/recipes/alpamayo1_5_distill/training/output_kd_2b_block2bspan_e2_lcdrive/checkpoint-2398,1e-05,{},alpamayo1_5_distill.data.camera_subset.CameraSubsetPAIDataset,/data/datasets/physical_ai_av/,/data/datasets/physical_ai_av/lcdrive_physicalai_av_manifests/lcdrive_train_clip_uuids.txt,,0-3146,"[1, 3]",default keyframe,False,True,True,1
/data/achahe/alpamayo-recipes/recipes/alpamayo1_5_distill/training/output_kd_2b_block2bspan_e4_lcdrive,4.0,4796,/data/achahe/alpamayo-recipes/recipes/alpamayo1_5_distill/training/output_kd_2b_block2bspan_e4_lcdrive/checkpoint-4796/trainer_state.json,/data/achahe/alpamayo-recipes/recipes/alpamayo1_5_distill/training/kdtrain_486.out,Training settings recovered from completed training log,output_kd_2b_block2bspan_e4_lcdrive,included,VLM cache / block / field distillation and CE controls,"{""kd"": {""block_norm"": ""teacher"", ""block_span"": 28, ""block_timestep"": ""beta"", ""block_weight"": 1.0, ""ce_weight"": 0.0, ""kd_temperature"": 1.0, ""kd_weight"": 0.0, ""kv_align"": ""direct"", ""kv_layerwise_std"": true, ""kv_loss_type"": ""l1"", ""kv_weight"": 0.0, ""log_kv_regions"": true}}","1*block; t=beta, span=28",alpamayo1_5_distill.models.kd_model.KDReasoningVLA.from_pretrained_vlm,/data/achahe/alpasim/huggingface/hub/Cosmos-Reason2-2B,,/data/achahe/alpamayo-recipes/recipes/alpamayo1_5_distill/training/output_kd_2b_block2bspan_e3_lcdrive/checkpoint-3597,1e-05,{},alpamayo1_5_distill.data.camera_subset.CameraSubsetPAIDataset,/data/datasets/physical_ai_av/,/data/datasets/physical_ai_av/lcdrive_physicalai_av_manifests/lcdrive_train_clip_uuids.txt,,0-3146,"[1, 3]",default keyframe,False,True,True,1
/data/achahe/alpamayo-recipes/recipes/alpamayo1_5_distill/training/output_kd_2b_block2bspan_lcdrive,1.0,1199,/data/achahe/alpamayo-recipes/recipes/alpamayo1_5_distill/training/output_kd_2b_block2bspan_lcdrive/checkpoint-1199/trainer_state.json,/data/achahe/alpamayo-recipes/recipes/alpamayo1_5_distill/training/kdtrain_475.out,Training settings recovered from completed training log,output_kd_2b_block2bspan_lcdrive,included,VLM cache / block / field distillation and CE controls,"{""kd"": {""block_norm"": ""teacher"", ""block_span"": 1, ""block_timestep"": ""beta"", ""block_weight"": 1.0, ""ce_weight"": 0.0, ""kd_temperature"": 1.0, ""kd_weight"": 0.0, ""kv_align"": ""direct"", ""kv_layerwise_std"": true, ""kv_loss_type"": ""l1"", ""kv_weight"": 0.0, ""log_kv_regions"": true}}","1*block; t=beta, span=1",alpamayo1_5_distill.models.kd_model.KDReasoningVLA.from_pretrained_vlm,/data/achahe/alpasim/huggingface/hub/Cosmos-Reason2-2B,,,1e-05,{},alpamayo1_5_distill.data.camera_subset.CameraSubsetPAIDataset,/data/datasets/physical_ai_av/,/data/datasets/physical_ai_av/lcdrive_physicalai_av_manifests/lcdrive_train_clip_uuids.txt,,0-3146,"[1, 3]",default keyframe,False,True,True,1
/data/achahe/alpamayo-recipes/recipes/alpamayo1_5_distill/training/output_kd_2b_blockfield_lcdrive,0.3129890453834116,500,/data/achahe/alpamayo-recipes/recipes/alpamayo1_5_distill/training/output_kd_2b_blockfield_lcdrive/checkpoint-500/trainer_state.json,/data/achahe/alpamayo-recipes/recipes/alpamayo1_5_distill/training/output_kd_2b_blockfield_lcdrive/config.yaml,,output_kd_2b_blockfield_lcdrive,excluded: below one epoch / no completion evidence,VLM cache / block / field distillation and CE controls,"{""kd"": {""block_timestep"": ""beta"", ""block_weight"": 1.0, ""ce_weight"": 0.0, ""field_weight"": 0.001, ""kd_temperature"": 1.0, ""kd_weight"": 0.0, ""kv_align"": ""direct"", ""kv_layerwise_std"": true, ""kv_loss_type"": ""l1"", ""kv_weight"": 0.0, ""log_kv_regions"": true}}","1*block + 0.001*field; t=beta, span=1",alpamayo1_5_distill.models.kd_model.KDReasoningVLA.from_pretrained_vlm,/data/achahe/alpasim/huggingface/hub/Cosmos-Reason2-2B,/data/achahe/alpamayo-recipes/recipes/alpamayo1_5_distill/training/output_kd_2b_block2b_lcdrive/checkpoint-3500,,1e-05,"{""vlm.model.visual"": 0.1}",alpamayo.data.pai.PAIDataset,/data/datasets/physical_ai_av/,/data/datasets/physical_ai_av/lcdrive_physicalai_av_manifests/lcdrive_train_clip_uuids.txt,,0-3146,"[0, 1, 2, 3]",default keyframe,False,True,True,0
/data/achahe/alpamayo-recipes/recipes/alpamayo1_5_distill/training/output_kd_2b_field2b_lcdrive,1.0,1199,/data/achahe/alpamayo-recipes/recipes/alpamayo1_5_distill/training/output_kd_2b_field2b_lcdrive/checkpoint-1199/trainer_state.json,/data/achahe/alpamayo-recipes/recipes/alpamayo1_5_distill/training/kdtrain_510.out,Training settings recovered from completed training log,output_kd_2b_field2b_lcdrive,included,VLM cache / block / field distillation and CE controls,"{""kd"": {""block_timestep"": ""beta"", ""block_weight"": 0.0, ""ce_weight"": 0.0, ""field_weight"": 1.0, ""kd_temperature"": 1.0, ""kd_weight"": 0.0, ""kv_align"": ""direct"", ""kv_layerwise_std"": true, ""kv_loss_type"": ""l1"", ""kv_weight"": 0.0, ""log_kv_regions"": true}}",1*field,alpamayo1_5_distill.models.kd_model.KDReasoningVLA.from_pretrained_vlm,/data/achahe/alpasim/huggingface/hub/Cosmos-Reason2-2B,,,1e-05,{},alpamayo1_5_distill.data.camera_subset.CameraSubsetPAIDataset,/data/datasets/physical_ai_av/,/data/datasets/physical_ai_av/lcdrive_physicalai_av_manifests/lcdrive_train_clip_uuids.txt,,0-3146,"[1, 3]",default keyframe,False,True,True,1
/data/achahe/alpamayo-recipes/recipes/alpamayo1_5_distill/training/output_kd_2b_mix2bnav_m9w1.0_lcdrive,5.0,7815,/data/achahe/alpamayo-recipes/recipes/alpamayo1_5_distill/training/output_kd_2b_mix2bnav_m9w1.0_lcdrive/checkpoint-7815/trainer_state.json,/data/achahe/alpamayo-recipes/recipes/alpamayo1_5_distill/training/kdtrain_602.out,Training settings recovered from completed training log,output_kd_2b_mix2bnav_m9w1.0_lcdrive,included,VLM cache / block / field distillation and CE controls,"{""kd"": {""block_norm"": ""teacher"", ""block_span"": 1, ""block_span_mix"": 9, ""block_span_mix_weight"": 1.0, ""block_timestep"": ""beta"", ""block_weight"": 1.0, ""ce_weight"": 0.0, ""kd_temperature"": 1.0, ""kd_weight"": 0.0, ""kv_align"": ""direct"", ""kv_layerwise_std"": true, ""kv_loss_type"": ""l1"", ""kv_weight"": 0.0, ""layer_mix"": true, ""layer_mix_blocks"": 4, ""layer_mix_expert_layers"": 36, ""layer_mix_gain"": false, ""layer_mix_sharpen"": 0.75, ""log_kv_regions"": false}}","1*block; t=beta, span=1, block_span_mix=9, block_span_mix_weight=1.0, layer mixing",alpamayo1_5_distill.models.kd_model.KDReasoningVLA.from_pretrained_vlm,/data/achahe/alpasim/huggingface/hub/Cosmos-Reason2-2B,,,1e-05,"{""layer_mixer"": 10.0}",alpamayo1_5_distill.data.camera_subset.CameraSubsetPAIDataset,/data/datasets/physical_ai_av/,/data/datasets/physical_ai_av/lcdrive_physicalai_av_manifests/lcdrive_train_clip_uuids.txt,/data/datasets/physical_ai_av/lcdrive_physicalai_av_manifests/nav_lcdrive_train_anchors_50k_turnpreserved.json,0-3146,"[1, 3]",annotation anchored,True,True,True,5
/data/achahe/alpamayo-recipes/recipes/alpamayo1_5_distill/training/output_kd_2b_mix2bnav_m9w1.0_plr100.0_lcdrive,5.0,7815,/data/achahe/alpamayo-recipes/recipes/alpamayo1_5_distill/training/output_kd_2b_mix2bnav_m9w1.0_plr100.0_lcdrive/checkpoint-7815/trainer_state.json,/data/achahe/alpamayo-recipes/recipes/alpamayo1_5_distill/training/kdtrain_608.out,Training settings recovered from completed training log,output_kd_2b_mix2bnav_m9w1.0_plr100.0_lcdrive,included,VLM cache / block / field distillation and CE controls,"{""kd"": {""block_norm"": ""teacher"", ""block_span"": 1, ""block_span_mix"": 9, ""block_span_mix_weight"": 1.0, ""block_timestep"": ""beta"", ""block_weight"": 1.0, ""ce_weight"": 0.0, ""kd_temperature"": 1.0, ""kd_weight"": 0.0, ""kv_align"": ""direct"", ""kv_layerwise_std"": true, ""kv_loss_type"": ""l1"", ""kv_weight"": 0.0, ""layer_mix"": true, ""layer_mix_blocks"": 4, ""layer_mix_expert_layers"": 36, ""layer_mix_gain"": false, ""layer_mix_sharpen"": 0.75, ""log_kv_regions"": false}}","1*block; t=beta, span=1, block_span_mix=9, block_span_mix_weight=1.0, layer mixing",alpamayo1_5_distill.models.kd_model.KDReasoningVLA.from_pretrained_vlm,/data/achahe/alpasim/huggingface/hub/Cosmos-Reason2-2B,,,1e-05,"{""layer_mixer"": 100.0}",alpamayo1_5_distill.data.camera_subset.CameraSubsetPAIDataset,/data/datasets/physical_ai_av/,/data/datasets/physical_ai_av/lcdrive_physicalai_av_manifests/lcdrive_train_clip_uuids.txt,/data/datasets/physical_ai_av/lcdrive_physicalai_av_manifests/nav_lcdrive_train_anchors_50k_turnpreserved.json,0-3146,"[1, 3]",annotation anchored,True,True,True,5
/data/achahe/alpamayo-recipes/recipes/alpamayo1_5_distill/training/output_kd_2b_mixpin2bnav_m9w1.0_plr100.0_lcdrive,5.0,7815,/data/achahe/alpamayo-recipes/recipes/alpamayo1_5_distill/training/output_kd_2b_mixpin2bnav_m9w1.0_plr100.0_lcdrive/checkpoint-7815/trainer_state.json,/data/achahe/alpamayo-recipes/recipes/alpamayo1_5_distill/training/kdtrain_612.out,Training settings recovered from completed training log,output_kd_2b_mixpin2bnav_m9w1.0_plr100.0_lcdrive,included,VLM cache / block / field distillation and CE controls,"{""kd"": {""block_norm"": ""teacher"", ""block_span"": 1, ""block_span_mix"": 9, ""block_span_mix_weight"": 1.0, ""block_timestep"": ""beta"", ""block_weight"": 1.0, ""ce_weight"": 0.0, ""kd_temperature"": 1.0, ""kd_weight"": 0.0, ""kv_align"": ""direct"", ""kv_layerwise_std"": true, ""kv_loss_type"": ""l1"", ""kv_weight"": 0.0, ""layer_mix"": true, ""layer_mix_blocks"": 2, ""layer_mix_expert_layers"": 36, ""layer_mix_gain"": false, ""layer_mix_pin_head"": 4, ""layer_mix_pin_tail"": 2, ""layer_mix_sharpen"": 0.75, ""log_kv_regions"": false}}","1*block; t=beta, span=1, block_span_mix=9, block_span_mix_weight=1.0, layer mixing",alpamayo1_5_distill.models.kd_model.KDReasoningVLA.from_pretrained_vlm,/data/achahe/alpasim/huggingface/hub/Cosmos-Reason2-2B,,,1e-05,"{""layer_mixer"": 100.0}",alpamayo1_5_distill.data.camera_subset.CameraSubsetPAIDataset,/data/datasets/physical_ai_av/,/data/datasets/physical_ai_av/lcdrive_physicalai_av_manifests/lcdrive_train_clip_uuids.txt,/data/datasets/physical_ai_av/lcdrive_physicalai_av_manifests/nav_lcdrive_train_anchors_50k_turnpreserved.json,0-3146,"[1, 3]",annotation anchored,True,True,True,5
/data/achahe/alpamayo-recipes/recipes/alpamayo1_5_distill/training/output_kd_2b_nav2bmix_m7w1.0_e5_clean_maskfix_lcdrive,5.0,7815,/data/achahe/alpamayo-recipes/recipes/alpamayo1_5_distill/training/output_kd_2b_nav2bmix_m7w1.0_e5_clean_maskfix_lcdrive/checkpoint-7815/trainer_state.json,/data/achahe/alpamayo-recipes/recipes/alpamayo1_5_distill/training/kdtrain_546.out,Training settings recovered from completed training log,output_kd_2b_nav2bmix_m7w1.0_e5_clean_maskfix_lcdrive,included,VLM cache / block / field distillation and CE controls,"{""kd"": {""block_norm"": ""teacher"", ""block_span"": 1, ""block_span_mix"": 7, ""block_span_mix_weight"": 1.0, ""block_timestep"": ""beta"", ""block_weight"": 1.0, ""ce_weight"": 0.0, ""kd_temperature"": 1.0, ""kd_weight"": 0.0, ""kv_align"": ""direct"", ""kv_layerwise_std"": true, ""kv_loss_type"": ""l1"", ""kv_weight"": 0.0, ""log_kv_regions"": true}}","1*block; t=beta, span=1, block_span_mix=7, block_span_mix_weight=1.0",alpamayo1_5_distill.models.kd_model.KDReasoningVLA.from_pretrained_vlm,/data/achahe/alpasim/huggingface/hub/Cosmos-Reason2-2B,,,1e-05,{},alpamayo1_5_distill.data.camera_subset.CameraSubsetPAIDataset,/data/datasets/physical_ai_av/,/data/datasets/physical_ai_av/lcdrive_physicalai_av_manifests/lcdrive_train_clip_uuids.txt,/data/datasets/physical_ai_av/lcdrive_physicalai_av_manifests/nav_lcdrive_train_anchors_50k_turnpreserved.json,0-3146,"[1, 3]",annotation anchored,True,True,True,7
/data/achahe/alpamayo-recipes/recipes/alpamayo1_5_distill/training/output_kd_2b_nav2bmix_m7w1.0_e6_efficient_lcdrive,6.0,9378,/data/achahe/alpamayo-recipes/recipes/alpamayo1_5_distill/training/output_kd_2b_nav2bmix_m7w1.0_e6_efficient_lcdrive/checkpoint-9378/trainer_state.json,/data/achahe/alpamayo-recipes/recipes/alpamayo1_5_distill/training/kdtrain_541.out,Training settings recovered from completed training log,output_kd_2b_nav2bmix_m7w1.0_e6_efficient_lcdrive,included,VLM cache / block / field distillation and CE controls,"{""kd"": {""block_norm"": ""teacher"", ""block_span"": 1, ""block_span_mix"": 7, ""block_span_mix_weight"": 1.0, ""block_timestep"": ""beta"", ""block_weight"": 1.0, ""ce_weight"": 0.0, ""kd_temperature"": 1.0, ""kd_weight"": 0.0, ""kv_align"": ""direct"", ""kv_layerwise_std"": true, ""kv_loss_type"": ""l1"", ""kv_weight"": 0.0, ""log_kv_regions"": true}}","1*block; t=beta, span=1, block_span_mix=7, block_span_mix_weight=1.0",alpamayo1_5_distill.models.kd_model.KDReasoningVLA.from_pretrained_vlm,/data/achahe/alpasim/huggingface/hub/Cosmos-Reason2-2B,,/data/achahe/alpamayo-recipes/recipes/alpamayo1_5_distill/training/output_kd_2b_nav2bmix_m7w1.0_lcdrive/checkpoint-7815,1e-05,{},alpamayo1_5_distill.data.camera_subset.CameraSubsetPAIDataset,/data/datasets/physical_ai_av/,/data/datasets/physical_ai_av/lcdrive_physicalai_av_manifests/lcdrive_train_clip_uuids.txt,/data/datasets/physical_ai_av/lcdrive_physicalai_av_manifests/nav_lcdrive_train_anchors_50k_turnpreserved.json,0-3146,"[1, 3]",annotation anchored,True,True,True,1
/data/achahe/alpamayo-recipes/recipes/alpamayo1_5_distill/training/output_kd_2b_nav2bmix_m7w1.0_e6_lcdrive,0,0,,/data/achahe/alpamayo-recipes/recipes/alpamayo1_5_distill/training/output_kd_2b_nav2bmix_m7w1.0_e6_lcdrive/config.yaml,,output_kd_2b_nav2bmix_m7w1.0_e6_lcdrive,excluded: below one epoch / no completion evidence,VLM cache / block / field distillation and CE controls,"{""kd"": {""block_norm"": ""teacher"", ""block_span"": 1, ""block_span_mix"": 7, ""block_span_mix_weight"": 1.0, ""block_timestep"": ""beta"", ""block_weight"": 1.0, ""ce_weight"": 0.0, ""kd_temperature"": 1.0, ""kd_weight"": 0.0, ""kv_align"": ""direct"", ""kv_layerwise_std"": true, ""kv_loss_type"": ""l1"", ""kv_weight"": 0.0, ""log_kv_regions"": true}}","1*block; t=beta, span=1, block_span_mix=7, block_span_mix_weight=1.0",alpamayo1_5_distill.models.kd_model.KDReasoningVLA.from_pretrained_vlm,/data/achahe/alpasim/huggingface/hub/Cosmos-Reason2-2B,,/data/achahe/alpamayo-recipes/recipes/alpamayo1_5_distill/training/output_kd_2b_nav2bmix_m7w1.0_lcdrive/checkpoint-7815,1e-05,{},alpamayo1_5_distill.data.camera_subset.CameraSubsetPAIDataset,/data/datasets/physical_ai_av/,/data/datasets/physical_ai_av/lcdrive_physicalai_av_manifests/lcdrive_train_clip_uuids.txt,/data/datasets/physical_ai_av/lcdrive_physicalai_av_manifests/nav_lcdrive_train_anchors_50k_turnpreserved.json,0-3146,"[1, 3]",annotation anchored,True,True,True,0
/data/achahe/alpamayo-recipes/recipes/alpamayo1_5_distill/training/output_kd_2b_nav2bmix_m7w1.0_lcdrive,5.0,7815,/data/achahe/alpamayo-recipes/recipes/alpamayo1_5_distill/training/output_kd_2b_nav2bmix_m7w1.0_lcdrive/checkpoint-7815/trainer_state.json,/data/achahe/alpamayo-recipes/recipes/alpamayo1_5_distill/training/kdtrain_517.out,Training settings recovered from completed training log,output_kd_2b_nav2bmix_m7w1.0_lcdrive,included,VLM cache / block / field distillation and CE controls,"{""kd"": {""block_norm"": ""teacher"", ""block_span"": 1, ""block_span_mix"": 7, ""block_span_mix_weight"": 1.0, ""block_timestep"": ""beta"", ""block_weight"": 1.0, ""ce_weight"": 0.0, ""kd_temperature"": 1.0, ""kd_weight"": 0.0, ""kv_align"": ""direct"", ""kv_layerwise_std"": true, ""kv_loss_type"": ""l1"", ""kv_weight"": 0.0, ""log_kv_regions"": true}}","1*block; t=beta, span=1, block_span_mix=7, block_span_mix_weight=1.0",alpamayo1_5_distill.models.kd_model.KDReasoningVLA.from_pretrained_vlm,/data/achahe/alpasim/huggingface/hub/Cosmos-Reason2-2B,,,1e-05,{},alpamayo1_5_distill.data.camera_subset.CameraSubsetPAIDataset,/data/datasets/physical_ai_av/,/data/datasets/physical_ai_av/lcdrive_physicalai_av_manifests/lcdrive_train_clip_uuids.txt,/data/datasets/physical_ai_av/lcdrive_physicalai_av_manifests/nav_lcdrive_train_anchors_50k_turnpreserved.json,0-3146,"[1, 3]",annotation anchored,True,True,True,3
/data/achahe/alpamayo-recipes/recipes/alpamayo1_5_distill/training/output_kd_4b_blockfr_lcdrive,0,0,,/data/achahe/alpamayo-recipes/recipes/alpamayo1_5_distill/training/output_kd_4b_blockfr_lcdrive/config.yaml,,output_kd_4b_blockfr_lcdrive,excluded: below one epoch / no completion evidence,VLM cache / block / field distillation and CE controls,"{""kd"": {""block_freerun_weight"": 1.0, ""block_timestep"": ""beta"", ""block_weight"": 1.0, ""ce_weight"": 0.0, ""kd_temperature"": 1.0, ""kd_weight"": 0.0, ""kv_align"": ""direct"", ""kv_layerwise_std"": true, ""kv_loss_type"": ""l1"", ""kv_weight"": 0.0, ""log_kv_regions"": true}}","1*block; t=beta, span=1",alpamayo1_5_distill.models.kd_model.KDReasoningVLA.from_pretrained_vlm,/data/achahe/alpasim/huggingface/hub/models--Qwen--Qwen3-VL-4B-Instruct/snapshots/ebb281ec70b05090aa6165b016eac8ec08e71b17,/data/achahe/alpamayo-recipes/recipes/alpamayo1_5_distill/training/output_kd_4b_blockrandt_e3_lcdrive/checkpoint-4794,,1e-05,"{""vlm.model.visual"": 0.1}",alpamayo.data.pai.PAIDataset,/data/datasets/physical_ai_av/,/data/datasets/physical_ai_av/lcdrive_physicalai_av_manifests/lcdrive_train_clip_uuids.txt,,0-3146,"[0, 1, 2, 3]",default keyframe,False,True,True,0
/data/achahe/alpamayo-recipes/recipes/alpamayo1_5_distill/training/output_kd_4b_blockonly_e3_lcdrive,3.0,4794,/data/achahe/alpamayo-recipes/recipes/alpamayo1_5_distill/training/output_kd_4b_blockonly_e3_lcdrive/checkpoint-4794/trainer_state.json,/data/achahe/alpamayo-recipes/recipes/alpamayo1_5_distill/training/kdtrain_423.out,Training settings recovered from completed training log,output_kd_4b_blockonly_e3_lcdrive,included,VLM cache / block / field distillation and CE controls,"{""kd"": {""block_weight"": 1.0, ""ce_weight"": 0.0, ""kd_temperature"": 1.0, ""kd_weight"": 0.0, ""kv_align"": ""direct"", ""kv_layerwise_std"": true, ""kv_loss_type"": ""l1"", ""kv_weight"": 0.0, ""log_kv_regions"": true}}","1*block; t=zero, span=1",alpamayo1_5_distill.models.kd_model.KDReasoningVLA.from_pretrained_vlm,/data/achahe/alpasim/huggingface/hub/models--Qwen--Qwen3-VL-4B-Instruct/snapshots/ebb281ec70b05090aa6165b016eac8ec08e71b17,,/data/achahe/alpamayo-recipes/recipes/alpamayo1_5_distill/training/output_kd_4b_blockonly_lcdrive/checkpoint-1598,1e-05,"{""vlm.model.visual"": 0.1}",alpamayo.data.pai.PAIDataset,/data/datasets/physical_ai_av/,/data/datasets/physical_ai_av/lcdrive_physicalai_av_manifests/lcdrive_train_clip_uuids.txt,,0-3146,"[0, 1, 2, 3]",default keyframe,False,True,True,2
/data/achahe/alpamayo-recipes/recipes/alpamayo1_5_distill/training/output_kd_4b_blockonly_lcdrive,1.0,1598,/data/achahe/alpamayo-recipes/recipes/alpamayo1_5_distill/training/output_kd_4b_blockonly_lcdrive/checkpoint-1598/trainer_state.json,/data/achahe/alpamayo-recipes/recipes/alpamayo1_5_distill/training/kdtrain_418.out,Training settings recovered from completed training log,output_kd_4b_blockonly_lcdrive,included,VLM cache / block / field distillation and CE controls,"{""kd"": {""block_weight"": 1.0, ""ce_weight"": 0.0, ""kd_temperature"": 1.0, ""kd_weight"": 0.0, ""kv_align"": ""direct"", ""kv_layerwise_std"": true, ""kv_loss_type"": ""l1"", ""kv_weight"": 0.0, ""log_kv_regions"": true}}","1*block; t=zero, span=1",alpamayo1_5_distill.models.kd_model.KDReasoningVLA.from_pretrained_vlm,/data/achahe/alpasim/huggingface/hub/models--Qwen--Qwen3-VL-4B-Instruct/snapshots/ebb281ec70b05090aa6165b016eac8ec08e71b17,,,1e-05,"{""vlm.model.visual"": 0.1}",alpamayo.data.pai.PAIDataset,/data/datasets/physical_ai_av/,/data/datasets/physical_ai_av/lcdrive_physicalai_av_manifests/lcdrive_train_clip_uuids.txt,,0-3146,"[0, 1, 2, 3]",default keyframe,False,True,True,1
/data/achahe/alpamayo-recipes/recipes/alpamayo1_5_distill/training/output_kd_4b_blockrandt_e3_lcdrive,3.0,4794,/data/achahe/alpamayo-recipes/recipes/alpamayo1_5_distill/training/output_kd_4b_blockrandt_e3_lcdrive/checkpoint-4794/trainer_state.json,/data/achahe/alpamayo-recipes/recipes/alpamayo1_5_distill/training/output_kd_4b_blockrandt_e3_lcdrive/config.yaml,,output_kd_4b_blockrandt_e3_lcdrive,included,VLM cache / block / field distillation and CE controls,"{""kd"": {""block_timestep"": ""beta"", ""block_weight"": 1.0, ""ce_weight"": 0.0, ""kd_temperature"": 1.0, ""kd_weight"": 0.0, ""kv_align"": ""direct"", ""kv_layerwise_std"": true, ""kv_loss_type"": ""l1"", ""kv_weight"": 0.0, ""log_kv_regions"": true}}","1*block; t=beta, span=1",alpamayo1_5_distill.models.kd_model.KDReasoningVLA.from_pretrained_vlm,/data/achahe/alpasim/huggingface/hub/models--Qwen--Qwen3-VL-4B-Instruct/snapshots/ebb281ec70b05090aa6165b016eac8ec08e71b17,,/data/achahe/alpamayo-recipes/recipes/alpamayo1_5_distill/training/output_kd_4b_blockrandt_lcdrive/checkpoint-1598,1e-05,"{""vlm.model.visual"": 0.1}",alpamayo.data.pai.PAIDataset,/data/datasets/physical_ai_av/,/data/datasets/physical_ai_av/lcdrive_physicalai_av_manifests/lcdrive_train_clip_uuids.txt,,0-3146,"[0, 1, 2, 3]",default keyframe,False,True,True,2
/data/achahe/alpamayo-recipes/recipes/alpamayo1_5_distill/training/output_kd_4b_blockrandt_e5_lcdrive,0,0,,/data/achahe/alpamayo-recipes/recipes/alpamayo1_5_distill/training/output_kd_4b_blockrandt_e5_lcdrive/config.yaml,,output_kd_4b_blockrandt_e5_lcdrive,excluded: below one epoch / no completion evidence,VLM cache / block / field distillation and CE controls,"{""kd"": {""block_timestep"": ""beta"", ""block_weight"": 1.0, ""ce_weight"": 0.0, ""kd_temperature"": 1.0, ""kd_weight"": 0.0, ""kv_align"": ""direct"", ""kv_layerwise_std"": true, ""kv_loss_type"": ""l1"", ""kv_weight"": 0.0, ""log_kv_regions"": true}}","1*block; t=beta, span=1",alpamayo1_5_distill.models.kd_model.KDReasoningVLA.from_pretrained_vlm,/data/achahe/alpasim/huggingface/hub/models--Qwen--Qwen3-VL-4B-Instruct/snapshots/ebb281ec70b05090aa6165b016eac8ec08e71b17,,/data/achahe/alpamayo-recipes/recipes/alpamayo1_5_distill/training/output_kd_4b_blockrandt_e3_lcdrive/checkpoint-4794,1e-05,"{""vlm.model.visual"": 0.1}",alpamayo.data.pai.PAIDataset,/data/datasets/physical_ai_av/,/data/datasets/physical_ai_av/lcdrive_physicalai_av_manifests/lcdrive_train_clip_uuids.txt,,0-3146,"[0, 1, 2, 3]",default keyframe,False,True,True,0
/data/achahe/alpamayo-recipes/recipes/alpamayo1_5_distill/training/output_kd_4b_blockrandt_lcdrive,1.0,1598,/data/achahe/alpamayo-recipes/recipes/alpamayo1_5_distill/training/output_kd_4b_blockrandt_lcdrive/checkpoint-1598/trainer_state.json,/data/achahe/alpamayo-recipes/recipes/alpamayo1_5_distill/training/kdtrain_429.out,Training settings recovered from completed training log,output_kd_4b_blockrandt_lcdrive,included,VLM cache / block / field distillation and CE controls,"{""kd"": {""block_timestep"": ""beta"", ""block_weight"": 1.0, ""ce_weight"": 0.0, ""kd_temperature"": 1.0, ""kd_weight"": 0.0, ""kv_align"": ""direct"", ""kv_layerwise_std"": true, ""kv_loss_type"": ""l1"", ""kv_weight"": 0.0, ""log_kv_regions"": true}}","1*block; t=beta, span=1",alpamayo1_5_distill.models.kd_model.KDReasoningVLA.from_pretrained_vlm,/data/achahe/alpasim/huggingface/hub/models--Qwen--Qwen3-VL-4B-Instruct/snapshots/ebb281ec70b05090aa6165b016eac8ec08e71b17,,,1e-05,"{""vlm.model.visual"": 0.1}",alpamayo.data.pai.PAIDataset,/data/datasets/physical_ai_av/,/data/datasets/physical_ai_av/lcdrive_physicalai_av_manifests/lcdrive_train_clip_uuids.txt,,0-3146,"[0, 1, 2, 3]",default keyframe,False,True,True,1
/data/achahe/alpamayo-recipes/recipes/alpamayo1_5_distill/training/output_kd_4b_ce_lcdrive,1.0,1598,/data/achahe/alpamayo-recipes/recipes/alpamayo1_5_distill/training/output_kd_4b_ce_lcdrive/checkpoint-1598/trainer_state.json,/data/achahe/alpamayo-recipes/recipes/alpamayo1_5_distill/training/kdtrain_392.out,Training settings recovered from completed training log,output_kd_4b_ce_lcdrive,included,VLM cache / block / field distillation and CE controls,"{""kd"": {""kd_temperature"": 1.0, ""kd_weight"": 0.0, ""kv_align"": ""direct"", ""kv_layerwise_std"": true, ""kv_loss_type"": ""l1"", ""kv_weight"": 0.0, ""log_kv_regions"": true}}",1*CE,alpamayo1_5_distill.models.kd_model.KDReasoningVLA.from_pretrained_vlm,/data/achahe/alpasim/huggingface/hub/models--Qwen--Qwen3-VL-4B-Instruct/snapshots/ebb281ec70b05090aa6165b016eac8ec08e71b17,,,1e-05,"{""vlm.model.visual"": 0.1}",alpamayo.data.pai.PAIDataset,/data/datasets/physical_ai_av/,/data/datasets/physical_ai_av/lcdrive_physicalai_av_manifests/lcdrive_train_clip_uuids.txt,,0-3146,"[0, 1, 2, 3]",default keyframe,False,True,True,2
/data/achahe/alpamayo-recipes/recipes/alpamayo1_5_distill/training/output_kd_4b_cekv_lcdrive,1.0,1598,/data/achahe/alpamayo-recipes/recipes/alpamayo1_5_distill/training/output_kd_4b_cekv_lcdrive/checkpoint-1598/trainer_state.json,/data/achahe/alpamayo-recipes/recipes/alpamayo1_5_distill/training/kdtrain_403.out,Training settings recovered from completed training log,output_kd_4b_cekv_lcdrive,included,VLM cache / block / field distillation and CE controls,"{""kd"": {""kd_temperature"": 1.0, ""kd_weight"": 0.0, ""kv_align"": ""direct"", ""kv_layerwise_std"": true, ""kv_loss_type"": ""l1"", ""kv_weight"": 45.409, ""log_kv_regions"": true}}",1*CE + 45.409*KV,alpamayo1_5_distill.models.kd_model.KDReasoningVLA.from_pretrained_vlm,/data/achahe/alpasim/huggingface/hub/models--Qwen--Qwen3-VL-4B-Instruct/snapshots/ebb281ec70b05090aa6165b016eac8ec08e71b17,,,1e-05,"{""vlm.model.visual"": 0.1}",alpamayo.data.pai.PAIDataset,/data/datasets/physical_ai_av/,/data/datasets/physical_ai_av/lcdrive_physicalai_av_manifests/lcdrive_train_clip_uuids.txt,,0-3146,"[0, 1, 2, 3]",default keyframe,False,True,True,2
/data/achahe/alpamayo-recipes/recipes/alpamayo1_5_distill/training/output_kd_4b_kd_lcdrive,1.0,1598,/data/achahe/alpamayo-recipes/recipes/alpamayo1_5_distill/training/output_kd_4b_kd_lcdrive/checkpoint-1598/trainer_state.json,/data/achahe/alpamayo-recipes/recipes/alpamayo1_5_distill/training/kdtrain_393.out,Training settings recovered from completed training log,output_kd_4b_kd_lcdrive,included,VLM cache / block / field distillation and CE controls,"{""kd"": {""kd_temperature"": 1.0, ""kd_weight"": 0.70921, ""kv_align"": ""direct"", ""kv_layerwise_std"": true, ""kv_loss_type"": ""l1"", ""kv_weight"": 0.0, ""log_kv_regions"": true}}",1*CE + 0.70921*logit KD,alpamayo1_5_distill.models.kd_model.KDReasoningVLA.from_pretrained_vlm,/data/achahe/alpasim/huggingface/hub/models--Qwen--Qwen3-VL-4B-Instruct/snapshots/ebb281ec70b05090aa6165b016eac8ec08e71b17,,,1e-05,"{""vlm.model.visual"": 0.1}",alpamayo.data.pai.PAIDataset,/data/datasets/physical_ai_av/,/data/datasets/physical_ai_av/lcdrive_physicalai_av_manifests/lcdrive_train_clip_uuids.txt,,0-3146,"[0, 1, 2, 3]",default keyframe,False,True,True,2
/data/achahe/alpamayo-recipes/recipes/alpamayo1_5_distill/training/output_kd_4b_kv_lcdrive,1.0,1598,/data/achahe/alpamayo-recipes/recipes/alpamayo1_5_distill/training/output_kd_4b_kv_lcdrive/checkpoint-1598/trainer_state.json,/data/achahe/alpamayo-recipes/recipes/alpamayo1_5_distill/training/kdtrain_394.out,Training settings recovered from completed training log,output_kd_4b_kv_lcdrive,included,VLM cache / block / field distillation and CE controls,"{""kd"": {""kd_temperature"": 1.0, ""kd_weight"": 0.70921, ""kv_align"": ""direct"", ""kv_layerwise_std"": true, ""kv_loss_type"": ""l1"", ""kv_weight"": 45.409, ""log_kv_regions"": true}}",1*CE + 0.70921*logit KD + 45.409*KV,alpamayo1_5_distill.models.kd_model.KDReasoningVLA.from_pretrained_vlm,/data/achahe/alpasim/huggingface/hub/models--Qwen--Qwen3-VL-4B-Instruct/snapshots/ebb281ec70b05090aa6165b016eac8ec08e71b17,,,1e-05,"{""vlm.model.visual"": 0.1}",alpamayo.data.pai.PAIDataset,/data/datasets/physical_ai_av/,/data/datasets/physical_ai_av/lcdrive_physicalai_av_manifests/lcdrive_train_clip_uuids.txt,,0-3146,"[0, 1, 2, 3]",default keyframe,False,True,True,2
/data/achahe/alpamayo-recipes/recipes/alpamayo1_5_distill/training/output_kd_4b_kvband_lcdrive,1.0,1598,/data/achahe/alpamayo-recipes/recipes/alpamayo1_5_distill/training/output_kd_4b_kvband_lcdrive/checkpoint-1598/trainer_state.json,/data/achahe/alpamayo-recipes/recipes/alpamayo1_5_distill/training/kdtrain_420.out,Training settings recovered from completed training log,output_kd_4b_kvband_lcdrive,included,VLM cache / block / field distillation and CE controls,"{""kd"": {""ce_weight"": 0.0, ""kd_temperature"": 1.0, ""kd_weight"": 0.0, ""kv_align"": ""direct"", ""kv_layer_bands"": [0.01, 0.96, 2.03], ""kv_layerwise_std"": true, ""kv_loss_type"": ""l1"", ""kv_weight"": 45.409, ""log_kv_regions"": true}}","45.409*KV; kv_layer_bands=[0.01, 0.96, 2.03]",alpamayo1_5_distill.models.kd_model.KDReasoningVLA.from_pretrained_vlm,/data/achahe/alpasim/huggingface/hub/models--Qwen--Qwen3-VL-4B-Instruct/snapshots/ebb281ec70b05090aa6165b016eac8ec08e71b17,,,1e-05,"{""vlm.model.visual"": 0.1}",alpamayo.data.pai.PAIDataset,/data/datasets/physical_ai_av/,/data/datasets/physical_ai_av/lcdrive_physicalai_av_manifests/lcdrive_train_clip_uuids.txt,,0-3146,"[0, 1, 2, 3]",default keyframe,False,True,True,2
/data/achahe/alpamayo-recipes/recipes/alpamayo1_5_distill/training/output_kd_4b_kvonly_e3_lcdrive,3.0,4794,/data/achahe/alpamayo-recipes/recipes/alpamayo1_5_distill/training/output_kd_4b_kvonly_e3_lcdrive/checkpoint-4794/trainer_state.json,/data/achahe/alpamayo-recipes/recipes/alpamayo1_5_distill/training/kdtrain_409.out,Training settings recovered from completed training log,output_kd_4b_kvonly_e3_lcdrive,included,VLM cache / block / field distillation and CE controls,"{""kd"": {""ce_weight"": 0.0, ""kd_temperature"": 1.0, ""kd_weight"": 0.0, ""kv_align"": ""direct"", ""kv_layerwise_std"": true, ""kv_loss_type"": ""l1"", ""kv_weight"": 45.409, ""log_kv_regions"": true}}",45.409*KV,alpamayo1_5_distill.models.kd_model.KDReasoningVLA.from_pretrained_vlm,/data/achahe/alpasim/huggingface/hub/models--Qwen--Qwen3-VL-4B-Instruct/snapshots/ebb281ec70b05090aa6165b016eac8ec08e71b17,,/data/achahe/alpamayo-recipes/recipes/alpamayo1_5_distill/training/output_kd_4b_kvonly_lcdrive/checkpoint-1598,1e-05,"{""vlm.model.visual"": 0.1}",alpamayo.data.pai.PAIDataset,/data/datasets/physical_ai_av/,/data/datasets/physical_ai_av/lcdrive_physicalai_av_manifests/lcdrive_train_clip_uuids.txt,,0-3146,"[0, 1, 2, 3]",default keyframe,False,True,True,2
/data/achahe/alpamayo-recipes/recipes/alpamayo1_5_distill/training/output_kd_4b_kvonly_lcdrive,1.0,1598,/data/achahe/alpamayo-recipes/recipes/alpamayo1_5_distill/training/output_kd_4b_kvonly_lcdrive/checkpoint-1598/trainer_state.json,/data/achahe/alpamayo-recipes/recipes/alpamayo1_5_distill/training/kdtrain_404.out,Training settings recovered from completed training log,output_kd_4b_kvonly_lcdrive,included,VLM cache / block / field distillation and CE controls,"{""kd"": {""ce_weight"": 0.0, ""kd_temperature"": 1.0, ""kd_weight"": 0.0, ""kv_align"": ""direct"", ""kv_layerwise_std"": true, ""kv_loss_type"": ""l1"", ""kv_weight"": 45.409, ""log_kv_regions"": true}}",45.409*KV,alpamayo1_5_distill.models.kd_model.KDReasoningVLA.from_pretrained_vlm,/data/achahe/alpasim/huggingface/hub/models--Qwen--Qwen3-VL-4B-Instruct/snapshots/ebb281ec70b05090aa6165b016eac8ec08e71b17,,,1e-05,"{""vlm.model.visual"": 0.1}",alpamayo.data.pai.PAIDataset,/data/datasets/physical_ai_av/,/data/datasets/physical_ai_av/lcdrive_physicalai_av_manifests/lcdrive_train_clip_uuids.txt,,0-3146,"[0, 1, 2, 3]",default keyframe,False,True,True,2
/data/achahe/alpamayo-recipes/recipes/alpamayo1_5_distill/training/output_prunedexpert_10b_lcdrive,0,0,,/data/achahe/alpamayo-recipes/recipes/alpamayo1_5_distill/training/output_prunedexpert_10b_lcdrive/config.yaml,,output_prunedexpert_10b_lcdrive,excluded: below one epoch / no completion evidence,Expert-on-student / supervised controls,"{""cotrain_vlm"": false}",Supervised action flow matching; VLM frozen (EoS control),alpamayo1_5_distill.models.expert_teacher.KaVaExpertTeacher.from_pretrained,,,,2e-05,{},alpamayo.data.pai.PAIDataset,/data/datasets/physical_ai_av/,/data/datasets/physical_ai_av/lcdrive_physicalai_av_manifests/lcdrive_train_clip_uuids.txt,,0-3146,"[0, 1, 2, 3]",default keyframe,False,True,True,0
/data/achahe/alpamayo-recipes/recipes/alpamayo1_5_distill/training/output_stage1_kava_control_lcdrive,1.0,2397,/data/achahe/alpamayo-recipes/recipes/alpamayo1_5_distill/training/output_stage1_kava_control_lcdrive/checkpoint-2397/trainer_state.json,/data/achahe/alpamayo-recipes/recipes/alpamayo1_5_distill/training/kavatrain_371.out,Training settings recovered from completed training log,output_stage1_kava_control_lcdrive,included,KAVA latent-slot distillation and controls,"{""kava"": {""jacobi_iters"": 1, ""kv_align"": ""projector"", ""kv_layer_map"": null, ""kv_layerwise_std"": true, ""kv_loss_type"": ""l1"", ""kv_loss_weight"": 0.0, ""num_slots"": 8, ""slot_init"": ""vocab"", ""slot_init_cot_text"": ""/data/achahe/alpamayo-recipes/recipes/alpamayo1_5_distill/training/teacher_kv_lcdrive"", ""slot_init_std"": 0.02, ""teacher_layers"": 36}, ""latent_cosine_weight"": 0.1, ""latent_loss_weight"": 0.0}","CE + 0*latent + 0*KV; M=8, T=1, l1",alpamayo1_5_distill.models.kava_model.KaVaReasoningVLA.from_pretrained_vlm,/data/achahe/alpasim/huggingface/hub/Cosmos-Reason2-2B,/data/achahe/alpamayo-recipes/recipes/alpamayo1_5_sft/training/output_stage1_cosmos2b_lcdrive/checkpoint-3597,,1e-05,"{""vlm.model.visual"": 0.1, ""latent_proj"": 10.0, ""kv_projector"": 5.0, ""slot_embeddings"": 10.0, ""jacobi_proj"": 5.0}",alpamayo1_5_distill.data.kava_dataset.KaVaPAIDataset,/data/datasets/physical_ai_av/,/data/datasets/physical_ai_av/lcdrive_physicalai_av_manifests/lcdrive_train_clip_uuids.txt,,0-3146,"[0, 1, 2, 3]",default keyframe,False,False,False,1
/data/achahe/alpamayo-recipes/recipes/alpamayo1_5_distill/training/output_stage1_kava_cosmos2b_lcdrive,1.0,2397,/data/achahe/alpamayo-recipes/recipes/alpamayo1_5_distill/training/output_stage1_kava_cosmos2b_lcdrive/checkpoint-2397/trainer_state.json,/data/achahe/alpamayo-recipes/recipes/alpamayo1_5_distill/training/kavatrain_369.out,Training settings recovered from completed training log,output_stage1_kava_cosmos2b_lcdrive,included,KAVA latent-slot distillation and controls,"{""kava"": {""jacobi_iters"": 1, ""kv_align"": ""projector"", ""kv_layer_map"": null, ""kv_layerwise_std"": true, ""kv_loss_type"": ""l1"", ""kv_loss_weight"": 1.0, ""num_slots"": 8, ""slot_init"": ""vocab"", ""slot_init_cot_text"": ""/data/achahe/alpamayo-recipes/recipes/alpamayo1_5_distill/training/teacher_kv_lcdrive"", ""slot_init_std"": 0.02, ""teacher_layers"": 36}, ""latent_cosine_weight"": 0.1, ""latent_loss_weight"": 0.0}","CE + 0*latent + 1*KV; M=8, T=1, l1",alpamayo1_5_distill.models.kava_model.KaVaReasoningVLA.from_pretrained_vlm,/data/achahe/alpasim/huggingface/hub/Cosmos-Reason2-2B,/data/achahe/alpamayo-recipes/recipes/alpamayo1_5_sft/training/output_stage1_cosmos2b_lcdrive/checkpoint-3597,,1e-05,"{""vlm.model.visual"": 0.1, ""latent_proj"": 10.0, ""kv_projector"": 5.0, ""slot_embeddings"": 10.0, ""jacobi_proj"": 5.0}",alpamayo1_5_distill.data.kava_dataset.KaVaPAIDataset,/data/datasets/physical_ai_av/,/data/datasets/physical_ai_av/lcdrive_physicalai_av_manifests/lcdrive_train_clip_uuids.txt,,0-3146,"[0, 1, 2, 3]",default keyframe,False,False,False,2
/data/achahe/alpamayo-recipes/recipes/alpamayo1_5_distill/training/overfit_one,0,0,,/data/achahe/alpamayo-recipes/recipes/alpamayo1_5_distill/training/overfit_one/config.yaml,,overfit_one,excluded: below one epoch / no completion evidence,VLM cache / block / field distillation and CE controls,"{""kd"": {""block_timestep"": ""zero"", ""block_weight"": 1.0, ""ce_weight"": 0.0, ""field_weight"": 0.001, ""kd_temperature"": 1.0, ""kd_weight"": 0.0, ""kv_align"": ""direct"", ""kv_layerwise_std"": true, ""kv_loss_type"": ""l1"", ""kv_weight"": 0.0, ""log_kv_regions"": true}}","1*block + 0.001*field; t=zero, span=1",alpamayo1_5_distill.models.kd_model.KDReasoningVLA.from_pretrained_vlm,/data/achahe/alpasim/huggingface/hub/Cosmos-Reason2-2B,/data/achahe/alpamayo-recipes/recipes/alpamayo1_5_distill/training/output_kd_2b_block2b_lcdrive/checkpoint-3500,,5e-05,"{""vlm.model.visual"": 0.1}",alpamayo.data.pai.PAIDataset,/data/datasets/physical_ai_av/,/tmp/claude-1255/-home-achahe-alpamayo-recipes/85818c4b-b53a-432c-a8e5-86c442d98c76/scratchpad/one_clip.txt,,0-3146,"[0, 1, 2, 3]",default keyframe,False,True,True,0
/data/achahe/alpamayo-recipes/recipes/alpamayo1_5_distill/training/probe_dbg,0,0,,/data/achahe/alpamayo-recipes/recipes/alpamayo1_5_distill/training/probe_dbg/config.yaml,,probe_dbg,excluded: below one epoch / no completion evidence,VLM cache / block / field distillation and CE controls,"{""kd"": {""kd_temperature"": 1.0, ""kd_weight"": 1.0, ""kv_align"": ""direct"", ""kv_layerwise_std"": true, ""kv_loss_type"": ""l1"", ""kv_weight"": 1.0, ""log_kv_regions"": true}}",1*CE + 1*logit KD + 1*KV,alpamayo1_5_distill.models.kd_model.KDReasoningVLA.from_pretrained_vlm,/data/achahe/alpasim/huggingface/hub/models--Qwen--Qwen3-VL-4B-Instruct/snapshots/ebb281ec70b05090aa6165b016eac8ec08e71b17,,,1e-05,"{""vlm.model.visual"": 0.1}",alpamayo.data.pai.PAIDataset,/data/datasets/physical_ai_av/,/data/datasets/physical_ai_av/lcdrive_physicalai_av_manifests/lcdrive_train_clip_uuids.txt,,0-120,"[0, 1, 2, 3]",default keyframe,False,True,True,0
/data/achahe/alpamayo-recipes/recipes/alpamayo1_5_distill/training/probe_dbg2,0,0,,/data/achahe/alpamayo-recipes/recipes/alpamayo1_5_distill/training/probe_dbg2/config.yaml,,probe_dbg2,excluded: below one epoch / no completion evidence,VLM cache / block / field distillation and CE controls,"{""kd"": {""kd_temperature"": 1.0, ""kd_weight"": 1.0, ""kv_align"": ""direct"", ""kv_layerwise_std"": true, ""kv_loss_type"": ""l1"", ""kv_weight"": 1.0, ""log_kv_regions"": true}}",1*CE + 1*logit KD + 1*KV,alpamayo1_5_distill.models.kd_model.KDReasoningVLA.from_pretrained_vlm,/data/achahe/alpasim/huggingface/hub/models--Qwen--Qwen3-VL-4B-Instruct/snapshots/ebb281ec70b05090aa6165b016eac8ec08e71b17,,,1e-05,"{""vlm.model.visual"": 0.1}",alpamayo.data.pai.PAIDataset,/data/datasets/physical_ai_av/,/data/datasets/physical_ai_av/lcdrive_physicalai_av_manifests/lcdrive_train_clip_uuids.txt,,0-120,"[0, 1, 2, 3]",default keyframe,False,True,True,0
/data/achahe/alpamayo-recipes/recipes/alpamayo1_5_distill/training/roll_smoke,0,0,,/data/achahe/alpamayo-recipes/recipes/alpamayo1_5_distill/training/roll_smoke/config.yaml,,roll_smoke,excluded: below one epoch / no completion evidence,VLM cache / block / field distillation and CE controls,"{""kd"": {""block_timestep"": ""beta"", ""block_weight"": 1.0, ""ce_weight"": 0.0, ""kd_temperature"": 1.0, ""kd_weight"": 0.0, ""kv_align"": ""direct"", ""kv_layerwise_std"": true, ""kv_loss_type"": ""l1"", ""kv_weight"": 0.0, ""log_kv_regions"": true, ""roll_steps"": 2, ""roll_weight"": 0.0}}","1*block; t=beta, span=1",alpamayo1_5_distill.models.kd_model.KDReasoningVLA.from_pretrained_vlm,/data/achahe/alpasim/huggingface/hub/Cosmos-Reason2-2B,,,1e-05,{},alpamayo1_5_distill.data.camera_subset.CameraSubsetPAIDataset,/data/datasets/physical_ai_av/,/data/datasets/physical_ai_av/lcdrive_physicalai_av_manifests/lcdrive_train_clip_uuids.txt,,0-120,"[1, 3]",default keyframe,False,True,True,0
/data/achahe/alpamayo-recipes/recipes/alpamayo1_5_distill/training/smoke_band,0,0,,/data/achahe/alpamayo-recipes/recipes/alpamayo1_5_distill/training/smoke_band/config.yaml,,smoke_band,excluded: below one epoch / no completion evidence,VLM cache / block / field distillation and CE controls,"{""kd"": {""ce_weight"": 0.0, ""kd_temperature"": 1.0, ""kd_weight"": 0.0, ""kv_align"": ""direct"", ""kv_layer_bands"": [0.01, 0.96, 2.03], ""kv_layerwise_std"": true, ""kv_loss_type"": ""l1"", ""kv_weight"": 45.409, ""log_kv_regions"": true}}","45.409*KV; kv_layer_bands=[0.01, 0.96, 2.03]",alpamayo1_5_distill.models.kd_model.KDReasoningVLA.from_pretrained_vlm,/data/achahe/alpasim/huggingface/hub/models--Qwen--Qwen3-VL-4B-Instruct/snapshots/ebb281ec70b05090aa6165b016eac8ec08e71b17,,,1e-05,"{""vlm.model.visual"": 0.1}",alpamayo.data.pai.PAIDataset,/data/datasets/physical_ai_av/,/data/datasets/physical_ai_av/lcdrive_physicalai_av_manifests/lcdrive_train_clip_uuids.txt,,0-120,"[0, 1, 2, 3]",default keyframe,False,True,True,0
/data/achahe/alpamayo-recipes/recipes/alpamayo1_5_distill/training/smoke_block,0,0,,/data/achahe/alpamayo-recipes/recipes/alpamayo1_5_distill/training/smoke_block/config.yaml,,smoke_block,excluded: below one epoch / no completion evidence,VLM cache / block / field distillation and CE controls,"{""kd"": {""block_weight"": 1.0, ""ce_weight"": 0.0, ""kd_temperature"": 1.0, ""kd_weight"": 0.0, ""kv_align"": ""direct"", ""kv_layerwise_std"": true, ""kv_loss_type"": ""l1"", ""kv_weight"": 0.0, ""log_kv_regions"": true}}","1*block; t=zero, span=1",alpamayo1_5_distill.models.kd_model.KDReasoningVLA.from_pretrained_vlm,/data/achahe/alpasim/huggingface/hub/models--Qwen--Qwen3-VL-4B-Instruct/snapshots/ebb281ec70b05090aa6165b016eac8ec08e71b17,,,1e-05,"{""vlm.model.visual"": 0.1}",alpamayo.data.pai.PAIDataset,/data/datasets/physical_ai_av/,/data/datasets/physical_ai_av/lcdrive_physicalai_av_manifests/lcdrive_train_clip_uuids.txt,,0-120,"[0, 1, 2, 3]",default keyframe,False,True,True,0
/data/achahe/alpamayo-recipes/recipes/alpamayo1_5_distill/training/smoke_block2,0,0,,/data/achahe/alpamayo-recipes/recipes/alpamayo1_5_distill/training/smoke_block2/config.yaml,,smoke_block2,excluded: below one epoch / no completion evidence,VLM cache / block / field distillation and CE controls,"{""kd"": {""block_weight"": 1.0, ""ce_weight"": 0.0, ""kd_temperature"": 1.0, ""kd_weight"": 0.0, ""kv_align"": ""direct"", ""kv_layerwise_std"": true, ""kv_loss_type"": ""l1"", ""kv_weight"": 0.0, ""log_kv_regions"": true}}","1*block; t=zero, span=1",alpamayo1_5_distill.models.kd_model.KDReasoningVLA.from_pretrained_vlm,/data/achahe/alpasim/huggingface/hub/models--Qwen--Qwen3-VL-4B-Instruct/snapshots/ebb281ec70b05090aa6165b016eac8ec08e71b17,,,1e-05,"{""vlm.model.visual"": 0.1}",alpamayo.data.pai.PAIDataset,/data/datasets/physical_ai_av/,/data/datasets/physical_ai_av/lcdrive_physicalai_av_manifests/lcdrive_train_clip_uuids.txt,,0-120,"[0, 1, 2, 3]",default keyframe,False,True,True,0
/data/achahe/alpamayo-recipes/recipes/alpamayo1_5_distill/training/smoke_block3,0,0,,/data/achahe/alpamayo-recipes/recipes/alpamayo1_5_distill/training/smoke_block3/config.yaml,,smoke_block3,excluded: below one epoch / no completion evidence,VLM cache / block / field distillation and CE controls,"{""kd"": {""block_weight"": 1.0, ""ce_weight"": 0.0, ""kd_temperature"": 1.0, ""kd_weight"": 0.0, ""kv_align"": ""direct"", ""kv_layerwise_std"": true, ""kv_loss_type"": ""l1"", ""kv_weight"": 0.0, ""log_kv_regions"": true}}","1*block; t=zero, span=1",alpamayo1_5_distill.models.kd_model.KDReasoningVLA.from_pretrained_vlm,/data/achahe/alpasim/huggingface/hub/models--Qwen--Qwen3-VL-4B-Instruct/snapshots/ebb281ec70b05090aa6165b016eac8ec08e71b17,,,1e-05,"{""vlm.model.visual"": 0.1}",alpamayo.data.pai.PAIDataset,/data/datasets/physical_ai_av/,/data/datasets/physical_ai_av/lcdrive_physicalai_av_manifests/lcdrive_train_clip_uuids.txt,,0-120,"[0, 1, 2, 3]",default keyframe,False,True,True,0
/data/achahe/alpamayo-recipes/recipes/alpamayo1_5_distill/training/smoke_calib,0,0,,/data/achahe/alpamayo-recipes/recipes/alpamayo1_5_distill/training/smoke_calib/config.yaml,,smoke_calib,excluded: below one epoch / no completion evidence,VLM cache / block / field distillation and CE controls,"{""kd"": {""kd_temperature"": 1.0, ""kd_weight"": 0.70921, ""kv_align"": ""direct"", ""kv_layerwise_std"": true, ""kv_loss_type"": ""l1"", ""kv_weight"": 45.409, ""log_kv_regions"": true}}",1*CE + 0.70921*logit KD + 45.409*KV,alpamayo1_5_distill.models.kd_model.KDReasoningVLA.from_pretrained_vlm,/data/achahe/alpasim/huggingface/hub/models--Qwen--Qwen3-VL-4B-Instruct/snapshots/ebb281ec70b05090aa6165b016eac8ec08e71b17,,,1e-05,"{""vlm.model.visual"": 0.1}",alpamayo.data.pai.PAIDataset,/data/datasets/physical_ai_av/,/data/datasets/physical_ai_av/lcdrive_physicalai_av_manifests/lcdrive_train_clip_uuids.txt,,0-120,"[0, 1, 2, 3]",default keyframe,False,True,True,0
/data/achahe/alpamayo-recipes/recipes/alpamayo1_5_distill/training/smoke_ce,0,0,,/data/achahe/alpamayo-recipes/recipes/alpamayo1_5_distill/training/smoke_ce/config.yaml,,smoke_ce,excluded: below one epoch / no completion evidence,VLM cache / block / field distillation and CE controls,"{""kd"": {""kd_temperature"": 1.0, ""kd_weight"": 0.0, ""kv_align"": ""direct"", ""kv_layerwise_std"": true, ""kv_loss_type"": ""l1"", ""kv_weight"": 0.0, ""log_kv_regions"": true}}",1*CE,alpamayo1_5_distill.models.kd_model.KDReasoningVLA.from_pretrained_vlm,/data/achahe/alpasim/huggingface/hub/models--Qwen--Qwen3-VL-4B-Instruct/snapshots/ebb281ec70b05090aa6165b016eac8ec08e71b17,,,1e-05,"{""vlm.model.visual"": 0.1}",alpamayo.data.pai.PAIDataset,/data/datasets/physical_ai_av/,/data/datasets/physical_ai_av/lcdrive_physicalai_av_manifests/lcdrive_train_clip_uuids.txt,,0-120,"[0, 1, 2, 3]",default keyframe,False,True,True,0
/data/achahe/alpamayo-recipes/recipes/alpamayo1_5_distill/training/smoke_kd_4b,0,0,,/data/achahe/alpamayo-recipes/recipes/alpamayo1_5_distill/training/smoke_kd_4b/config.yaml,,smoke_kd_4b,excluded: below one epoch / no completion evidence,VLM cache / block / field distillation and CE controls,"{""kd"": {""kd_temperature"": 1.0, ""kd_weight"": 1.0, ""kv_align"": ""direct"", ""kv_layerwise_std"": true, ""kv_loss_type"": ""l1"", ""kv_weight"": 1.0, ""log_kv_regions"": true}}",1*CE + 1*logit KD + 1*KV,alpamayo1_5_distill.models.kd_model.KDReasoningVLA.from_pretrained_vlm,/data/achahe/alpasim/huggingface/hub/models--Qwen--Qwen3-VL-4B-Instruct/snapshots/ebb281ec70b05090aa6165b016eac8ec08e71b17,,,1e-05,"{""vlm.model.visual"": 0.1}",alpamayo.data.pai.PAIDataset,/data/datasets/physical_ai_av/,/data/datasets/physical_ai_av/lcdrive_physicalai_av_manifests/lcdrive_train_clip_uuids.txt,,0-120,"[0, 1, 2, 3]",default keyframe,False,True,True,0
/data/achahe/alpamayo-recipes/recipes/alpamayo1_5_distill/training/smoke_kvonly,0,0,,/data/achahe/alpamayo-recipes/recipes/alpamayo1_5_distill/training/smoke_kvonly/config.yaml,,smoke_kvonly,excluded: below one epoch / no completion evidence,VLM cache / block / field distillation and CE controls,"{""kd"": {""ce_weight"": 0.0, ""kd_temperature"": 1.0, ""kd_weight"": 0.0, ""kv_align"": ""direct"", ""kv_layerwise_std"": true, ""kv_loss_type"": ""l1"", ""kv_weight"": 45.409, ""log_kv_regions"": true}}",45.409*KV,alpamayo1_5_distill.models.kd_model.KDReasoningVLA.from_pretrained_vlm,/data/achahe/alpasim/huggingface/hub/models--Qwen--Qwen3-VL-4B-Instruct/snapshots/ebb281ec70b05090aa6165b016eac8ec08e71b17,,,1e-05,"{""vlm.model.visual"": 0.1}",alpamayo.data.pai.PAIDataset,/data/datasets/physical_ai_av/,/data/datasets/physical_ai_av/lcdrive_physicalai_av_manifests/lcdrive_train_clip_uuids.txt,,0-120,"[0, 1, 2, 3]",default keyframe,False,True,True,0
/data/achahe/alpamayo-recipes/recipes/alpamayo1_5_distill/training/output_stage1_kava_cosmos2b_lcdrive,3.0,7191,/data/achahe/alpamayo-recipes/recipes/alpamayo1_5_distill/training/kavatrain_365.out,/data/achahe/alpamayo-recipes/recipes/alpamayo1_5_distill/training/kavatrain_365.out,Historical 3-epoch run; directory reused; checkpoint-7191 no longer present,kava_historical_3epoch_7191,included,KAVA latent-slot distillation and controls,"{""kava"": {""jacobi_iters"": 1, ""kv_align"": ""projector"", ""kv_layer_map"": null, ""kv_layerwise_std"": true, ""kv_loss_type"": ""smooth_l1"", ""kv_loss_weight"": 1.0, ""num_slots"": 8, ""slot_init"": ""vocab"", ""slot_init_cot_text"": ""/data/achahe/alpamayo-recipes/recipes/alpamayo1_5_distill/training/teacher_kv_lcdrive"", ""slot_init_std"": 0.02, ""teacher_layers"": 36}, ""latent_cosine_weight"": 0.1, ""latent_loss_weight"": 0.01}","CE + 0.01*latent + 1*KV; M=8, T=1, smooth_l1",alpamayo1_5_distill.models.kava_model.KaVaReasoningVLA.from_pretrained_vlm,/data/achahe/alpasim/huggingface/hub/Cosmos-Reason2-2B,/data/achahe/alpamayo-recipes/recipes/alpamayo1_5_sft/training/output_stage1_cosmos2b_lcdrive/checkpoint-3597,,1e-05,"{""vlm.model.visual"": 0.1, ""latent_proj"": 10.0, ""kv_projector"": 5.0, ""slot_embeddings"": 10.0, ""jacobi_proj"": 5.0}",alpamayo1_5_distill.data.kava_dataset.KaVaPAIDataset,/data/datasets/physical_ai_av/,/data/datasets/physical_ai_av/lcdrive_physicalai_av_manifests/lcdrive_train_clip_uuids.txt,,0-3146,"[0, 1, 2, 3]",default keyframe,False,False,False,3
